ISO-10303-21;
HEADER;
/* Generated by software containing ST-Developer
 * from STEP Tools, Inc. (www.steptools.com) 
 */

FILE_DESCRIPTION(
/* description */ (''),
/* implementation_level */ '2;1');

FILE_NAME(
/* name */ 'E:\\1. KULIAH PENSSS\\waprasta\\NFC PN532.stp',
/* time_stamp */ '2025-09-30T15:15:06+07:00',
/* author */ ('dinoo'),
/* organization */ (''),
/* preprocessor_version */ 'ST-DEVELOPER v19',
/* originating_system */ 'Autodesk Inventor 2023',
/* authorisation */ '');

FILE_SCHEMA (('AUTOMOTIVE_DESIGN { 1 0 10303 214 3 1 1 }'));
ENDSEC;

DATA;
#10=MECHANICAL_DESIGN_GEOMETRIC_PRESENTATION_REPRESENTATION('',(#103,#104,
#105,#106,#107,#108,#109,#110,#111,#112,#113),#14647);
#11=GEOMETRICALLY_BOUNDED_WIREFRAME_SHAPE_REPRESENTATION('',(#12),#14646);
#12=GEOMETRIC_CURVE_SET('Sketch5',(#14643));
#13=SHAPE_REPRESENTATION_RELATIONSHIP('SRR','None',#14654,#15);
#14=SHAPE_REPRESENTATION_RELATIONSHIP('SRR','None',#14654,#11);
#15=ADVANCED_BREP_SHAPE_REPRESENTATION('',(#16),#14646);
#16=MANIFOLD_SOLID_BREP('Solid1',#8633);
#17=(
BOUNDED_SURFACE()
B_SPLINE_SURFACE(2,2,((#13530,#13531,#13532),(#13533,#13534,#13535),(#13536,
#13537,#13538)),.UNSPECIFIED.,.F.,.F.,.F.)
B_SPLINE_SURFACE_WITH_KNOTS((3,3),(3,3),(0.,1.5707963267949),(-3.14159265358979,
-1.5707963267949),.UNSPECIFIED.)
GEOMETRIC_REPRESENTATION_ITEM()
RATIONAL_B_SPLINE_SURFACE(((1.,0.707106781186548,1.),(0.707106781186545,
0.499999999999998,0.707106781186545),(1.,0.707106781186548,1.)))
REPRESENTATION_ITEM('')
SURFACE()
);
#18=(
BOUNDED_SURFACE()
B_SPLINE_SURFACE(2,2,((#13553,#13554,#13555),(#13556,#13557,#13558),(#13559,
#13560,#13561)),.UNSPECIFIED.,.F.,.F.,.F.)
B_SPLINE_SURFACE_WITH_KNOTS((3,3),(3,3),(0.,1.5707963267949),(-1.5707963267949,
0.),.UNSPECIFIED.)
GEOMETRIC_REPRESENTATION_ITEM()
RATIONAL_B_SPLINE_SURFACE(((1.,0.707106781186547,1.),(0.707106781186541,
0.499999999999995,0.707106781186541),(1.,0.707106781186547,1.)))
REPRESENTATION_ITEM('')
SURFACE()
);
#19=(
BOUNDED_SURFACE()
B_SPLINE_SURFACE(2,2,((#13573,#13574,#13575),(#13576,#13577,#13578),(#13579,
#13580,#13581)),.UNSPECIFIED.,.F.,.F.,.F.)
B_SPLINE_SURFACE_WITH_KNOTS((3,3),(3,3),(0.,1.5707963267949),(0.,1.5707963267949),
 .UNSPECIFIED.)
GEOMETRIC_REPRESENTATION_ITEM()
RATIONAL_B_SPLINE_SURFACE(((1.,0.707106781186548,1.),(0.707106781186543,
0.499999999999997,0.707106781186543),(1.,0.707106781186548,1.)))
REPRESENTATION_ITEM('')
SURFACE()
);
#20=(
BOUNDED_SURFACE()
B_SPLINE_SURFACE(2,2,((#13593,#13594,#13595),(#13596,#13597,#13598),(#13599,
#13600,#13601)),.UNSPECIFIED.,.F.,.F.,.F.)
B_SPLINE_SURFACE_WITH_KNOTS((3,3),(3,3),(0.,1.5707963267949),(1.5707963267949,
3.14159265358979),.UNSPECIFIED.)
GEOMETRIC_REPRESENTATION_ITEM()
RATIONAL_B_SPLINE_SURFACE(((1.,0.707106781186547,1.),(0.707106781186543,
0.499999999999997,0.707106781186543),(1.,0.707106781186547,1.)))
REPRESENTATION_ITEM('')
SURFACE()
);
#21=CYLINDRICAL_SURFACE('',#8794,11.7166279242012);
#22=CYLINDRICAL_SURFACE('',#8797,15.5021592959273);
#23=CYLINDRICAL_SURFACE('',#8819,1.);
#24=CYLINDRICAL_SURFACE('',#8824,1.);
#25=CYLINDRICAL_SURFACE('',#8829,1.);
#26=CYLINDRICAL_SURFACE('',#8834,1.);
#27=CYLINDRICAL_SURFACE('',#8836,2.00000000000001);
#28=CYLINDRICAL_SURFACE('',#8838,2.);
#29=CYLINDRICAL_SURFACE('',#9010,0.4);
#30=CYLINDRICAL_SURFACE('',#9012,0.4);
#31=CYLINDRICAL_SURFACE('',#9014,0.4);
#32=CYLINDRICAL_SURFACE('',#9016,0.4);
#33=CYLINDRICAL_SURFACE('',#9018,0.4);
#34=CYLINDRICAL_SURFACE('',#9020,0.4);
#35=CYLINDRICAL_SURFACE('',#9022,0.4);
#36=CYLINDRICAL_SURFACE('',#9024,0.4);
#37=CYLINDRICAL_SURFACE('',#9026,0.4);
#38=CYLINDRICAL_SURFACE('',#9028,0.4);
#39=CYLINDRICAL_SURFACE('',#9030,0.4);
#40=CYLINDRICAL_SURFACE('',#9032,0.4);
#41=CYLINDRICAL_SURFACE('',#9060,2.);
#42=CYLINDRICAL_SURFACE('',#9062,2.);
#43=CYLINDRICAL_SURFACE('',#9063,1.5);
#44=CYLINDRICAL_SURFACE('',#9065,1.5);
#45=CYLINDRICAL_SURFACE('',#9067,1.5);
#46=CYLINDRICAL_SURFACE('',#9069,1.5);
#47=CIRCLE('',#8758,15.5021592959273);
#48=CIRCLE('',#8759,2.00000000000001);
#49=CIRCLE('',#8760,2.);
#50=CIRCLE('',#8761,2.);
#51=CIRCLE('',#8762,2.);
#52=CIRCLE('',#8763,1.5);
#53=CIRCLE('',#8764,1.5);
#54=CIRCLE('',#8765,1.5);
#55=CIRCLE('',#8766,1.5);
#56=CIRCLE('',#8769,0.4);
#57=CIRCLE('',#8770,0.4);
#58=CIRCLE('',#8771,0.4);
#59=CIRCLE('',#8772,0.4);
#60=CIRCLE('',#8773,0.4);
#61=CIRCLE('',#8774,0.4);
#62=CIRCLE('',#8775,0.4);
#63=CIRCLE('',#8776,0.4);
#64=CIRCLE('',#8777,0.4);
#65=CIRCLE('',#8778,0.4);
#66=CIRCLE('',#8779,0.4);
#67=CIRCLE('',#8780,0.4);
#68=CIRCLE('',#8795,11.7166279242012);
#69=CIRCLE('',#8796,11.7166279242012);
#70=CIRCLE('',#8798,15.5021592959273);
#71=CIRCLE('',#8815,1.);
#72=CIRCLE('',#8816,2.);
#73=CIRCLE('',#8817,0.999999999999994);
#74=CIRCLE('',#8818,1.);
#75=CIRCLE('',#8820,1.);
#76=CIRCLE('',#8821,0.999999999999992);
#77=CIRCLE('',#8822,1.00000000000001);
#78=CIRCLE('',#8823,2.00000000000001);
#79=CIRCLE('',#8825,0.999999999999999);
#80=CIRCLE('',#8826,0.999999999999996);
#81=CIRCLE('',#8827,1.);
#82=CIRCLE('',#8828,2.);
#83=CIRCLE('',#8830,1.);
#84=CIRCLE('',#8831,1.);
#85=CIRCLE('',#8832,1.);
#86=CIRCLE('',#8833,2.);
#87=CIRCLE('',#9011,0.4);
#88=CIRCLE('',#9013,0.4);
#89=CIRCLE('',#9015,0.4);
#90=CIRCLE('',#9017,0.4);
#91=CIRCLE('',#9019,0.4);
#92=CIRCLE('',#9021,0.4);
#93=CIRCLE('',#9023,0.4);
#94=CIRCLE('',#9025,0.4);
#95=CIRCLE('',#9027,0.4);
#96=CIRCLE('',#9029,0.4);
#97=CIRCLE('',#9031,0.4);
#98=CIRCLE('',#9033,0.4);
#99=CIRCLE('',#9064,1.5);
#100=CIRCLE('',#9066,1.5);
#101=CIRCLE('',#9068,1.5);
#102=CIRCLE('',#9070,1.5);
#103=STYLED_ITEM('',(#14665),#8357);
#104=STYLED_ITEM('',(#14665),#8358);
#105=STYLED_ITEM('',(#14665),#8359);
#106=STYLED_ITEM('',(#14665),#8360);
#107=STYLED_ITEM('',(#14665),#8361);
#108=STYLED_ITEM('',(#14665),#8399);
#109=STYLED_ITEM('',(#14666),#8599);
#110=STYLED_ITEM('',(#14667),#8604);
#111=STYLED_ITEM('',(#14665),#8605);
#112=STYLED_ITEM('',(#14668),#8619);
#113=STYLED_ITEM('',(#14664),#16);
#114=FACE_BOUND('',#989,.T.);
#115=FACE_BOUND('',#1021,.T.);
#116=FACE_BOUND('',#1035,.T.);
#117=FACE_BOUND('',#1088,.T.);
#118=FACE_BOUND('',#1108,.T.);
#119=FACE_BOUND('',#1169,.T.);
#120=FACE_BOUND('',#1170,.T.);
#121=FACE_BOUND('',#1171,.T.);
#122=FACE_BOUND('',#1172,.T.);
#123=FACE_BOUND('',#1173,.T.);
#124=FACE_BOUND('',#1174,.T.);
#125=FACE_BOUND('',#1175,.T.);
#126=FACE_BOUND('',#1176,.T.);
#127=FACE_BOUND('',#1177,.T.);
#128=FACE_BOUND('',#1178,.T.);
#129=FACE_BOUND('',#1179,.T.);
#130=FACE_BOUND('',#1180,.T.);
#131=FACE_BOUND('',#1181,.T.);
#132=FACE_BOUND('',#1182,.T.);
#133=FACE_BOUND('',#1183,.T.);
#134=FACE_BOUND('',#1184,.T.);
#135=FACE_BOUND('',#1185,.T.);
#136=FACE_BOUND('',#1186,.T.);
#137=FACE_BOUND('',#1187,.T.);
#138=FACE_BOUND('',#1188,.T.);
#139=FACE_BOUND('',#1189,.T.);
#140=FACE_BOUND('',#1190,.T.);
#141=FACE_BOUND('',#1191,.T.);
#142=FACE_BOUND('',#1194,.T.);
#143=FACE_BOUND('',#1195,.T.);
#144=FACE_BOUND('',#1196,.T.);
#145=FACE_BOUND('',#1197,.T.);
#146=FACE_BOUND('',#1198,.T.);
#147=FACE_BOUND('',#1199,.T.);
#148=FACE_BOUND('',#1200,.T.);
#149=FACE_BOUND('',#1201,.T.);
#150=FACE_BOUND('',#1202,.T.);
#151=FACE_BOUND('',#1203,.T.);
#152=FACE_BOUND('',#1204,.T.);
#153=FACE_BOUND('',#1205,.T.);
#154=FACE_BOUND('',#1222,.T.);
#155=FACE_BOUND('',#1447,.T.);
#156=FACE_BOUND('',#1448,.T.);
#157=FACE_BOUND('',#1449,.T.);
#158=FACE_BOUND('',#1450,.T.);
#159=FACE_BOUND('',#1451,.T.);
#160=FACE_BOUND('',#1452,.T.);
#161=FACE_BOUND('',#1453,.T.);
#162=FACE_BOUND('',#1454,.T.);
#163=FACE_BOUND('',#1460,.T.);
#164=FACE_BOUND('',#1461,.T.);
#165=FACE_BOUND('',#1462,.T.);
#166=FACE_BOUND('',#1463,.T.);
#167=FACE_BOUND('',#1464,.T.);
#168=FACE_BOUND('',#1465,.T.);
#169=FACE_BOUND('',#1466,.T.);
#170=FACE_BOUND('',#1467,.T.);
#171=FACE_BOUND('',#1468,.T.);
#172=FACE_BOUND('',#1469,.T.);
#173=FACE_BOUND('',#1470,.T.);
#174=FACE_BOUND('',#1471,.T.);
#175=FACE_BOUND('',#1472,.T.);
#176=FACE_BOUND('',#1473,.T.);
#177=FACE_BOUND('',#1474,.T.);
#178=FACE_BOUND('',#1475,.T.);
#179=FACE_BOUND('',#1476,.T.);
#180=FACE_BOUND('',#1477,.T.);
#181=FACE_BOUND('',#1478,.T.);
#182=FACE_BOUND('',#1479,.T.);
#183=FACE_BOUND('',#1480,.T.);
#184=FACE_BOUND('',#1481,.T.);
#185=FACE_BOUND('',#1482,.T.);
#186=FACE_BOUND('',#1483,.T.);
#187=FACE_BOUND('',#1484,.T.);
#188=FACE_BOUND('',#1485,.T.);
#189=FACE_BOUND('',#1487,.T.);
#190=FACE_BOUND('',#1488,.T.);
#191=FACE_BOUND('',#1489,.T.);
#192=FACE_BOUND('',#1517,.T.);
#193=FACE_BOUND('',#1518,.T.);
#194=FACE_BOUND('',#1519,.T.);
#195=FACE_BOUND('',#1520,.T.);
#196=FACE_BOUND('',#1521,.T.);
#197=FACE_BOUND('',#1522,.T.);
#198=FACE_BOUND('',#1523,.T.);
#199=FACE_BOUND('',#1524,.T.);
#200=FACE_BOUND('',#1525,.T.);
#201=FACE_BOUND('',#1526,.T.);
#202=FACE_BOUND('',#1527,.T.);
#203=FACE_BOUND('',#1528,.T.);
#204=FACE_BOUND('',#1529,.T.);
#205=FACE_BOUND('',#1530,.T.);
#206=FACE_BOUND('',#1531,.T.);
#207=FACE_BOUND('',#1532,.T.);
#208=B_SPLINE_CURVE_WITH_KNOTS('',2,(#10884,#10885,#10886,#10887),
 .UNSPECIFIED.,.F.,.F.,(3,1,3),(0.,1.,2.),.UNSPECIFIED.);
#209=B_SPLINE_CURVE_WITH_KNOTS('',2,(#10890,#10891,#10892,#10893),
 .UNSPECIFIED.,.F.,.F.,(3,1,3),(-2.,-1.,0.),.UNSPECIFIED.);
#210=B_SPLINE_CURVE_WITH_KNOTS('',2,(#10902,#10903,#10904,#10905),
 .UNSPECIFIED.,.F.,.F.,(3,1,3),(0.,1.,2.),.UNSPECIFIED.);
#211=B_SPLINE_CURVE_WITH_KNOTS('',2,(#10906,#10907,#10908,#10909),
 .UNSPECIFIED.,.F.,.F.,(3,1,3),(-2.,-1.,0.),.UNSPECIFIED.);
#212=B_SPLINE_CURVE_WITH_KNOTS('',2,(#10920,#10921,#10922,#10923),
 .UNSPECIFIED.,.F.,.F.,(3,1,3),(0.,1.,2.),.UNSPECIFIED.);
#213=B_SPLINE_CURVE_WITH_KNOTS('',2,(#10927,#10928,#10929,#10930),
 .UNSPECIFIED.,.F.,.F.,(3,1,3),(-2.,-1.,0.),.UNSPECIFIED.);
#214=B_SPLINE_CURVE_WITH_KNOTS('',2,(#10941,#10942,#10943,#10944),
 .UNSPECIFIED.,.F.,.F.,(3,1,3),(0.,1.,2.),.UNSPECIFIED.);
#215=B_SPLINE_CURVE_WITH_KNOTS('',2,(#10946,#10947,#10948,#10949),
 .UNSPECIFIED.,.F.,.F.,(3,1,3),(-2.,-1.,0.),.UNSPECIFIED.);
#216=B_SPLINE_CURVE_WITH_KNOTS('',2,(#10972,#10973,#10974,#10975),
 .UNSPECIFIED.,.F.,.F.,(3,1,3),(0.,1.,2.),.UNSPECIFIED.);
#217=B_SPLINE_CURVE_WITH_KNOTS('',2,(#10977,#10978,#10979,#10980),
 .UNSPECIFIED.,.F.,.F.,(3,1,3),(-2.,-1.,0.),.UNSPECIFIED.);
#218=B_SPLINE_CURVE_WITH_KNOTS('',2,(#10991,#10992,#10993,#10994),
 .UNSPECIFIED.,.F.,.F.,(3,1,3),(0.,1.,2.),.UNSPECIFIED.);
#219=B_SPLINE_CURVE_WITH_KNOTS('',2,(#10996,#10997,#10998,#10999),
 .UNSPECIFIED.,.F.,.F.,(3,1,3),(-2.,-1.,0.),.UNSPECIFIED.);
#220=B_SPLINE_CURVE_WITH_KNOTS('',2,(#11010,#11011,#11012,#11013),
 .UNSPECIFIED.,.F.,.F.,(3,1,3),(0.,1.,2.),.UNSPECIFIED.);
#221=B_SPLINE_CURVE_WITH_KNOTS('',2,(#11015,#11016,#11017,#11018),
 .UNSPECIFIED.,.F.,.F.,(3,1,3),(-2.,-1.,0.),.UNSPECIFIED.);
#222=B_SPLINE_CURVE_WITH_KNOTS('',2,(#11029,#11030,#11031,#11032),
 .UNSPECIFIED.,.F.,.F.,(3,1,3),(0.,1.,2.),.UNSPECIFIED.);
#223=B_SPLINE_CURVE_WITH_KNOTS('',2,(#11034,#11035,#11036,#11037),
 .UNSPECIFIED.,.F.,.F.,(3,1,3),(-2.,-1.,0.),.UNSPECIFIED.);
#224=B_SPLINE_CURVE_WITH_KNOTS('',2,(#11060,#11061,#11062,#11063),
 .UNSPECIFIED.,.F.,.F.,(3,1,3),(0.,1.,2.),.UNSPECIFIED.);
#225=B_SPLINE_CURVE_WITH_KNOTS('',2,(#11065,#11066,#11067,#11068),
 .UNSPECIFIED.,.F.,.F.,(3,1,3),(-2.,-1.,0.),.UNSPECIFIED.);
#226=B_SPLINE_CURVE_WITH_KNOTS('',2,(#11079,#11080,#11081,#11082),
 .UNSPECIFIED.,.F.,.F.,(3,1,3),(0.,1.,2.),.UNSPECIFIED.);
#227=B_SPLINE_CURVE_WITH_KNOTS('',2,(#11084,#11085,#11086,#11087),
 .UNSPECIFIED.,.F.,.F.,(3,1,3),(-2.,-1.,0.),.UNSPECIFIED.);
#228=B_SPLINE_CURVE_WITH_KNOTS('',2,(#11097,#11098,#11099,#11100),
 .UNSPECIFIED.,.F.,.F.,(3,1,3),(0.,1.,2.),.UNSPECIFIED.);
#229=B_SPLINE_CURVE_WITH_KNOTS('',2,(#11101,#11102,#11103,#11104),
 .UNSPECIFIED.,.F.,.F.,(3,1,3),(-2.,-1.,0.),.UNSPECIFIED.);
#230=B_SPLINE_CURVE_WITH_KNOTS('',2,(#11124,#11125,#11126,#11127),
 .UNSPECIFIED.,.F.,.F.,(3,1,3),(0.,1.,2.),.UNSPECIFIED.);
#231=B_SPLINE_CURVE_WITH_KNOTS('',2,(#11129,#11130,#11131,#11132),
 .UNSPECIFIED.,.F.,.F.,(3,1,3),(-2.,-1.,0.),.UNSPECIFIED.);
#232=B_SPLINE_CURVE_WITH_KNOTS('',2,(#11143,#11144,#11145,#11146),
 .UNSPECIFIED.,.F.,.F.,(3,1,3),(0.,1.,2.),.UNSPECIFIED.);
#233=B_SPLINE_CURVE_WITH_KNOTS('',2,(#11148,#11149,#11150,#11151),
 .UNSPECIFIED.,.F.,.F.,(3,1,3),(-2.,-1.,0.),.UNSPECIFIED.);
#234=B_SPLINE_CURVE_WITH_KNOTS('',2,(#11180,#11181,#11182,#11183),
 .UNSPECIFIED.,.F.,.F.,(3,1,3),(0.,1.,2.),.UNSPECIFIED.);
#235=B_SPLINE_CURVE_WITH_KNOTS('',2,(#11185,#11186,#11187,#11188),
 .UNSPECIFIED.,.F.,.F.,(3,1,3),(-2.,-1.,0.),.UNSPECIFIED.);
#236=B_SPLINE_CURVE_WITH_KNOTS('',2,(#11199,#11200,#11201,#11202),
 .UNSPECIFIED.,.F.,.F.,(3,1,3),(0.,1.,2.),.UNSPECIFIED.);
#237=B_SPLINE_CURVE_WITH_KNOTS('',2,(#11204,#11205,#11206,#11207),
 .UNSPECIFIED.,.F.,.F.,(3,1,3),(-2.,-1.,0.),.UNSPECIFIED.);
#238=B_SPLINE_CURVE_WITH_KNOTS('',2,(#11218,#11219,#11220,#11221),
 .UNSPECIFIED.,.F.,.F.,(3,1,3),(0.,1.,2.),.UNSPECIFIED.);
#239=B_SPLINE_CURVE_WITH_KNOTS('',2,(#11223,#11224,#11225,#11226),
 .UNSPECIFIED.,.F.,.F.,(3,1,3),(-2.,-1.,0.),.UNSPECIFIED.);
#240=B_SPLINE_CURVE_WITH_KNOTS('',2,(#11260,#11261,#11262,#11263),
 .UNSPECIFIED.,.F.,.F.,(3,1,3),(0.,1.,2.),.UNSPECIFIED.);
#241=B_SPLINE_CURVE_WITH_KNOTS('',2,(#11267,#11268,#11269,#11270),
 .UNSPECIFIED.,.F.,.F.,(3,1,3),(-2.,-1.,0.),.UNSPECIFIED.);
#242=B_SPLINE_CURVE_WITH_KNOTS('',2,(#11281,#11282,#11283,#11284),
 .UNSPECIFIED.,.F.,.F.,(3,1,3),(0.,1.,2.),.UNSPECIFIED.);
#243=B_SPLINE_CURVE_WITH_KNOTS('',2,(#11287,#11288,#11289,#11290),
 .UNSPECIFIED.,.F.,.F.,(3,1,3),(-2.,-1.,0.),.UNSPECIFIED.);
#244=B_SPLINE_CURVE_WITH_KNOTS('',2,(#11300,#11301,#11302,#11303),
 .UNSPECIFIED.,.F.,.F.,(3,1,3),(0.,1.,2.),.UNSPECIFIED.);
#245=B_SPLINE_CURVE_WITH_KNOTS('',2,(#11306,#11307,#11308,#11309),
 .UNSPECIFIED.,.F.,.F.,(3,1,3),(-2.,-1.,0.),.UNSPECIFIED.);
#246=B_SPLINE_CURVE_WITH_KNOTS('',2,(#11319,#11320,#11321,#11322),
 .UNSPECIFIED.,.F.,.F.,(3,1,3),(0.,1.,2.),.UNSPECIFIED.);
#247=B_SPLINE_CURVE_WITH_KNOTS('',2,(#11325,#11326,#11327,#11328),
 .UNSPECIFIED.,.F.,.F.,(3,1,3),(-2.,-1.,0.),.UNSPECIFIED.);
#248=B_SPLINE_CURVE_WITH_KNOTS('',2,(#11350,#11351,#11352,#11353),
 .UNSPECIFIED.,.F.,.F.,(3,1,3),(0.,1.,2.),.UNSPECIFIED.);
#249=B_SPLINE_CURVE_WITH_KNOTS('',2,(#11355,#11356,#11357,#11358),
 .UNSPECIFIED.,.F.,.F.,(3,1,3),(-2.,-1.,0.),.UNSPECIFIED.);
#250=B_SPLINE_CURVE_WITH_KNOTS('',2,(#11369,#11370,#11371,#11372),
 .UNSPECIFIED.,.F.,.F.,(3,1,3),(0.,1.,2.),.UNSPECIFIED.);
#251=B_SPLINE_CURVE_WITH_KNOTS('',2,(#11374,#11375,#11376,#11377),
 .UNSPECIFIED.,.F.,.F.,(3,1,3),(-2.,-1.,0.),.UNSPECIFIED.);
#252=B_SPLINE_CURVE_WITH_KNOTS('',2,(#11388,#11389,#11390,#11391),
 .UNSPECIFIED.,.F.,.F.,(3,1,3),(0.,1.,2.),.UNSPECIFIED.);
#253=B_SPLINE_CURVE_WITH_KNOTS('',2,(#11393,#11394,#11395,#11396),
 .UNSPECIFIED.,.F.,.F.,(3,1,3),(-2.,-1.,0.),.UNSPECIFIED.);
#254=B_SPLINE_CURVE_WITH_KNOTS('',2,(#11407,#11408,#11409,#11410),
 .UNSPECIFIED.,.F.,.F.,(3,1,3),(0.,1.,2.),.UNSPECIFIED.);
#255=B_SPLINE_CURVE_WITH_KNOTS('',2,(#11412,#11413,#11414,#11415),
 .UNSPECIFIED.,.F.,.F.,(3,1,3),(-2.,-1.,0.),.UNSPECIFIED.);
#256=B_SPLINE_CURVE_WITH_KNOTS('',2,(#11426,#11427,#11428,#11429),
 .UNSPECIFIED.,.F.,.F.,(3,1,3),(0.,1.,2.),.UNSPECIFIED.);
#257=B_SPLINE_CURVE_WITH_KNOTS('',2,(#11431,#11432,#11433,#11434),
 .UNSPECIFIED.,.F.,.F.,(3,1,3),(-2.,-1.,0.),.UNSPECIFIED.);
#258=B_SPLINE_CURVE_WITH_KNOTS('',2,(#11445,#11446,#11447,#11448),
 .UNSPECIFIED.,.F.,.F.,(3,1,3),(0.,1.,2.),.UNSPECIFIED.);
#259=B_SPLINE_CURVE_WITH_KNOTS('',2,(#11450,#11451,#11452,#11453),
 .UNSPECIFIED.,.F.,.F.,(3,1,3),(-2.,-1.,0.),.UNSPECIFIED.);
#260=B_SPLINE_CURVE_WITH_KNOTS('',2,(#11487,#11488,#11489,#11490),
 .UNSPECIFIED.,.F.,.F.,(3,1,3),(0.,1.,2.),.UNSPECIFIED.);
#261=B_SPLINE_CURVE_WITH_KNOTS('',2,(#11494,#11495,#11496,#11497),
 .UNSPECIFIED.,.F.,.F.,(3,1,3),(-2.,-1.,0.),.UNSPECIFIED.);
#262=B_SPLINE_CURVE_WITH_KNOTS('',2,(#11508,#11509,#11510,#11511),
 .UNSPECIFIED.,.F.,.F.,(3,1,3),(0.,1.,2.),.UNSPECIFIED.);
#263=B_SPLINE_CURVE_WITH_KNOTS('',2,(#11514,#11515,#11516,#11517),
 .UNSPECIFIED.,.F.,.F.,(3,1,3),(-2.,-1.,0.),.UNSPECIFIED.);
#264=B_SPLINE_CURVE_WITH_KNOTS('',2,(#11527,#11528,#11529,#11530),
 .UNSPECIFIED.,.F.,.F.,(3,1,3),(0.,1.,2.),.UNSPECIFIED.);
#265=B_SPLINE_CURVE_WITH_KNOTS('',2,(#11533,#11534,#11535,#11536),
 .UNSPECIFIED.,.F.,.F.,(3,1,3),(-2.,-1.,0.),.UNSPECIFIED.);
#266=B_SPLINE_CURVE_WITH_KNOTS('',2,(#11546,#11547,#11548,#11549),
 .UNSPECIFIED.,.F.,.F.,(3,1,3),(0.,1.,2.),.UNSPECIFIED.);
#267=B_SPLINE_CURVE_WITH_KNOTS('',2,(#11552,#11553,#11554,#11555),
 .UNSPECIFIED.,.F.,.F.,(3,1,3),(-2.,-1.,0.),.UNSPECIFIED.);
#268=B_SPLINE_CURVE_WITH_KNOTS('',2,(#11565,#11566,#11567,#11568),
 .UNSPECIFIED.,.F.,.F.,(3,1,3),(0.,1.,2.),.UNSPECIFIED.);
#269=B_SPLINE_CURVE_WITH_KNOTS('',2,(#11571,#11572,#11573,#11574),
 .UNSPECIFIED.,.F.,.F.,(3,1,3),(-2.,-1.,0.),.UNSPECIFIED.);
#270=B_SPLINE_CURVE_WITH_KNOTS('',2,(#11584,#11585,#11586,#11587),
 .UNSPECIFIED.,.F.,.F.,(3,1,3),(0.,1.,2.),.UNSPECIFIED.);
#271=B_SPLINE_CURVE_WITH_KNOTS('',2,(#11590,#11591,#11592,#11593),
 .UNSPECIFIED.,.F.,.F.,(3,1,3),(-2.,-1.,0.),.UNSPECIFIED.);
#272=B_SPLINE_CURVE_WITH_KNOTS('',2,(#11603,#11604,#11605,#11606),
 .UNSPECIFIED.,.F.,.F.,(3,1,3),(0.,1.,2.),.UNSPECIFIED.);
#273=B_SPLINE_CURVE_WITH_KNOTS('',2,(#11609,#11610,#11611,#11612),
 .UNSPECIFIED.,.F.,.F.,(3,1,3),(-2.,-1.,0.),.UNSPECIFIED.);
#274=B_SPLINE_CURVE_WITH_KNOTS('',2,(#11621,#11622,#11623,#11624),
 .UNSPECIFIED.,.F.,.F.,(3,1,3),(0.,1.,2.),.UNSPECIFIED.);
#275=B_SPLINE_CURVE_WITH_KNOTS('',2,(#11625,#11626,#11627,#11628),
 .UNSPECIFIED.,.F.,.F.,(3,1,3),(-2.,-1.,0.),.UNSPECIFIED.);
#276=B_SPLINE_CURVE_WITH_KNOTS('',2,(#11639,#11640,#11641,#11642),
 .UNSPECIFIED.,.F.,.F.,(3,1,3),(0.,1.,2.),.UNSPECIFIED.);
#277=B_SPLINE_CURVE_WITH_KNOTS('',2,(#11646,#11647,#11648,#11649),
 .UNSPECIFIED.,.F.,.F.,(3,1,3),(-2.,-1.,0.),.UNSPECIFIED.);
#278=B_SPLINE_CURVE_WITH_KNOTS('',2,(#11660,#11661,#11662,#11663),
 .UNSPECIFIED.,.F.,.F.,(3,1,3),(0.,1.,2.),.UNSPECIFIED.);
#279=B_SPLINE_CURVE_WITH_KNOTS('',2,(#11665,#11666,#11667,#11668),
 .UNSPECIFIED.,.F.,.F.,(3,1,3),(-2.,-1.,0.),.UNSPECIFIED.);
#280=B_SPLINE_CURVE_WITH_KNOTS('',2,(#11679,#11680,#11681,#11682),
 .UNSPECIFIED.,.F.,.F.,(3,1,3),(0.,1.,2.),.UNSPECIFIED.);
#281=B_SPLINE_CURVE_WITH_KNOTS('',2,(#11684,#11685,#11686,#11687),
 .UNSPECIFIED.,.F.,.F.,(3,1,3),(-2.,-1.,0.),.UNSPECIFIED.);
#282=B_SPLINE_CURVE_WITH_KNOTS('',2,(#11697,#11698,#11699,#11700),
 .UNSPECIFIED.,.F.,.F.,(3,1,3),(0.,1.,2.),.UNSPECIFIED.);
#283=B_SPLINE_CURVE_WITH_KNOTS('',2,(#11701,#11702,#11703,#11704),
 .UNSPECIFIED.,.F.,.F.,(3,1,3),(-2.,-1.,0.),.UNSPECIFIED.);
#284=B_SPLINE_CURVE_WITH_KNOTS('',2,(#11724,#11725,#11726,#11727),
 .UNSPECIFIED.,.F.,.F.,(3,1,3),(0.,1.,2.),.UNSPECIFIED.);
#285=B_SPLINE_CURVE_WITH_KNOTS('',2,(#11729,#11730,#11731,#11732),
 .UNSPECIFIED.,.F.,.F.,(3,1,3),(-2.,-1.,0.),.UNSPECIFIED.);
#286=B_SPLINE_CURVE_WITH_KNOTS('',2,(#11743,#11744,#11745,#11746),
 .UNSPECIFIED.,.F.,.F.,(3,1,3),(0.,1.,2.),.UNSPECIFIED.);
#287=B_SPLINE_CURVE_WITH_KNOTS('',2,(#11748,#11749,#11750,#11751),
 .UNSPECIFIED.,.F.,.F.,(3,1,3),(-2.,-1.,0.),.UNSPECIFIED.);
#288=B_SPLINE_CURVE_WITH_KNOTS('',2,(#11762,#11763,#11764,#11765),
 .UNSPECIFIED.,.F.,.F.,(3,1,3),(0.,1.,2.),.UNSPECIFIED.);
#289=B_SPLINE_CURVE_WITH_KNOTS('',2,(#11767,#11768,#11769,#11770),
 .UNSPECIFIED.,.F.,.F.,(3,1,3),(-2.,-1.,0.),.UNSPECIFIED.);
#290=B_SPLINE_CURVE_WITH_KNOTS('',2,(#11781,#11782,#11783,#11784),
 .UNSPECIFIED.,.F.,.F.,(3,1,3),(0.,1.,2.),.UNSPECIFIED.);
#291=B_SPLINE_CURVE_WITH_KNOTS('',2,(#11786,#11787,#11788,#11789),
 .UNSPECIFIED.,.F.,.F.,(3,1,3),(-2.,-1.,0.),.UNSPECIFIED.);
#292=B_SPLINE_CURVE_WITH_KNOTS('',2,(#11800,#11801,#11802,#11803),
 .UNSPECIFIED.,.F.,.F.,(3,1,3),(0.,1.,2.),.UNSPECIFIED.);
#293=B_SPLINE_CURVE_WITH_KNOTS('',2,(#11805,#11806,#11807,#11808),
 .UNSPECIFIED.,.F.,.F.,(3,1,3),(-2.,-1.,0.),.UNSPECIFIED.);
#294=B_SPLINE_CURVE_WITH_KNOTS('',2,(#11831,#11832,#11833,#11834),
 .UNSPECIFIED.,.F.,.F.,(3,1,3),(0.,1.,2.),.UNSPECIFIED.);
#295=B_SPLINE_CURVE_WITH_KNOTS('',2,(#11836,#11837,#11838,#11839),
 .UNSPECIFIED.,.F.,.F.,(3,1,3),(-2.,-1.,0.),.UNSPECIFIED.);
#296=B_SPLINE_CURVE_WITH_KNOTS('',2,(#11850,#11851,#11852,#11853),
 .UNSPECIFIED.,.F.,.F.,(3,1,3),(0.,1.,2.),.UNSPECIFIED.);
#297=B_SPLINE_CURVE_WITH_KNOTS('',2,(#11855,#11856,#11857,#11858),
 .UNSPECIFIED.,.F.,.F.,(3,1,3),(-2.,-1.,0.),.UNSPECIFIED.);
#298=B_SPLINE_CURVE_WITH_KNOTS('',2,(#11869,#11870,#11871,#11872),
 .UNSPECIFIED.,.F.,.F.,(3,1,3),(0.,1.,2.),.UNSPECIFIED.);
#299=B_SPLINE_CURVE_WITH_KNOTS('',2,(#11874,#11875,#11876,#11877),
 .UNSPECIFIED.,.F.,.F.,(3,1,3),(-2.,-1.,0.),.UNSPECIFIED.);
#300=B_SPLINE_CURVE_WITH_KNOTS('',2,(#11888,#11889,#11890,#11891),
 .UNSPECIFIED.,.F.,.F.,(3,1,3),(0.,1.,2.),.UNSPECIFIED.);
#301=B_SPLINE_CURVE_WITH_KNOTS('',2,(#11893,#11894,#11895,#11896),
 .UNSPECIFIED.,.F.,.F.,(3,1,3),(-2.,-1.,0.),.UNSPECIFIED.);
#302=B_SPLINE_CURVE_WITH_KNOTS('',2,(#11924,#11925,#11926,#11927),
 .UNSPECIFIED.,.F.,.F.,(3,1,3),(0.,1.,2.),.UNSPECIFIED.);
#303=B_SPLINE_CURVE_WITH_KNOTS('',2,(#11931,#11932,#11933,#11934),
 .UNSPECIFIED.,.F.,.F.,(3,1,3),(-2.,-1.,0.),.UNSPECIFIED.);
#304=B_SPLINE_CURVE_WITH_KNOTS('',2,(#11945,#11946,#11947,#11948),
 .UNSPECIFIED.,.F.,.F.,(3,1,3),(0.,1.,2.),.UNSPECIFIED.);
#305=B_SPLINE_CURVE_WITH_KNOTS('',2,(#11950,#11951,#11952,#11953),
 .UNSPECIFIED.,.F.,.F.,(3,1,3),(-2.,-1.,0.),.UNSPECIFIED.);
#306=B_SPLINE_CURVE_WITH_KNOTS('',2,(#11976,#11977,#11978,#11979),
 .UNSPECIFIED.,.F.,.F.,(3,1,3),(0.,1.,2.),.UNSPECIFIED.);
#307=B_SPLINE_CURVE_WITH_KNOTS('',2,(#11981,#11982,#11983,#11984),
 .UNSPECIFIED.,.F.,.F.,(3,1,3),(-2.,-1.,0.),.UNSPECIFIED.);
#308=B_SPLINE_CURVE_WITH_KNOTS('',2,(#11995,#11996,#11997,#11998),
 .UNSPECIFIED.,.F.,.F.,(3,1,3),(0.,1.,2.),.UNSPECIFIED.);
#309=B_SPLINE_CURVE_WITH_KNOTS('',2,(#12000,#12001,#12002,#12003),
 .UNSPECIFIED.,.F.,.F.,(3,1,3),(-2.,-1.,0.),.UNSPECIFIED.);
#310=B_SPLINE_CURVE_WITH_KNOTS('',2,(#12014,#12015,#12016,#12017),
 .UNSPECIFIED.,.F.,.F.,(3,1,3),(0.,1.,2.),.UNSPECIFIED.);
#311=B_SPLINE_CURVE_WITH_KNOTS('',2,(#12019,#12020,#12021,#12022),
 .UNSPECIFIED.,.F.,.F.,(3,1,3),(-2.,-1.,0.),.UNSPECIFIED.);
#312=B_SPLINE_CURVE_WITH_KNOTS('',2,(#12033,#12034,#12035,#12036),
 .UNSPECIFIED.,.F.,.F.,(3,1,3),(0.,1.,2.),.UNSPECIFIED.);
#313=B_SPLINE_CURVE_WITH_KNOTS('',2,(#12038,#12039,#12040,#12041),
 .UNSPECIFIED.,.F.,.F.,(3,1,3),(-2.,-1.,0.),.UNSPECIFIED.);
#314=B_SPLINE_CURVE_WITH_KNOTS('',2,(#12052,#12053,#12054,#12055),
 .UNSPECIFIED.,.F.,.F.,(3,1,3),(0.,1.,2.),.UNSPECIFIED.);
#315=B_SPLINE_CURVE_WITH_KNOTS('',2,(#12057,#12058,#12059,#12060),
 .UNSPECIFIED.,.F.,.F.,(3,1,3),(-2.,-1.,0.),.UNSPECIFIED.);
#316=B_SPLINE_CURVE_WITH_KNOTS('',2,(#12071,#12072,#12073,#12074),
 .UNSPECIFIED.,.F.,.F.,(3,1,3),(0.,1.,2.),.UNSPECIFIED.);
#317=B_SPLINE_CURVE_WITH_KNOTS('',2,(#12076,#12077,#12078,#12079),
 .UNSPECIFIED.,.F.,.F.,(3,1,3),(-2.,-1.,0.),.UNSPECIFIED.);
#318=B_SPLINE_CURVE_WITH_KNOTS('',2,(#12090,#12091,#12092,#12093),
 .UNSPECIFIED.,.F.,.F.,(3,1,3),(0.,1.,2.),.UNSPECIFIED.);
#319=B_SPLINE_CURVE_WITH_KNOTS('',2,(#12095,#12096,#12097,#12098),
 .UNSPECIFIED.,.F.,.F.,(3,1,3),(-2.,-1.,0.),.UNSPECIFIED.);
#320=B_SPLINE_CURVE_WITH_KNOTS('',2,(#12145,#12146,#12147,#12148),
 .UNSPECIFIED.,.F.,.F.,(3,1,3),(0.,1.,2.),.UNSPECIFIED.);
#321=B_SPLINE_CURVE_WITH_KNOTS('',2,(#12150,#12151,#12152,#12153),
 .UNSPECIFIED.,.F.,.F.,(3,1,3),(-2.,-1.,0.),.UNSPECIFIED.);
#322=B_SPLINE_CURVE_WITH_KNOTS('',2,(#12164,#12165,#12166,#12167),
 .UNSPECIFIED.,.F.,.F.,(3,1,3),(0.,1.,2.),.UNSPECIFIED.);
#323=B_SPLINE_CURVE_WITH_KNOTS('',2,(#12169,#12170,#12171,#12172),
 .UNSPECIFIED.,.F.,.F.,(3,1,3),(-2.,-1.,0.),.UNSPECIFIED.);
#324=B_SPLINE_CURVE_WITH_KNOTS('',2,(#12183,#12184,#12185,#12186),
 .UNSPECIFIED.,.F.,.F.,(3,1,3),(0.,1.,2.),.UNSPECIFIED.);
#325=B_SPLINE_CURVE_WITH_KNOTS('',2,(#12188,#12189,#12190,#12191),
 .UNSPECIFIED.,.F.,.F.,(3,1,3),(-2.,-1.,0.),.UNSPECIFIED.);
#326=B_SPLINE_CURVE_WITH_KNOTS('',2,(#12201,#12202,#12203,#12204),
 .UNSPECIFIED.,.F.,.F.,(3,1,3),(0.,1.,2.),.UNSPECIFIED.);
#327=B_SPLINE_CURVE_WITH_KNOTS('',2,(#12205,#12206,#12207,#12208),
 .UNSPECIFIED.,.F.,.F.,(3,1,3),(-2.,-1.,0.),.UNSPECIFIED.);
#328=B_SPLINE_CURVE_WITH_KNOTS('',2,(#12294,#12295,#12296,#12297),
 .UNSPECIFIED.,.F.,.F.,(3,1,3),(0.,1.,2.),.UNSPECIFIED.);
#329=B_SPLINE_CURVE_WITH_KNOTS('',2,(#12301,#12302,#12303,#12304),
 .UNSPECIFIED.,.F.,.F.,(3,1,3),(-2.,-1.,0.),.UNSPECIFIED.);
#330=B_SPLINE_CURVE_WITH_KNOTS('',2,(#12315,#12316,#12317,#12318),
 .UNSPECIFIED.,.F.,.F.,(3,1,3),(0.,1.,2.),.UNSPECIFIED.);
#331=B_SPLINE_CURVE_WITH_KNOTS('',2,(#12321,#12322,#12323,#12324),
 .UNSPECIFIED.,.F.,.F.,(3,1,3),(-2.,-1.,0.),.UNSPECIFIED.);
#332=B_SPLINE_CURVE_WITH_KNOTS('',2,(#12334,#12335,#12336,#12337),
 .UNSPECIFIED.,.F.,.F.,(3,1,3),(0.,1.,2.),.UNSPECIFIED.);
#333=B_SPLINE_CURVE_WITH_KNOTS('',2,(#12340,#12341,#12342,#12343),
 .UNSPECIFIED.,.F.,.F.,(3,1,3),(-2.,-1.,0.),.UNSPECIFIED.);
#334=B_SPLINE_CURVE_WITH_KNOTS('',2,(#12371,#12372,#12373,#12374),
 .UNSPECIFIED.,.F.,.F.,(3,1,3),(0.,1.,2.),.UNSPECIFIED.);
#335=B_SPLINE_CURVE_WITH_KNOTS('',2,(#12377,#12378,#12379,#12380),
 .UNSPECIFIED.,.F.,.F.,(3,1,3),(-2.,-1.,0.),.UNSPECIFIED.);
#336=B_SPLINE_CURVE_WITH_KNOTS('',2,(#12389,#12390,#12391,#12392),
 .UNSPECIFIED.,.F.,.F.,(3,1,3),(0.,1.,2.),.UNSPECIFIED.);
#337=B_SPLINE_CURVE_WITH_KNOTS('',2,(#12393,#12394,#12395,#12396),
 .UNSPECIFIED.,.F.,.F.,(3,1,3),(-2.,-1.,0.),.UNSPECIFIED.);
#338=B_SPLINE_CURVE_WITH_KNOTS('',2,(#12407,#12408,#12409,#12410),
 .UNSPECIFIED.,.F.,.F.,(3,1,3),(0.,1.,2.),.UNSPECIFIED.);
#339=B_SPLINE_CURVE_WITH_KNOTS('',2,(#12414,#12415,#12416,#12417),
 .UNSPECIFIED.,.F.,.F.,(3,1,3),(-2.,-1.,0.),.UNSPECIFIED.);
#340=B_SPLINE_CURVE_WITH_KNOTS('',2,(#12428,#12429,#12430,#12431),
 .UNSPECIFIED.,.F.,.F.,(3,1,3),(0.,1.,2.),.UNSPECIFIED.);
#341=B_SPLINE_CURVE_WITH_KNOTS('',2,(#12433,#12434,#12435,#12436),
 .UNSPECIFIED.,.F.,.F.,(3,1,3),(-2.,-1.,0.),.UNSPECIFIED.);
#342=B_SPLINE_CURVE_WITH_KNOTS('',2,(#12477,#12478,#12479,#12480),
 .UNSPECIFIED.,.F.,.F.,(3,1,3),(0.,1.,2.),.UNSPECIFIED.);
#343=B_SPLINE_CURVE_WITH_KNOTS('',2,(#12482,#12483,#12484,#12485),
 .UNSPECIFIED.,.F.,.F.,(3,1,3),(-2.,-1.,0.),.UNSPECIFIED.);
#344=B_SPLINE_CURVE_WITH_KNOTS('',2,(#12496,#12497,#12498,#12499),
 .UNSPECIFIED.,.F.,.F.,(3,1,3),(0.,1.,2.),.UNSPECIFIED.);
#345=B_SPLINE_CURVE_WITH_KNOTS('',2,(#12501,#12502,#12503,#12504),
 .UNSPECIFIED.,.F.,.F.,(3,1,3),(-2.,-1.,0.),.UNSPECIFIED.);
#346=B_SPLINE_CURVE_WITH_KNOTS('',2,(#12514,#12515,#12516,#12517),
 .UNSPECIFIED.,.F.,.F.,(3,1,3),(0.,1.,2.),.UNSPECIFIED.);
#347=B_SPLINE_CURVE_WITH_KNOTS('',2,(#12518,#12519,#12520,#12521),
 .UNSPECIFIED.,.F.,.F.,(3,1,3),(-2.,-1.,0.),.UNSPECIFIED.);
#348=B_SPLINE_CURVE_WITH_KNOTS('',2,(#12594,#12595,#12596,#12597),
 .UNSPECIFIED.,.F.,.F.,(3,1,3),(0.,1.,2.),.UNSPECIFIED.);
#349=B_SPLINE_CURVE_WITH_KNOTS('',2,(#12601,#12602,#12603,#12604),
 .UNSPECIFIED.,.F.,.F.,(3,1,3),(-2.,-1.,0.),.UNSPECIFIED.);
#350=B_SPLINE_CURVE_WITH_KNOTS('',2,(#12615,#12616,#12617,#12618),
 .UNSPECIFIED.,.F.,.F.,(3,1,3),(0.,1.,2.),.UNSPECIFIED.);
#351=B_SPLINE_CURVE_WITH_KNOTS('',2,(#12620,#12621,#12622,#12623),
 .UNSPECIFIED.,.F.,.F.,(3,1,3),(-2.,-1.,0.),.UNSPECIFIED.);
#352=B_SPLINE_CURVE_WITH_KNOTS('',2,(#12646,#12647,#12648,#12649),
 .UNSPECIFIED.,.F.,.F.,(3,1,3),(0.,1.,2.),.UNSPECIFIED.);
#353=B_SPLINE_CURVE_WITH_KNOTS('',2,(#12651,#12652,#12653,#12654),
 .UNSPECIFIED.,.F.,.F.,(3,1,3),(-2.,-1.,0.),.UNSPECIFIED.);
#354=B_SPLINE_CURVE_WITH_KNOTS('',2,(#12665,#12666,#12667,#12668),
 .UNSPECIFIED.,.F.,.F.,(3,1,3),(0.,1.,2.),.UNSPECIFIED.);
#355=B_SPLINE_CURVE_WITH_KNOTS('',2,(#12670,#12671,#12672,#12673),
 .UNSPECIFIED.,.F.,.F.,(3,1,3),(-2.,-1.,0.),.UNSPECIFIED.);
#356=B_SPLINE_CURVE_WITH_KNOTS('',2,(#12684,#12685,#12686,#12687),
 .UNSPECIFIED.,.F.,.F.,(3,1,3),(0.,1.,2.),.UNSPECIFIED.);
#357=B_SPLINE_CURVE_WITH_KNOTS('',2,(#12689,#12690,#12691,#12692),
 .UNSPECIFIED.,.F.,.F.,(3,1,3),(-2.,-1.,0.),.UNSPECIFIED.);
#358=B_SPLINE_CURVE_WITH_KNOTS('',2,(#12703,#12704,#12705,#12706),
 .UNSPECIFIED.,.F.,.F.,(3,1,3),(0.,1.,2.),.UNSPECIFIED.);
#359=B_SPLINE_CURVE_WITH_KNOTS('',2,(#12708,#12709,#12710,#12711),
 .UNSPECIFIED.,.F.,.F.,(3,1,3),(-2.,-1.,0.),.UNSPECIFIED.);
#360=B_SPLINE_CURVE_WITH_KNOTS('',2,(#12722,#12723,#12724,#12725),
 .UNSPECIFIED.,.F.,.F.,(3,1,3),(0.,1.,2.),.UNSPECIFIED.);
#361=B_SPLINE_CURVE_WITH_KNOTS('',2,(#12727,#12728,#12729,#12730),
 .UNSPECIFIED.,.F.,.F.,(3,1,3),(-2.,-1.,0.),.UNSPECIFIED.);
#362=B_SPLINE_CURVE_WITH_KNOTS('',2,(#12759,#12760,#12761,#12762),
 .UNSPECIFIED.,.F.,.F.,(3,1,3),(0.,1.,2.),.UNSPECIFIED.);
#363=B_SPLINE_CURVE_WITH_KNOTS('',2,(#12764,#12765,#12766,#12767),
 .UNSPECIFIED.,.F.,.F.,(3,1,3),(-2.,-1.,0.),.UNSPECIFIED.);
#364=B_SPLINE_CURVE_WITH_KNOTS('',2,(#12778,#12779,#12780,#12781),
 .UNSPECIFIED.,.F.,.F.,(3,1,3),(0.,1.,2.),.UNSPECIFIED.);
#365=B_SPLINE_CURVE_WITH_KNOTS('',2,(#12783,#12784,#12785,#12786),
 .UNSPECIFIED.,.F.,.F.,(3,1,3),(-2.,-1.,0.),.UNSPECIFIED.);
#366=B_SPLINE_CURVE_WITH_KNOTS('',2,(#12797,#12798,#12799,#12800),
 .UNSPECIFIED.,.F.,.F.,(3,1,3),(0.,1.,2.),.UNSPECIFIED.);
#367=B_SPLINE_CURVE_WITH_KNOTS('',2,(#12802,#12803,#12804,#12805),
 .UNSPECIFIED.,.F.,.F.,(3,1,3),(-2.,-1.,0.),.UNSPECIFIED.);
#368=B_SPLINE_CURVE_WITH_KNOTS('',2,(#12816,#12817,#12818,#12819),
 .UNSPECIFIED.,.F.,.F.,(3,1,3),(0.,1.,2.),.UNSPECIFIED.);
#369=B_SPLINE_CURVE_WITH_KNOTS('',2,(#12821,#12822,#12823,#12824),
 .UNSPECIFIED.,.F.,.F.,(3,1,3),(-2.,-1.,0.),.UNSPECIFIED.);
#370=B_SPLINE_CURVE_WITH_KNOTS('',2,(#12835,#12836,#12837,#12838),
 .UNSPECIFIED.,.F.,.F.,(3,1,3),(0.,1.,2.),.UNSPECIFIED.);
#371=B_SPLINE_CURVE_WITH_KNOTS('',2,(#12840,#12841,#12842,#12843),
 .UNSPECIFIED.,.F.,.F.,(3,1,3),(-2.,-1.,0.),.UNSPECIFIED.);
#372=B_SPLINE_CURVE_WITH_KNOTS('',2,(#12854,#12855,#12856,#12857),
 .UNSPECIFIED.,.F.,.F.,(3,1,3),(0.,1.,2.),.UNSPECIFIED.);
#373=B_SPLINE_CURVE_WITH_KNOTS('',2,(#12859,#12860,#12861,#12862),
 .UNSPECIFIED.,.F.,.F.,(3,1,3),(-2.,-1.,0.),.UNSPECIFIED.);
#374=B_SPLINE_CURVE_WITH_KNOTS('',2,(#12885,#12886,#12887,#12888),
 .UNSPECIFIED.,.F.,.F.,(3,1,3),(0.,1.,2.),.UNSPECIFIED.);
#375=B_SPLINE_CURVE_WITH_KNOTS('',2,(#12890,#12891,#12892,#12893),
 .UNSPECIFIED.,.F.,.F.,(3,1,3),(-2.,-1.,0.),.UNSPECIFIED.);
#376=B_SPLINE_CURVE_WITH_KNOTS('',2,(#12904,#12905,#12906,#12907),
 .UNSPECIFIED.,.F.,.F.,(3,1,3),(0.,1.,2.),.UNSPECIFIED.);
#377=B_SPLINE_CURVE_WITH_KNOTS('',2,(#12909,#12910,#12911,#12912),
 .UNSPECIFIED.,.F.,.F.,(3,1,3),(-2.,-1.,0.),.UNSPECIFIED.);
#378=B_SPLINE_CURVE_WITH_KNOTS('',2,(#12923,#12924,#12925,#12926),
 .UNSPECIFIED.,.F.,.F.,(3,1,3),(0.,1.,2.),.UNSPECIFIED.);
#379=B_SPLINE_CURVE_WITH_KNOTS('',2,(#12928,#12929,#12930,#12931),
 .UNSPECIFIED.,.F.,.F.,(3,1,3),(-2.,-1.,0.),.UNSPECIFIED.);
#380=B_SPLINE_CURVE_WITH_KNOTS('',2,(#12942,#12943,#12944,#12945),
 .UNSPECIFIED.,.F.,.F.,(3,1,3),(0.,1.,2.),.UNSPECIFIED.);
#381=B_SPLINE_CURVE_WITH_KNOTS('',2,(#12947,#12948,#12949,#12950),
 .UNSPECIFIED.,.F.,.F.,(3,1,3),(-2.,-1.,0.),.UNSPECIFIED.);
#382=B_SPLINE_CURVE_WITH_KNOTS('',2,(#12967,#12968,#12969,#12970),
 .UNSPECIFIED.,.F.,.F.,(3,1,3),(0.,1.,2.),.UNSPECIFIED.);
#383=B_SPLINE_CURVE_WITH_KNOTS('',2,(#12972,#12973,#12974,#12975),
 .UNSPECIFIED.,.F.,.F.,(3,1,3),(-2.,-1.,0.),.UNSPECIFIED.);
#384=B_SPLINE_CURVE_WITH_KNOTS('',2,(#12986,#12987,#12988,#12989),
 .UNSPECIFIED.,.F.,.F.,(3,1,3),(0.,1.,2.),.UNSPECIFIED.);
#385=B_SPLINE_CURVE_WITH_KNOTS('',2,(#12991,#12992,#12993,#12994),
 .UNSPECIFIED.,.F.,.F.,(3,1,3),(-2.,-1.,0.),.UNSPECIFIED.);
#386=B_SPLINE_CURVE_WITH_KNOTS('',2,(#13004,#13005,#13006,#13007),
 .UNSPECIFIED.,.F.,.F.,(3,1,3),(0.,1.,2.),.UNSPECIFIED.);
#387=B_SPLINE_CURVE_WITH_KNOTS('',2,(#13008,#13009,#13010,#13011),
 .UNSPECIFIED.,.F.,.F.,(3,1,3),(-2.,-1.,0.),.UNSPECIFIED.);
#388=B_SPLINE_CURVE_WITH_KNOTS('',2,(#13363,#13364,#13365,#13366),
 .UNSPECIFIED.,.F.,.F.,(3,1,3),(0.,1.,2.),.UNSPECIFIED.);
#389=B_SPLINE_CURVE_WITH_KNOTS('',2,(#13370,#13371,#13372,#13373),
 .UNSPECIFIED.,.F.,.F.,(3,1,3),(-2.,-1.,0.),.UNSPECIFIED.);
#390=B_SPLINE_CURVE_WITH_KNOTS('',2,(#13384,#13385,#13386,#13387),
 .UNSPECIFIED.,.F.,.F.,(3,1,3),(0.,1.,2.),.UNSPECIFIED.);
#391=B_SPLINE_CURVE_WITH_KNOTS('',2,(#13389,#13390,#13391,#13392),
 .UNSPECIFIED.,.F.,.F.,(3,1,3),(-2.,-1.,0.),.UNSPECIFIED.);
#392=B_SPLINE_CURVE_WITH_KNOTS('',2,(#13403,#13404,#13405,#13406),
 .UNSPECIFIED.,.F.,.F.,(3,1,3),(0.,1.,2.),.UNSPECIFIED.);
#393=B_SPLINE_CURVE_WITH_KNOTS('',2,(#13408,#13409,#13410,#13411),
 .UNSPECIFIED.,.F.,.F.,(3,1,3),(-2.,-1.,0.),.UNSPECIFIED.);
#394=B_SPLINE_CURVE_WITH_KNOTS('',2,(#13420,#13421,#13422),
 .UNSPECIFIED.,.F.,.F.,(3,3),(0.,1.),.UNSPECIFIED.);
#395=B_SPLINE_CURVE_WITH_KNOTS('',2,(#13424,#13425,#13426),
 .UNSPECIFIED.,.F.,.F.,(3,3),(-1.,0.),.UNSPECIFIED.);
#396=B_SPLINE_CURVE_WITH_KNOTS('',2,(#13435,#13436,#13437),
 .UNSPECIFIED.,.F.,.F.,(3,3),(0.,1.),.UNSPECIFIED.);
#397=B_SPLINE_CURVE_WITH_KNOTS('',2,(#13439,#13440,#13441),
 .UNSPECIFIED.,.F.,.F.,(3,3),(-1.,0.),.UNSPECIFIED.);
#398=B_SPLINE_CURVE_WITH_KNOTS('',2,(#13458,#13459,#13460,#13461),
 .UNSPECIFIED.,.F.,.F.,(3,1,3),(0.,1.,2.),.UNSPECIFIED.);
#399=B_SPLINE_CURVE_WITH_KNOTS('',2,(#13463,#13464,#13465,#13466),
 .UNSPECIFIED.,.F.,.F.,(3,1,3),(-2.,-1.,0.),.UNSPECIFIED.);
#400=B_SPLINE_CURVE_WITH_KNOTS('',2,(#13477,#13478,#13479,#13480),
 .UNSPECIFIED.,.F.,.F.,(3,1,3),(0.,1.,2.),.UNSPECIFIED.);
#401=B_SPLINE_CURVE_WITH_KNOTS('',2,(#13482,#13483,#13484,#13485),
 .UNSPECIFIED.,.F.,.F.,(3,1,3),(-2.,-1.,0.),.UNSPECIFIED.);
#402=B_SPLINE_CURVE_WITH_KNOTS('',2,(#13496,#13497,#13498,#13499),
 .UNSPECIFIED.,.F.,.F.,(3,1,3),(0.,1.,2.),.UNSPECIFIED.);
#403=B_SPLINE_CURVE_WITH_KNOTS('',2,(#13501,#13502,#13503,#13504),
 .UNSPECIFIED.,.F.,.F.,(3,1,3),(-2.,-1.,0.),.UNSPECIFIED.);
#404=B_SPLINE_CURVE_WITH_KNOTS('',2,(#13515,#13516,#13517,#13518),
 .UNSPECIFIED.,.F.,.F.,(3,1,3),(0.,1.,2.),.UNSPECIFIED.);
#405=B_SPLINE_CURVE_WITH_KNOTS('',2,(#13520,#13521,#13522,#13523),
 .UNSPECIFIED.,.F.,.F.,(3,1,3),(-2.,-1.,0.),.UNSPECIFIED.);
#406=B_SPLINE_SURFACE_WITH_KNOTS('',2,1,((#10875,#10876),(#10877,#10878),
(#10879,#10880),(#10881,#10882)),.UNSPECIFIED.,.F.,.F.,.F.,(3,1,3),(2,2),
(0.,1.,2.),(0.,0.000100000000000003),.UNSPECIFIED.);
#407=B_SPLINE_SURFACE_WITH_KNOTS('',2,1,((#10894,#10895),(#10896,#10897),
(#10898,#10899),(#10900,#10901)),.UNSPECIFIED.,.F.,.F.,.F.,(3,1,3),(2,2),
(0.,1.,2.),(0.,0.000100000000000003),.UNSPECIFIED.);
#408=B_SPLINE_SURFACE_WITH_KNOTS('',2,1,((#10910,#10911),(#10912,#10913),
(#10914,#10915),(#10916,#10917)),.UNSPECIFIED.,.F.,.F.,.F.,(3,1,3),(2,2),
(-2.,-1.,0.),(0.,0.000100000000000003),.UNSPECIFIED.);
#409=B_SPLINE_SURFACE_WITH_KNOTS('',2,1,((#10932,#10933),(#10934,#10935),
(#10936,#10937),(#10938,#10939)),.UNSPECIFIED.,.F.,.F.,.F.,(3,1,3),(2,2),
(-2.,-1.,0.),(0.,0.000100000000000003),.UNSPECIFIED.);
#410=B_SPLINE_SURFACE_WITH_KNOTS('',2,1,((#10963,#10964),(#10965,#10966),
(#10967,#10968),(#10969,#10970)),.UNSPECIFIED.,.F.,.F.,.F.,(3,1,3),(2,2),
(-2.,-1.,0.),(0.,0.000100000000000003),.UNSPECIFIED.);
#411=B_SPLINE_SURFACE_WITH_KNOTS('',2,1,((#10982,#10983),(#10984,#10985),
(#10986,#10987),(#10988,#10989)),.UNSPECIFIED.,.F.,.F.,.F.,(3,1,3),(2,2),
(-2.,-1.,0.),(0.,0.000100000000000003),.UNSPECIFIED.);
#412=B_SPLINE_SURFACE_WITH_KNOTS('',2,1,((#11001,#11002),(#11003,#11004),
(#11005,#11006),(#11007,#11008)),.UNSPECIFIED.,.F.,.F.,.F.,(3,1,3),(2,2),
(-2.,-1.,0.),(0.,0.000100000000000003),.UNSPECIFIED.);
#413=B_SPLINE_SURFACE_WITH_KNOTS('',2,1,((#11020,#11021),(#11022,#11023),
(#11024,#11025),(#11026,#11027)),.UNSPECIFIED.,.F.,.F.,.F.,(3,1,3),(2,2),
(-2.,-1.,0.),(0.,0.000100000000000003),.UNSPECIFIED.);
#414=B_SPLINE_SURFACE_WITH_KNOTS('',2,1,((#11051,#11052),(#11053,#11054),
(#11055,#11056),(#11057,#11058)),.UNSPECIFIED.,.F.,.F.,.F.,(3,1,3),(2,2),
(-2.,-1.,0.),(0.,0.000100000000000003),.UNSPECIFIED.);
#415=B_SPLINE_SURFACE_WITH_KNOTS('',2,1,((#11070,#11071),(#11072,#11073),
(#11074,#11075),(#11076,#11077)),.UNSPECIFIED.,.F.,.F.,.F.,(3,1,3),(2,2),
(-2.,-1.,0.),(0.,0.000100000000000003),.UNSPECIFIED.);
#416=B_SPLINE_SURFACE_WITH_KNOTS('',2,1,((#11089,#11090),(#11091,#11092),
(#11093,#11094),(#11095,#11096)),.UNSPECIFIED.,.F.,.F.,.F.,(3,1,3),(2,2),
(-2.,-1.,0.),(0.,0.000100000000000003),.UNSPECIFIED.);
#417=B_SPLINE_SURFACE_WITH_KNOTS('',2,1,((#11115,#11116),(#11117,#11118),
(#11119,#11120),(#11121,#11122)),.UNSPECIFIED.,.F.,.F.,.F.,(3,1,3),(2,2),
(-2.,-1.,0.),(0.,0.000100000000000003),.UNSPECIFIED.);
#418=B_SPLINE_SURFACE_WITH_KNOTS('',2,1,((#11134,#11135),(#11136,#11137),
(#11138,#11139),(#11140,#11141)),.UNSPECIFIED.,.F.,.F.,.F.,(3,1,3),(2,2),
(-2.,-1.,0.),(0.,0.000100000000000003),.UNSPECIFIED.);
#419=B_SPLINE_SURFACE_WITH_KNOTS('',2,1,((#11171,#11172),(#11173,#11174),
(#11175,#11176),(#11177,#11178)),.UNSPECIFIED.,.F.,.F.,.F.,(3,1,3),(2,2),
(-2.,-1.,0.),(0.,0.000100000000000003),.UNSPECIFIED.);
#420=B_SPLINE_SURFACE_WITH_KNOTS('',2,1,((#11190,#11191),(#11192,#11193),
(#11194,#11195),(#11196,#11197)),.UNSPECIFIED.,.F.,.F.,.F.,(3,1,3),(2,2),
(-2.,-1.,0.),(0.,0.000100000000000003),.UNSPECIFIED.);
#421=B_SPLINE_SURFACE_WITH_KNOTS('',2,1,((#11209,#11210),(#11211,#11212),
(#11213,#11214),(#11215,#11216)),.UNSPECIFIED.,.F.,.F.,.F.,(3,1,3),(2,2),
(-2.,-1.,0.),(0.,0.000100000000000003),.UNSPECIFIED.);
#422=B_SPLINE_SURFACE_WITH_KNOTS('',2,1,((#11250,#11251),(#11252,#11253),
(#11254,#11255),(#11256,#11257)),.UNSPECIFIED.,.F.,.F.,.F.,(3,1,3),(2,2),
(0.,1.,2.),(0.,0.000100000000000003),.UNSPECIFIED.);
#423=B_SPLINE_SURFACE_WITH_KNOTS('',2,1,((#11272,#11273),(#11274,#11275),
(#11276,#11277),(#11278,#11279)),.UNSPECIFIED.,.F.,.F.,.F.,(3,1,3),(2,2),
(0.,1.,2.),(0.,0.000100000000000003),.UNSPECIFIED.);
#424=B_SPLINE_SURFACE_WITH_KNOTS('',2,1,((#11291,#11292),(#11293,#11294),
(#11295,#11296),(#11297,#11298)),.UNSPECIFIED.,.F.,.F.,.F.,(3,1,3),(2,2),
(0.,1.,2.),(0.,0.000100000000000003),.UNSPECIFIED.);
#425=B_SPLINE_SURFACE_WITH_KNOTS('',2,1,((#11310,#11311),(#11312,#11313),
(#11314,#11315),(#11316,#11317)),.UNSPECIFIED.,.F.,.F.,.F.,(3,1,3),(2,2),
(0.,1.,2.),(0.,0.000100000000000003),.UNSPECIFIED.);
#426=B_SPLINE_SURFACE_WITH_KNOTS('',2,1,((#11341,#11342),(#11343,#11344),
(#11345,#11346),(#11347,#11348)),.UNSPECIFIED.,.F.,.F.,.F.,(3,1,3),(2,2),
(-2.,-1.,0.),(0.,0.000100000000000003),.UNSPECIFIED.);
#427=B_SPLINE_SURFACE_WITH_KNOTS('',2,1,((#11360,#11361),(#11362,#11363),
(#11364,#11365),(#11366,#11367)),.UNSPECIFIED.,.F.,.F.,.F.,(3,1,3),(2,2),
(-2.,-1.,0.),(0.,0.000100000000000003),.UNSPECIFIED.);
#428=B_SPLINE_SURFACE_WITH_KNOTS('',2,1,((#11379,#11380),(#11381,#11382),
(#11383,#11384),(#11385,#11386)),.UNSPECIFIED.,.F.,.F.,.F.,(3,1,3),(2,2),
(-2.,-1.,0.),(0.,0.000100000000000003),.UNSPECIFIED.);
#429=B_SPLINE_SURFACE_WITH_KNOTS('',2,1,((#11398,#11399),(#11400,#11401),
(#11402,#11403),(#11404,#11405)),.UNSPECIFIED.,.F.,.F.,.F.,(3,1,3),(2,2),
(-2.,-1.,0.),(0.,0.000100000000000003),.UNSPECIFIED.);
#430=B_SPLINE_SURFACE_WITH_KNOTS('',2,1,((#11417,#11418),(#11419,#11420),
(#11421,#11422),(#11423,#11424)),.UNSPECIFIED.,.F.,.F.,.F.,(3,1,3),(2,2),
(-2.,-1.,0.),(0.,0.000100000000000003),.UNSPECIFIED.);
#431=B_SPLINE_SURFACE_WITH_KNOTS('',2,1,((#11436,#11437),(#11438,#11439),
(#11440,#11441),(#11442,#11443)),.UNSPECIFIED.,.F.,.F.,.F.,(3,1,3),(2,2),
(-2.,-1.,0.),(0.,0.000100000000000003),.UNSPECIFIED.);
#432=B_SPLINE_SURFACE_WITH_KNOTS('',2,1,((#11477,#11478),(#11479,#11480),
(#11481,#11482),(#11483,#11484)),.UNSPECIFIED.,.F.,.F.,.F.,(3,1,3),(2,2),
(0.,1.,2.),(0.,0.000100000000000003),.UNSPECIFIED.);
#433=B_SPLINE_SURFACE_WITH_KNOTS('',2,1,((#11499,#11500),(#11501,#11502),
(#11503,#11504),(#11505,#11506)),.UNSPECIFIED.,.F.,.F.,.F.,(3,1,3),(2,2),
(0.,1.,2.),(0.,0.000100000000000003),.UNSPECIFIED.);
#434=B_SPLINE_SURFACE_WITH_KNOTS('',2,1,((#11518,#11519),(#11520,#11521),
(#11522,#11523),(#11524,#11525)),.UNSPECIFIED.,.F.,.F.,.F.,(3,1,3),(2,2),
(0.,1.,2.),(0.,0.000100000000000003),.UNSPECIFIED.);
#435=B_SPLINE_SURFACE_WITH_KNOTS('',2,1,((#11537,#11538),(#11539,#11540),
(#11541,#11542),(#11543,#11544)),.UNSPECIFIED.,.F.,.F.,.F.,(3,1,3),(2,2),
(0.,1.,2.),(0.,0.000100000000000003),.UNSPECIFIED.);
#436=B_SPLINE_SURFACE_WITH_KNOTS('',2,1,((#11556,#11557),(#11558,#11559),
(#11560,#11561),(#11562,#11563)),.UNSPECIFIED.,.F.,.F.,.F.,(3,1,3),(2,2),
(0.,1.,2.),(0.,0.000100000000000003),.UNSPECIFIED.);
#437=B_SPLINE_SURFACE_WITH_KNOTS('',2,1,((#11575,#11576),(#11577,#11578),
(#11579,#11580),(#11581,#11582)),.UNSPECIFIED.,.F.,.F.,.F.,(3,1,3),(2,2),
(0.,1.,2.),(0.,0.000100000000000003),.UNSPECIFIED.);
#438=B_SPLINE_SURFACE_WITH_KNOTS('',2,1,((#11594,#11595),(#11596,#11597),
(#11598,#11599),(#11600,#11601)),.UNSPECIFIED.,.F.,.F.,.F.,(3,1,3),(2,2),
(0.,1.,2.),(0.,0.000100000000000003),.UNSPECIFIED.);
#439=B_SPLINE_SURFACE_WITH_KNOTS('',2,1,((#11613,#11614),(#11615,#11616),
(#11617,#11618),(#11619,#11620)),.UNSPECIFIED.,.F.,.F.,.F.,(3,1,3),(2,2),
(0.,1.,2.),(0.,0.000100000000000003),.UNSPECIFIED.);
#440=B_SPLINE_SURFACE_WITH_KNOTS('',2,1,((#11629,#11630),(#11631,#11632),
(#11633,#11634),(#11635,#11636)),.UNSPECIFIED.,.F.,.F.,.F.,(3,1,3),(2,2),
(-2.,-1.,0.),(0.,0.000100000000000003),.UNSPECIFIED.);
#441=B_SPLINE_SURFACE_WITH_KNOTS('',2,1,((#11651,#11652),(#11653,#11654),
(#11655,#11656),(#11657,#11658)),.UNSPECIFIED.,.F.,.F.,.F.,(3,1,3),(2,2),
(-2.,-1.,0.),(0.,0.000100000000000003),.UNSPECIFIED.);
#442=B_SPLINE_SURFACE_WITH_KNOTS('',2,1,((#11670,#11671),(#11672,#11673),
(#11674,#11675),(#11676,#11677)),.UNSPECIFIED.,.F.,.F.,.F.,(3,1,3),(2,2),
(-2.,-1.,0.),(0.,0.000100000000000003),.UNSPECIFIED.);
#443=B_SPLINE_SURFACE_WITH_KNOTS('',2,1,((#11689,#11690),(#11691,#11692),
(#11693,#11694),(#11695,#11696)),.UNSPECIFIED.,.F.,.F.,.F.,(3,1,3),(2,2),
(-2.,-1.,0.),(0.,0.000100000000000003),.UNSPECIFIED.);
#444=B_SPLINE_SURFACE_WITH_KNOTS('',2,1,((#11715,#11716),(#11717,#11718),
(#11719,#11720),(#11721,#11722)),.UNSPECIFIED.,.F.,.F.,.F.,(3,1,3),(2,2),
(-2.,-1.,0.),(0.,0.000100000000000003),.UNSPECIFIED.);
#445=B_SPLINE_SURFACE_WITH_KNOTS('',2,1,((#11734,#11735),(#11736,#11737),
(#11738,#11739),(#11740,#11741)),.UNSPECIFIED.,.F.,.F.,.F.,(3,1,3),(2,2),
(-2.,-1.,0.),(0.,0.000100000000000003),.UNSPECIFIED.);
#446=B_SPLINE_SURFACE_WITH_KNOTS('',2,1,((#11753,#11754),(#11755,#11756),
(#11757,#11758),(#11759,#11760)),.UNSPECIFIED.,.F.,.F.,.F.,(3,1,3),(2,2),
(-2.,-1.,0.),(0.,0.000100000000000003),.UNSPECIFIED.);
#447=B_SPLINE_SURFACE_WITH_KNOTS('',2,1,((#11772,#11773),(#11774,#11775),
(#11776,#11777),(#11778,#11779)),.UNSPECIFIED.,.F.,.F.,.F.,(3,1,3),(2,2),
(-2.,-1.,0.),(0.,0.000100000000000003),.UNSPECIFIED.);
#448=B_SPLINE_SURFACE_WITH_KNOTS('',2,1,((#11791,#11792),(#11793,#11794),
(#11795,#11796),(#11797,#11798)),.UNSPECIFIED.,.F.,.F.,.F.,(3,1,3),(2,2),
(-2.,-1.,0.),(0.,0.000100000000000003),.UNSPECIFIED.);
#449=B_SPLINE_SURFACE_WITH_KNOTS('',2,1,((#11822,#11823),(#11824,#11825),
(#11826,#11827),(#11828,#11829)),.UNSPECIFIED.,.F.,.F.,.F.,(3,1,3),(2,2),
(-2.,-1.,0.),(0.,0.000100000000000003),.UNSPECIFIED.);
#450=B_SPLINE_SURFACE_WITH_KNOTS('',2,1,((#11841,#11842),(#11843,#11844),
(#11845,#11846),(#11847,#11848)),.UNSPECIFIED.,.F.,.F.,.F.,(3,1,3),(2,2),
(-2.,-1.,0.),(0.,0.000100000000000003),.UNSPECIFIED.);
#451=B_SPLINE_SURFACE_WITH_KNOTS('',2,1,((#11860,#11861),(#11862,#11863),
(#11864,#11865),(#11866,#11867)),.UNSPECIFIED.,.F.,.F.,.F.,(3,1,3),(2,2),
(-2.,-1.,0.),(0.,0.000100000000000003),.UNSPECIFIED.);
#452=B_SPLINE_SURFACE_WITH_KNOTS('',2,1,((#11879,#11880),(#11881,#11882),
(#11883,#11884),(#11885,#11886)),.UNSPECIFIED.,.F.,.F.,.F.,(3,1,3),(2,2),
(-2.,-1.,0.),(0.,0.000100000000000003),.UNSPECIFIED.);
#453=B_SPLINE_SURFACE_WITH_KNOTS('',2,1,((#11914,#11915),(#11916,#11917),
(#11918,#11919),(#11920,#11921)),.UNSPECIFIED.,.F.,.F.,.F.,(3,1,3),(2,2),
(-2.,-1.,0.),(0.,0.000100000000000003),.UNSPECIFIED.);
#454=B_SPLINE_SURFACE_WITH_KNOTS('',2,1,((#11936,#11937),(#11938,#11939),
(#11940,#11941),(#11942,#11943)),.UNSPECIFIED.,.F.,.F.,.F.,(3,1,3),(2,2),
(-2.,-1.,0.),(0.,0.000100000000000003),.UNSPECIFIED.);
#455=B_SPLINE_SURFACE_WITH_KNOTS('',2,1,((#11967,#11968),(#11969,#11970),
(#11971,#11972),(#11973,#11974)),.UNSPECIFIED.,.F.,.F.,.F.,(3,1,3),(2,2),
(-2.,-1.,0.),(0.,0.000100000000000003),.UNSPECIFIED.);
#456=B_SPLINE_SURFACE_WITH_KNOTS('',2,1,((#11986,#11987),(#11988,#11989),
(#11990,#11991),(#11992,#11993)),.UNSPECIFIED.,.F.,.F.,.F.,(3,1,3),(2,2),
(-2.,-1.,0.),(0.,0.000100000000000003),.UNSPECIFIED.);
#457=B_SPLINE_SURFACE_WITH_KNOTS('',2,1,((#12005,#12006),(#12007,#12008),
(#12009,#12010),(#12011,#12012)),.UNSPECIFIED.,.F.,.F.,.F.,(3,1,3),(2,2),
(-2.,-1.,0.),(0.,0.000100000000000003),.UNSPECIFIED.);
#458=B_SPLINE_SURFACE_WITH_KNOTS('',2,1,((#12024,#12025),(#12026,#12027),
(#12028,#12029),(#12030,#12031)),.UNSPECIFIED.,.F.,.F.,.F.,(3,1,3),(2,2),
(-2.,-1.,0.),(0.,0.000100000000000003),.UNSPECIFIED.);
#459=B_SPLINE_SURFACE_WITH_KNOTS('',2,1,((#12043,#12044),(#12045,#12046),
(#12047,#12048),(#12049,#12050)),.UNSPECIFIED.,.F.,.F.,.F.,(3,1,3),(2,2),
(-2.,-1.,0.),(0.,0.000100000000000003),.UNSPECIFIED.);
#460=B_SPLINE_SURFACE_WITH_KNOTS('',2,1,((#12062,#12063),(#12064,#12065),
(#12066,#12067),(#12068,#12069)),.UNSPECIFIED.,.F.,.F.,.F.,(3,1,3),(2,2),
(-2.,-1.,0.),(0.,0.000100000000000003),.UNSPECIFIED.);
#461=B_SPLINE_SURFACE_WITH_KNOTS('',2,1,((#12081,#12082),(#12083,#12084),
(#12085,#12086),(#12087,#12088)),.UNSPECIFIED.,.F.,.F.,.F.,(3,1,3),(2,2),
(-2.,-1.,0.),(0.,0.000100000000000003),.UNSPECIFIED.);
#462=B_SPLINE_SURFACE_WITH_KNOTS('',2,1,((#12136,#12137),(#12138,#12139),
(#12140,#12141),(#12142,#12143)),.UNSPECIFIED.,.F.,.F.,.F.,(3,1,3),(2,2),
(-2.,-1.,0.),(0.,0.000100000000000003),.UNSPECIFIED.);
#463=B_SPLINE_SURFACE_WITH_KNOTS('',2,1,((#12155,#12156),(#12157,#12158),
(#12159,#12160),(#12161,#12162)),.UNSPECIFIED.,.F.,.F.,.F.,(3,1,3),(2,2),
(-2.,-1.,0.),(0.,0.000100000000000003),.UNSPECIFIED.);
#464=B_SPLINE_SURFACE_WITH_KNOTS('',2,1,((#12174,#12175),(#12176,#12177),
(#12178,#12179),(#12180,#12181)),.UNSPECIFIED.,.F.,.F.,.F.,(3,1,3),(2,2),
(-2.,-1.,0.),(0.,0.000100000000000003),.UNSPECIFIED.);
#465=B_SPLINE_SURFACE_WITH_KNOTS('',2,1,((#12193,#12194),(#12195,#12196),
(#12197,#12198),(#12199,#12200)),.UNSPECIFIED.,.F.,.F.,.F.,(3,1,3),(2,2),
(-2.,-1.,0.),(0.,0.000100000000000003),.UNSPECIFIED.);
#466=B_SPLINE_SURFACE_WITH_KNOTS('',2,1,((#12284,#12285),(#12286,#12287),
(#12288,#12289),(#12290,#12291)),.UNSPECIFIED.,.F.,.F.,.F.,(3,1,3),(2,2),
(0.,1.,2.),(0.,0.000100000000000003),.UNSPECIFIED.);
#467=B_SPLINE_SURFACE_WITH_KNOTS('',2,1,((#12306,#12307),(#12308,#12309),
(#12310,#12311),(#12312,#12313)),.UNSPECIFIED.,.F.,.F.,.F.,(3,1,3),(2,2),
(0.,1.,2.),(0.,0.000100000000000003),.UNSPECIFIED.);
#468=B_SPLINE_SURFACE_WITH_KNOTS('',2,1,((#12325,#12326),(#12327,#12328),
(#12329,#12330),(#12331,#12332)),.UNSPECIFIED.,.F.,.F.,.F.,(3,1,3),(2,2),
(0.,1.,2.),(0.,0.000100000000000003),.UNSPECIFIED.);
#469=B_SPLINE_SURFACE_WITH_KNOTS('',2,1,((#12362,#12363),(#12364,#12365),
(#12366,#12367),(#12368,#12369)),.UNSPECIFIED.,.F.,.F.,.F.,(3,1,3),(2,2),
(0.,1.,2.),(0.,0.000100000000000003),.UNSPECIFIED.);
#470=B_SPLINE_SURFACE_WITH_KNOTS('',2,1,((#12381,#12382),(#12383,#12384),
(#12385,#12386),(#12387,#12388)),.UNSPECIFIED.,.F.,.F.,.F.,(3,1,3),(2,2),
(0.,1.,2.),(0.,0.000100000000000003),.UNSPECIFIED.);
#471=B_SPLINE_SURFACE_WITH_KNOTS('',2,1,((#12397,#12398),(#12399,#12400),
(#12401,#12402),(#12403,#12404)),.UNSPECIFIED.,.F.,.F.,.F.,(3,1,3),(2,2),
(-2.,-1.,0.),(0.,0.000100000000000003),.UNSPECIFIED.);
#472=B_SPLINE_SURFACE_WITH_KNOTS('',2,1,((#12419,#12420),(#12421,#12422),
(#12423,#12424),(#12425,#12426)),.UNSPECIFIED.,.F.,.F.,.F.,(3,1,3),(2,2),
(-2.,-1.,0.),(0.,0.000100000000000003),.UNSPECIFIED.);
#473=B_SPLINE_SURFACE_WITH_KNOTS('',2,1,((#12468,#12469),(#12470,#12471),
(#12472,#12473),(#12474,#12475)),.UNSPECIFIED.,.F.,.F.,.F.,(3,1,3),(2,2),
(-2.,-1.,0.),(0.,0.000100000000000003),.UNSPECIFIED.);
#474=B_SPLINE_SURFACE_WITH_KNOTS('',2,1,((#12487,#12488),(#12489,#12490),
(#12491,#12492),(#12493,#12494)),.UNSPECIFIED.,.F.,.F.,.F.,(3,1,3),(2,2),
(-2.,-1.,0.),(0.,0.000100000000000003),.UNSPECIFIED.);
#475=B_SPLINE_SURFACE_WITH_KNOTS('',2,1,((#12506,#12507),(#12508,#12509),
(#12510,#12511),(#12512,#12513)),.UNSPECIFIED.,.F.,.F.,.F.,(3,1,3),(2,2),
(-2.,-1.,0.),(0.,0.000100000000000003),.UNSPECIFIED.);
#476=B_SPLINE_SURFACE_WITH_KNOTS('',2,1,((#12584,#12585),(#12586,#12587),
(#12588,#12589),(#12590,#12591)),.UNSPECIFIED.,.F.,.F.,.F.,(3,1,3),(2,2),
(-2.,-1.,0.),(0.,0.000100000000000003),.UNSPECIFIED.);
#477=B_SPLINE_SURFACE_WITH_KNOTS('',2,1,((#12606,#12607),(#12608,#12609),
(#12610,#12611),(#12612,#12613)),.UNSPECIFIED.,.F.,.F.,.F.,(3,1,3),(2,2),
(-2.,-1.,0.),(0.,0.000100000000000003),.UNSPECIFIED.);
#478=B_SPLINE_SURFACE_WITH_KNOTS('',2,1,((#12637,#12638),(#12639,#12640),
(#12641,#12642),(#12643,#12644)),.UNSPECIFIED.,.F.,.F.,.F.,(3,1,3),(2,2),
(-2.,-1.,0.),(0.,0.000100000000000003),.UNSPECIFIED.);
#479=B_SPLINE_SURFACE_WITH_KNOTS('',2,1,((#12656,#12657),(#12658,#12659),
(#12660,#12661),(#12662,#12663)),.UNSPECIFIED.,.F.,.F.,.F.,(3,1,3),(2,2),
(-2.,-1.,0.),(0.,0.000100000000000003),.UNSPECIFIED.);
#480=B_SPLINE_SURFACE_WITH_KNOTS('',2,1,((#12675,#12676),(#12677,#12678),
(#12679,#12680),(#12681,#12682)),.UNSPECIFIED.,.F.,.F.,.F.,(3,1,3),(2,2),
(-2.,-1.,0.),(0.,0.000100000000000003),.UNSPECIFIED.);
#481=B_SPLINE_SURFACE_WITH_KNOTS('',2,1,((#12694,#12695),(#12696,#12697),
(#12698,#12699),(#12700,#12701)),.UNSPECIFIED.,.F.,.F.,.F.,(3,1,3),(2,2),
(-2.,-1.,0.),(0.,0.000100000000000003),.UNSPECIFIED.);
#482=B_SPLINE_SURFACE_WITH_KNOTS('',2,1,((#12713,#12714),(#12715,#12716),
(#12717,#12718),(#12719,#12720)),.UNSPECIFIED.,.F.,.F.,.F.,(3,1,3),(2,2),
(-2.,-1.,0.),(0.,0.000100000000000003),.UNSPECIFIED.);
#483=B_SPLINE_SURFACE_WITH_KNOTS('',2,1,((#12750,#12751),(#12752,#12753),
(#12754,#12755),(#12756,#12757)),.UNSPECIFIED.,.F.,.F.,.F.,(3,1,3),(2,2),
(-2.,-1.,0.),(0.,0.000100000000000003),.UNSPECIFIED.);
#484=B_SPLINE_SURFACE_WITH_KNOTS('',2,1,((#12769,#12770),(#12771,#12772),
(#12773,#12774),(#12775,#12776)),.UNSPECIFIED.,.F.,.F.,.F.,(3,1,3),(2,2),
(-2.,-1.,0.),(0.,0.000100000000000003),.UNSPECIFIED.);
#485=B_SPLINE_SURFACE_WITH_KNOTS('',2,1,((#12788,#12789),(#12790,#12791),
(#12792,#12793),(#12794,#12795)),.UNSPECIFIED.,.F.,.F.,.F.,(3,1,3),(2,2),
(-2.,-1.,0.),(0.,0.000100000000000003),.UNSPECIFIED.);
#486=B_SPLINE_SURFACE_WITH_KNOTS('',2,1,((#12807,#12808),(#12809,#12810),
(#12811,#12812),(#12813,#12814)),.UNSPECIFIED.,.F.,.F.,.F.,(3,1,3),(2,2),
(-2.,-1.,0.),(0.,0.000100000000000003),.UNSPECIFIED.);
#487=B_SPLINE_SURFACE_WITH_KNOTS('',2,1,((#12826,#12827),(#12828,#12829),
(#12830,#12831),(#12832,#12833)),.UNSPECIFIED.,.F.,.F.,.F.,(3,1,3),(2,2),
(-2.,-1.,0.),(0.,0.000100000000000003),.UNSPECIFIED.);
#488=B_SPLINE_SURFACE_WITH_KNOTS('',2,1,((#12845,#12846),(#12847,#12848),
(#12849,#12850),(#12851,#12852)),.UNSPECIFIED.,.F.,.F.,.F.,(3,1,3),(2,2),
(-2.,-1.,0.),(0.,0.000100000000000003),.UNSPECIFIED.);
#489=B_SPLINE_SURFACE_WITH_KNOTS('',2,1,((#12876,#12877),(#12878,#12879),
(#12880,#12881),(#12882,#12883)),.UNSPECIFIED.,.F.,.F.,.F.,(3,1,3),(2,2),
(-2.,-1.,0.),(0.,0.000100000000000003),.UNSPECIFIED.);
#490=B_SPLINE_SURFACE_WITH_KNOTS('',2,1,((#12895,#12896),(#12897,#12898),
(#12899,#12900),(#12901,#12902)),.UNSPECIFIED.,.F.,.F.,.F.,(3,1,3),(2,2),
(-2.,-1.,0.),(0.,0.000100000000000003),.UNSPECIFIED.);
#491=B_SPLINE_SURFACE_WITH_KNOTS('',2,1,((#12914,#12915),(#12916,#12917),
(#12918,#12919),(#12920,#12921)),.UNSPECIFIED.,.F.,.F.,.F.,(3,1,3),(2,2),
(-2.,-1.,0.),(0.,0.000100000000000003),.UNSPECIFIED.);
#492=B_SPLINE_SURFACE_WITH_KNOTS('',2,1,((#12933,#12934),(#12935,#12936),
(#12937,#12938),(#12939,#12940)),.UNSPECIFIED.,.F.,.F.,.F.,(3,1,3),(2,2),
(-2.,-1.,0.),(0.,0.000100000000000003),.UNSPECIFIED.);
#493=B_SPLINE_SURFACE_WITH_KNOTS('',2,1,((#12958,#12959),(#12960,#12961),
(#12962,#12963),(#12964,#12965)),.UNSPECIFIED.,.F.,.F.,.F.,(3,1,3),(2,2),
(-2.,-1.,0.),(0.,0.000100000000000003),.UNSPECIFIED.);
#494=B_SPLINE_SURFACE_WITH_KNOTS('',2,1,((#12977,#12978),(#12979,#12980),
(#12981,#12982),(#12983,#12984)),.UNSPECIFIED.,.F.,.F.,.F.,(3,1,3),(2,2),
(-2.,-1.,0.),(0.,0.000100000000000003),.UNSPECIFIED.);
#495=B_SPLINE_SURFACE_WITH_KNOTS('',2,1,((#12996,#12997),(#12998,#12999),
(#13000,#13001),(#13002,#13003)),.UNSPECIFIED.,.F.,.F.,.F.,(3,1,3),(2,2),
(-2.,-1.,0.),(0.,0.000100000000000003),.UNSPECIFIED.);
#496=B_SPLINE_SURFACE_WITH_KNOTS('',2,1,((#13353,#13354),(#13355,#13356),
(#13357,#13358),(#13359,#13360)),.UNSPECIFIED.,.F.,.F.,.F.,(3,1,3),(2,2),
(-2.,-1.,0.),(0.,0.000100000000000003),.UNSPECIFIED.);
#497=B_SPLINE_SURFACE_WITH_KNOTS('',2,1,((#13375,#13376),(#13377,#13378),
(#13379,#13380),(#13381,#13382)),.UNSPECIFIED.,.F.,.F.,.F.,(3,1,3),(2,2),
(-2.,-1.,0.),(0.,0.000100000000000003),.UNSPECIFIED.);
#498=B_SPLINE_SURFACE_WITH_KNOTS('',2,1,((#13394,#13395),(#13396,#13397),
(#13398,#13399),(#13400,#13401)),.UNSPECIFIED.,.F.,.F.,.F.,(3,1,3),(2,2),
(-2.,-1.,0.),(0.,0.000100000000000003),.UNSPECIFIED.);
#499=B_SPLINE_SURFACE_WITH_KNOTS('',2,1,((#13413,#13414),(#13415,#13416),
(#13417,#13418)),.UNSPECIFIED.,.F.,.F.,.F.,(3,3),(2,2),(-1.,0.),(0.,0.000100000000000003),
 .UNSPECIFIED.);
#500=B_SPLINE_SURFACE_WITH_KNOTS('',2,1,((#13428,#13429),(#13430,#13431),
(#13432,#13433)),.UNSPECIFIED.,.F.,.F.,.F.,(3,3),(2,2),(-1.,0.),(0.,0.000100000000000003),
 .UNSPECIFIED.);
#501=B_SPLINE_SURFACE_WITH_KNOTS('',2,1,((#13449,#13450),(#13451,#13452),
(#13453,#13454),(#13455,#13456)),.UNSPECIFIED.,.F.,.F.,.F.,(3,1,3),(2,2),
(-2.,-1.,0.),(0.,0.000100000000000003),.UNSPECIFIED.);
#502=B_SPLINE_SURFACE_WITH_KNOTS('',2,1,((#13468,#13469),(#13470,#13471),
(#13472,#13473),(#13474,#13475)),.UNSPECIFIED.,.F.,.F.,.F.,(3,1,3),(2,2),
(-2.,-1.,0.),(0.,0.000100000000000003),.UNSPECIFIED.);
#503=B_SPLINE_SURFACE_WITH_KNOTS('',2,1,((#13487,#13488),(#13489,#13490),
(#13491,#13492),(#13493,#13494)),.UNSPECIFIED.,.F.,.F.,.F.,(3,1,3),(2,2),
(-2.,-1.,0.),(0.,0.000100000000000003),.UNSPECIFIED.);
#504=B_SPLINE_SURFACE_WITH_KNOTS('',2,1,((#13506,#13507),(#13508,#13509),
(#13510,#13511),(#13512,#13513)),.UNSPECIFIED.,.F.,.F.,.F.,(3,1,3),(2,2),
(-2.,-1.,0.),(0.,0.000100000000000003),.UNSPECIFIED.);
#505=FACE_OUTER_BOUND('',#972,.T.);
#506=FACE_OUTER_BOUND('',#973,.T.);
#507=FACE_OUTER_BOUND('',#974,.T.);
#508=FACE_OUTER_BOUND('',#975,.T.);
#509=FACE_OUTER_BOUND('',#976,.T.);
#510=FACE_OUTER_BOUND('',#977,.T.);
#511=FACE_OUTER_BOUND('',#978,.T.);
#512=FACE_OUTER_BOUND('',#979,.T.);
#513=FACE_OUTER_BOUND('',#980,.T.);
#514=FACE_OUTER_BOUND('',#981,.T.);
#515=FACE_OUTER_BOUND('',#982,.T.);
#516=FACE_OUTER_BOUND('',#983,.T.);
#517=FACE_OUTER_BOUND('',#984,.T.);
#518=FACE_OUTER_BOUND('',#985,.T.);
#519=FACE_OUTER_BOUND('',#986,.T.);
#520=FACE_OUTER_BOUND('',#987,.T.);
#521=FACE_OUTER_BOUND('',#988,.T.);
#522=FACE_OUTER_BOUND('',#990,.T.);
#523=FACE_OUTER_BOUND('',#991,.T.);
#524=FACE_OUTER_BOUND('',#992,.T.);
#525=FACE_OUTER_BOUND('',#993,.T.);
#526=FACE_OUTER_BOUND('',#994,.T.);
#527=FACE_OUTER_BOUND('',#995,.T.);
#528=FACE_OUTER_BOUND('',#996,.T.);
#529=FACE_OUTER_BOUND('',#997,.T.);
#530=FACE_OUTER_BOUND('',#998,.T.);
#531=FACE_OUTER_BOUND('',#999,.T.);
#532=FACE_OUTER_BOUND('',#1000,.T.);
#533=FACE_OUTER_BOUND('',#1001,.T.);
#534=FACE_OUTER_BOUND('',#1002,.T.);
#535=FACE_OUTER_BOUND('',#1003,.T.);
#536=FACE_OUTER_BOUND('',#1004,.T.);
#537=FACE_OUTER_BOUND('',#1005,.T.);
#538=FACE_OUTER_BOUND('',#1006,.T.);
#539=FACE_OUTER_BOUND('',#1007,.T.);
#540=FACE_OUTER_BOUND('',#1008,.T.);
#541=FACE_OUTER_BOUND('',#1009,.T.);
#542=FACE_OUTER_BOUND('',#1010,.T.);
#543=FACE_OUTER_BOUND('',#1011,.T.);
#544=FACE_OUTER_BOUND('',#1012,.T.);
#545=FACE_OUTER_BOUND('',#1013,.T.);
#546=FACE_OUTER_BOUND('',#1014,.T.);
#547=FACE_OUTER_BOUND('',#1015,.T.);
#548=FACE_OUTER_BOUND('',#1016,.T.);
#549=FACE_OUTER_BOUND('',#1017,.T.);
#550=FACE_OUTER_BOUND('',#1018,.T.);
#551=FACE_OUTER_BOUND('',#1019,.T.);
#552=FACE_OUTER_BOUND('',#1020,.T.);
#553=FACE_OUTER_BOUND('',#1022,.T.);
#554=FACE_OUTER_BOUND('',#1023,.T.);
#555=FACE_OUTER_BOUND('',#1024,.T.);
#556=FACE_OUTER_BOUND('',#1025,.T.);
#557=FACE_OUTER_BOUND('',#1026,.T.);
#558=FACE_OUTER_BOUND('',#1027,.T.);
#559=FACE_OUTER_BOUND('',#1028,.T.);
#560=FACE_OUTER_BOUND('',#1029,.T.);
#561=FACE_OUTER_BOUND('',#1030,.T.);
#562=FACE_OUTER_BOUND('',#1031,.T.);
#563=FACE_OUTER_BOUND('',#1032,.T.);
#564=FACE_OUTER_BOUND('',#1033,.T.);
#565=FACE_OUTER_BOUND('',#1034,.T.);
#566=FACE_OUTER_BOUND('',#1036,.T.);
#567=FACE_OUTER_BOUND('',#1037,.T.);
#568=FACE_OUTER_BOUND('',#1038,.T.);
#569=FACE_OUTER_BOUND('',#1039,.T.);
#570=FACE_OUTER_BOUND('',#1040,.T.);
#571=FACE_OUTER_BOUND('',#1041,.T.);
#572=FACE_OUTER_BOUND('',#1042,.T.);
#573=FACE_OUTER_BOUND('',#1043,.T.);
#574=FACE_OUTER_BOUND('',#1044,.T.);
#575=FACE_OUTER_BOUND('',#1045,.T.);
#576=FACE_OUTER_BOUND('',#1046,.T.);
#577=FACE_OUTER_BOUND('',#1047,.T.);
#578=FACE_OUTER_BOUND('',#1048,.T.);
#579=FACE_OUTER_BOUND('',#1049,.T.);
#580=FACE_OUTER_BOUND('',#1050,.T.);
#581=FACE_OUTER_BOUND('',#1051,.T.);
#582=FACE_OUTER_BOUND('',#1052,.T.);
#583=FACE_OUTER_BOUND('',#1053,.T.);
#584=FACE_OUTER_BOUND('',#1054,.T.);
#585=FACE_OUTER_BOUND('',#1055,.T.);
#586=FACE_OUTER_BOUND('',#1056,.T.);
#587=FACE_OUTER_BOUND('',#1057,.T.);
#588=FACE_OUTER_BOUND('',#1058,.T.);
#589=FACE_OUTER_BOUND('',#1059,.T.);
#590=FACE_OUTER_BOUND('',#1060,.T.);
#591=FACE_OUTER_BOUND('',#1061,.T.);
#592=FACE_OUTER_BOUND('',#1062,.T.);
#593=FACE_OUTER_BOUND('',#1063,.T.);
#594=FACE_OUTER_BOUND('',#1064,.T.);
#595=FACE_OUTER_BOUND('',#1065,.T.);
#596=FACE_OUTER_BOUND('',#1066,.T.);
#597=FACE_OUTER_BOUND('',#1067,.T.);
#598=FACE_OUTER_BOUND('',#1068,.T.);
#599=FACE_OUTER_BOUND('',#1069,.T.);
#600=FACE_OUTER_BOUND('',#1070,.T.);
#601=FACE_OUTER_BOUND('',#1071,.T.);
#602=FACE_OUTER_BOUND('',#1072,.T.);
#603=FACE_OUTER_BOUND('',#1073,.T.);
#604=FACE_OUTER_BOUND('',#1074,.T.);
#605=FACE_OUTER_BOUND('',#1075,.T.);
#606=FACE_OUTER_BOUND('',#1076,.T.);
#607=FACE_OUTER_BOUND('',#1077,.T.);
#608=FACE_OUTER_BOUND('',#1078,.T.);
#609=FACE_OUTER_BOUND('',#1079,.T.);
#610=FACE_OUTER_BOUND('',#1080,.T.);
#611=FACE_OUTER_BOUND('',#1081,.T.);
#612=FACE_OUTER_BOUND('',#1082,.T.);
#613=FACE_OUTER_BOUND('',#1083,.T.);
#614=FACE_OUTER_BOUND('',#1084,.T.);
#615=FACE_OUTER_BOUND('',#1085,.T.);
#616=FACE_OUTER_BOUND('',#1086,.T.);
#617=FACE_OUTER_BOUND('',#1087,.T.);
#618=FACE_OUTER_BOUND('',#1089,.T.);
#619=FACE_OUTER_BOUND('',#1090,.T.);
#620=FACE_OUTER_BOUND('',#1091,.T.);
#621=FACE_OUTER_BOUND('',#1092,.T.);
#622=FACE_OUTER_BOUND('',#1093,.T.);
#623=FACE_OUTER_BOUND('',#1094,.T.);
#624=FACE_OUTER_BOUND('',#1095,.T.);
#625=FACE_OUTER_BOUND('',#1096,.T.);
#626=FACE_OUTER_BOUND('',#1097,.T.);
#627=FACE_OUTER_BOUND('',#1098,.T.);
#628=FACE_OUTER_BOUND('',#1099,.T.);
#629=FACE_OUTER_BOUND('',#1100,.T.);
#630=FACE_OUTER_BOUND('',#1101,.T.);
#631=FACE_OUTER_BOUND('',#1102,.T.);
#632=FACE_OUTER_BOUND('',#1103,.T.);
#633=FACE_OUTER_BOUND('',#1104,.T.);
#634=FACE_OUTER_BOUND('',#1105,.T.);
#635=FACE_OUTER_BOUND('',#1106,.T.);
#636=FACE_OUTER_BOUND('',#1107,.T.);
#637=FACE_OUTER_BOUND('',#1109,.T.);
#638=FACE_OUTER_BOUND('',#1110,.T.);
#639=FACE_OUTER_BOUND('',#1111,.T.);
#640=FACE_OUTER_BOUND('',#1112,.T.);
#641=FACE_OUTER_BOUND('',#1113,.T.);
#642=FACE_OUTER_BOUND('',#1114,.T.);
#643=FACE_OUTER_BOUND('',#1115,.T.);
#644=FACE_OUTER_BOUND('',#1116,.T.);
#645=FACE_OUTER_BOUND('',#1117,.T.);
#646=FACE_OUTER_BOUND('',#1118,.T.);
#647=FACE_OUTER_BOUND('',#1119,.T.);
#648=FACE_OUTER_BOUND('',#1120,.T.);
#649=FACE_OUTER_BOUND('',#1121,.T.);
#650=FACE_OUTER_BOUND('',#1122,.T.);
#651=FACE_OUTER_BOUND('',#1123,.T.);
#652=FACE_OUTER_BOUND('',#1124,.T.);
#653=FACE_OUTER_BOUND('',#1125,.T.);
#654=FACE_OUTER_BOUND('',#1126,.T.);
#655=FACE_OUTER_BOUND('',#1127,.T.);
#656=FACE_OUTER_BOUND('',#1128,.T.);
#657=FACE_OUTER_BOUND('',#1129,.T.);
#658=FACE_OUTER_BOUND('',#1130,.T.);
#659=FACE_OUTER_BOUND('',#1131,.T.);
#660=FACE_OUTER_BOUND('',#1132,.T.);
#661=FACE_OUTER_BOUND('',#1133,.T.);
#662=FACE_OUTER_BOUND('',#1134,.T.);
#663=FACE_OUTER_BOUND('',#1135,.T.);
#664=FACE_OUTER_BOUND('',#1136,.T.);
#665=FACE_OUTER_BOUND('',#1137,.T.);
#666=FACE_OUTER_BOUND('',#1138,.T.);
#667=FACE_OUTER_BOUND('',#1139,.T.);
#668=FACE_OUTER_BOUND('',#1140,.T.);
#669=FACE_OUTER_BOUND('',#1141,.T.);
#670=FACE_OUTER_BOUND('',#1142,.T.);
#671=FACE_OUTER_BOUND('',#1143,.T.);
#672=FACE_OUTER_BOUND('',#1144,.T.);
#673=FACE_OUTER_BOUND('',#1145,.T.);
#674=FACE_OUTER_BOUND('',#1146,.T.);
#675=FACE_OUTER_BOUND('',#1147,.T.);
#676=FACE_OUTER_BOUND('',#1148,.T.);
#677=FACE_OUTER_BOUND('',#1149,.T.);
#678=FACE_OUTER_BOUND('',#1150,.T.);
#679=FACE_OUTER_BOUND('',#1151,.T.);
#680=FACE_OUTER_BOUND('',#1152,.T.);
#681=FACE_OUTER_BOUND('',#1153,.T.);
#682=FACE_OUTER_BOUND('',#1154,.T.);
#683=FACE_OUTER_BOUND('',#1155,.T.);
#684=FACE_OUTER_BOUND('',#1156,.T.);
#685=FACE_OUTER_BOUND('',#1157,.T.);
#686=FACE_OUTER_BOUND('',#1158,.T.);
#687=FACE_OUTER_BOUND('',#1159,.T.);
#688=FACE_OUTER_BOUND('',#1160,.T.);
#689=FACE_OUTER_BOUND('',#1161,.T.);
#690=FACE_OUTER_BOUND('',#1162,.T.);
#691=FACE_OUTER_BOUND('',#1163,.T.);
#692=FACE_OUTER_BOUND('',#1164,.T.);
#693=FACE_OUTER_BOUND('',#1165,.T.);
#694=FACE_OUTER_BOUND('',#1166,.T.);
#695=FACE_OUTER_BOUND('',#1167,.T.);
#696=FACE_OUTER_BOUND('',#1168,.T.);
#697=FACE_OUTER_BOUND('',#1192,.T.);
#698=FACE_OUTER_BOUND('',#1193,.T.);
#699=FACE_OUTER_BOUND('',#1206,.T.);
#700=FACE_OUTER_BOUND('',#1207,.T.);
#701=FACE_OUTER_BOUND('',#1208,.T.);
#702=FACE_OUTER_BOUND('',#1209,.T.);
#703=FACE_OUTER_BOUND('',#1210,.T.);
#704=FACE_OUTER_BOUND('',#1211,.T.);
#705=FACE_OUTER_BOUND('',#1212,.T.);
#706=FACE_OUTER_BOUND('',#1213,.T.);
#707=FACE_OUTER_BOUND('',#1214,.T.);
#708=FACE_OUTER_BOUND('',#1215,.T.);
#709=FACE_OUTER_BOUND('',#1216,.T.);
#710=FACE_OUTER_BOUND('',#1217,.T.);
#711=FACE_OUTER_BOUND('',#1218,.T.);
#712=FACE_OUTER_BOUND('',#1219,.T.);
#713=FACE_OUTER_BOUND('',#1220,.T.);
#714=FACE_OUTER_BOUND('',#1221,.T.);
#715=FACE_OUTER_BOUND('',#1223,.T.);
#716=FACE_OUTER_BOUND('',#1224,.T.);
#717=FACE_OUTER_BOUND('',#1225,.T.);
#718=FACE_OUTER_BOUND('',#1226,.T.);
#719=FACE_OUTER_BOUND('',#1227,.T.);
#720=FACE_OUTER_BOUND('',#1228,.T.);
#721=FACE_OUTER_BOUND('',#1229,.T.);
#722=FACE_OUTER_BOUND('',#1230,.T.);
#723=FACE_OUTER_BOUND('',#1231,.T.);
#724=FACE_OUTER_BOUND('',#1232,.T.);
#725=FACE_OUTER_BOUND('',#1233,.T.);
#726=FACE_OUTER_BOUND('',#1234,.T.);
#727=FACE_OUTER_BOUND('',#1235,.T.);
#728=FACE_OUTER_BOUND('',#1236,.T.);
#729=FACE_OUTER_BOUND('',#1237,.T.);
#730=FACE_OUTER_BOUND('',#1238,.T.);
#731=FACE_OUTER_BOUND('',#1239,.T.);
#732=FACE_OUTER_BOUND('',#1240,.T.);
#733=FACE_OUTER_BOUND('',#1241,.T.);
#734=FACE_OUTER_BOUND('',#1242,.T.);
#735=FACE_OUTER_BOUND('',#1243,.T.);
#736=FACE_OUTER_BOUND('',#1244,.T.);
#737=FACE_OUTER_BOUND('',#1245,.T.);
#738=FACE_OUTER_BOUND('',#1246,.T.);
#739=FACE_OUTER_BOUND('',#1247,.T.);
#740=FACE_OUTER_BOUND('',#1248,.T.);
#741=FACE_OUTER_BOUND('',#1249,.T.);
#742=FACE_OUTER_BOUND('',#1250,.T.);
#743=FACE_OUTER_BOUND('',#1251,.T.);
#744=FACE_OUTER_BOUND('',#1252,.T.);
#745=FACE_OUTER_BOUND('',#1253,.T.);
#746=FACE_OUTER_BOUND('',#1254,.T.);
#747=FACE_OUTER_BOUND('',#1255,.T.);
#748=FACE_OUTER_BOUND('',#1256,.T.);
#749=FACE_OUTER_BOUND('',#1257,.T.);
#750=FACE_OUTER_BOUND('',#1258,.T.);
#751=FACE_OUTER_BOUND('',#1259,.T.);
#752=FACE_OUTER_BOUND('',#1260,.T.);
#753=FACE_OUTER_BOUND('',#1261,.T.);
#754=FACE_OUTER_BOUND('',#1262,.T.);
#755=FACE_OUTER_BOUND('',#1263,.T.);
#756=FACE_OUTER_BOUND('',#1264,.T.);
#757=FACE_OUTER_BOUND('',#1265,.T.);
#758=FACE_OUTER_BOUND('',#1266,.T.);
#759=FACE_OUTER_BOUND('',#1267,.T.);
#760=FACE_OUTER_BOUND('',#1268,.T.);
#761=FACE_OUTER_BOUND('',#1269,.T.);
#762=FACE_OUTER_BOUND('',#1270,.T.);
#763=FACE_OUTER_BOUND('',#1271,.T.);
#764=FACE_OUTER_BOUND('',#1272,.T.);
#765=FACE_OUTER_BOUND('',#1273,.T.);
#766=FACE_OUTER_BOUND('',#1274,.T.);
#767=FACE_OUTER_BOUND('',#1275,.T.);
#768=FACE_OUTER_BOUND('',#1276,.T.);
#769=FACE_OUTER_BOUND('',#1277,.T.);
#770=FACE_OUTER_BOUND('',#1278,.T.);
#771=FACE_OUTER_BOUND('',#1279,.T.);
#772=FACE_OUTER_BOUND('',#1280,.T.);
#773=FACE_OUTER_BOUND('',#1281,.T.);
#774=FACE_OUTER_BOUND('',#1282,.T.);
#775=FACE_OUTER_BOUND('',#1283,.T.);
#776=FACE_OUTER_BOUND('',#1284,.T.);
#777=FACE_OUTER_BOUND('',#1285,.T.);
#778=FACE_OUTER_BOUND('',#1286,.T.);
#779=FACE_OUTER_BOUND('',#1287,.T.);
#780=FACE_OUTER_BOUND('',#1288,.T.);
#781=FACE_OUTER_BOUND('',#1289,.T.);
#782=FACE_OUTER_BOUND('',#1290,.T.);
#783=FACE_OUTER_BOUND('',#1291,.T.);
#784=FACE_OUTER_BOUND('',#1292,.T.);
#785=FACE_OUTER_BOUND('',#1293,.T.);
#786=FACE_OUTER_BOUND('',#1294,.T.);
#787=FACE_OUTER_BOUND('',#1295,.T.);
#788=FACE_OUTER_BOUND('',#1296,.T.);
#789=FACE_OUTER_BOUND('',#1297,.T.);
#790=FACE_OUTER_BOUND('',#1298,.T.);
#791=FACE_OUTER_BOUND('',#1299,.T.);
#792=FACE_OUTER_BOUND('',#1300,.T.);
#793=FACE_OUTER_BOUND('',#1301,.T.);
#794=FACE_OUTER_BOUND('',#1302,.T.);
#795=FACE_OUTER_BOUND('',#1303,.T.);
#796=FACE_OUTER_BOUND('',#1304,.T.);
#797=FACE_OUTER_BOUND('',#1305,.T.);
#798=FACE_OUTER_BOUND('',#1306,.T.);
#799=FACE_OUTER_BOUND('',#1307,.T.);
#800=FACE_OUTER_BOUND('',#1308,.T.);
#801=FACE_OUTER_BOUND('',#1309,.T.);
#802=FACE_OUTER_BOUND('',#1310,.T.);
#803=FACE_OUTER_BOUND('',#1311,.T.);
#804=FACE_OUTER_BOUND('',#1312,.T.);
#805=FACE_OUTER_BOUND('',#1313,.T.);
#806=FACE_OUTER_BOUND('',#1314,.T.);
#807=FACE_OUTER_BOUND('',#1315,.T.);
#808=FACE_OUTER_BOUND('',#1316,.T.);
#809=FACE_OUTER_BOUND('',#1317,.T.);
#810=FACE_OUTER_BOUND('',#1318,.T.);
#811=FACE_OUTER_BOUND('',#1319,.T.);
#812=FACE_OUTER_BOUND('',#1320,.T.);
#813=FACE_OUTER_BOUND('',#1321,.T.);
#814=FACE_OUTER_BOUND('',#1322,.T.);
#815=FACE_OUTER_BOUND('',#1323,.T.);
#816=FACE_OUTER_BOUND('',#1324,.T.);
#817=FACE_OUTER_BOUND('',#1325,.T.);
#818=FACE_OUTER_BOUND('',#1326,.T.);
#819=FACE_OUTER_BOUND('',#1327,.T.);
#820=FACE_OUTER_BOUND('',#1328,.T.);
#821=FACE_OUTER_BOUND('',#1329,.T.);
#822=FACE_OUTER_BOUND('',#1330,.T.);
#823=FACE_OUTER_BOUND('',#1331,.T.);
#824=FACE_OUTER_BOUND('',#1332,.T.);
#825=FACE_OUTER_BOUND('',#1333,.T.);
#826=FACE_OUTER_BOUND('',#1334,.T.);
#827=FACE_OUTER_BOUND('',#1335,.T.);
#828=FACE_OUTER_BOUND('',#1336,.T.);
#829=FACE_OUTER_BOUND('',#1337,.T.);
#830=FACE_OUTER_BOUND('',#1338,.T.);
#831=FACE_OUTER_BOUND('',#1339,.T.);
#832=FACE_OUTER_BOUND('',#1340,.T.);
#833=FACE_OUTER_BOUND('',#1341,.T.);
#834=FACE_OUTER_BOUND('',#1342,.T.);
#835=FACE_OUTER_BOUND('',#1343,.T.);
#836=FACE_OUTER_BOUND('',#1344,.T.);
#837=FACE_OUTER_BOUND('',#1345,.T.);
#838=FACE_OUTER_BOUND('',#1346,.T.);
#839=FACE_OUTER_BOUND('',#1347,.T.);
#840=FACE_OUTER_BOUND('',#1348,.T.);
#841=FACE_OUTER_BOUND('',#1349,.T.);
#842=FACE_OUTER_BOUND('',#1350,.T.);
#843=FACE_OUTER_BOUND('',#1351,.T.);
#844=FACE_OUTER_BOUND('',#1352,.T.);
#845=FACE_OUTER_BOUND('',#1353,.T.);
#846=FACE_OUTER_BOUND('',#1354,.T.);
#847=FACE_OUTER_BOUND('',#1355,.T.);
#848=FACE_OUTER_BOUND('',#1356,.T.);
#849=FACE_OUTER_BOUND('',#1357,.T.);
#850=FACE_OUTER_BOUND('',#1358,.T.);
#851=FACE_OUTER_BOUND('',#1359,.T.);
#852=FACE_OUTER_BOUND('',#1360,.T.);
#853=FACE_OUTER_BOUND('',#1361,.T.);
#854=FACE_OUTER_BOUND('',#1362,.T.);
#855=FACE_OUTER_BOUND('',#1363,.T.);
#856=FACE_OUTER_BOUND('',#1364,.T.);
#857=FACE_OUTER_BOUND('',#1365,.T.);
#858=FACE_OUTER_BOUND('',#1366,.T.);
#859=FACE_OUTER_BOUND('',#1367,.T.);
#860=FACE_OUTER_BOUND('',#1368,.T.);
#861=FACE_OUTER_BOUND('',#1369,.T.);
#862=FACE_OUTER_BOUND('',#1370,.T.);
#863=FACE_OUTER_BOUND('',#1371,.T.);
#864=FACE_OUTER_BOUND('',#1372,.T.);
#865=FACE_OUTER_BOUND('',#1373,.T.);
#866=FACE_OUTER_BOUND('',#1374,.T.);
#867=FACE_OUTER_BOUND('',#1375,.T.);
#868=FACE_OUTER_BOUND('',#1376,.T.);
#869=FACE_OUTER_BOUND('',#1377,.T.);
#870=FACE_OUTER_BOUND('',#1378,.T.);
#871=FACE_OUTER_BOUND('',#1379,.T.);
#872=FACE_OUTER_BOUND('',#1380,.T.);
#873=FACE_OUTER_BOUND('',#1381,.T.);
#874=FACE_OUTER_BOUND('',#1382,.T.);
#875=FACE_OUTER_BOUND('',#1383,.T.);
#876=FACE_OUTER_BOUND('',#1384,.T.);
#877=FACE_OUTER_BOUND('',#1385,.T.);
#878=FACE_OUTER_BOUND('',#1386,.T.);
#879=FACE_OUTER_BOUND('',#1387,.T.);
#880=FACE_OUTER_BOUND('',#1388,.T.);
#881=FACE_OUTER_BOUND('',#1389,.T.);
#882=FACE_OUTER_BOUND('',#1390,.T.);
#883=FACE_OUTER_BOUND('',#1391,.T.);
#884=FACE_OUTER_BOUND('',#1392,.T.);
#885=FACE_OUTER_BOUND('',#1393,.T.);
#886=FACE_OUTER_BOUND('',#1394,.T.);
#887=FACE_OUTER_BOUND('',#1395,.T.);
#888=FACE_OUTER_BOUND('',#1396,.T.);
#889=FACE_OUTER_BOUND('',#1397,.T.);
#890=FACE_OUTER_BOUND('',#1398,.T.);
#891=FACE_OUTER_BOUND('',#1399,.T.);
#892=FACE_OUTER_BOUND('',#1400,.T.);
#893=FACE_OUTER_BOUND('',#1401,.T.);
#894=FACE_OUTER_BOUND('',#1402,.T.);
#895=FACE_OUTER_BOUND('',#1403,.T.);
#896=FACE_OUTER_BOUND('',#1404,.T.);
#897=FACE_OUTER_BOUND('',#1405,.T.);
#898=FACE_OUTER_BOUND('',#1406,.T.);
#899=FACE_OUTER_BOUND('',#1407,.T.);
#900=FACE_OUTER_BOUND('',#1408,.T.);
#901=FACE_OUTER_BOUND('',#1409,.T.);
#902=FACE_OUTER_BOUND('',#1410,.T.);
#903=FACE_OUTER_BOUND('',#1411,.T.);
#904=FACE_OUTER_BOUND('',#1412,.T.);
#905=FACE_OUTER_BOUND('',#1413,.T.);
#906=FACE_OUTER_BOUND('',#1414,.T.);
#907=FACE_OUTER_BOUND('',#1415,.T.);
#908=FACE_OUTER_BOUND('',#1416,.T.);
#909=FACE_OUTER_BOUND('',#1417,.T.);
#910=FACE_OUTER_BOUND('',#1418,.T.);
#911=FACE_OUTER_BOUND('',#1419,.T.);
#912=FACE_OUTER_BOUND('',#1420,.T.);
#913=FACE_OUTER_BOUND('',#1421,.T.);
#914=FACE_OUTER_BOUND('',#1422,.T.);
#915=FACE_OUTER_BOUND('',#1423,.T.);
#916=FACE_OUTER_BOUND('',#1424,.T.);
#917=FACE_OUTER_BOUND('',#1425,.T.);
#918=FACE_OUTER_BOUND('',#1426,.T.);
#919=FACE_OUTER_BOUND('',#1427,.T.);
#920=FACE_OUTER_BOUND('',#1428,.T.);
#921=FACE_OUTER_BOUND('',#1429,.T.);
#922=FACE_OUTER_BOUND('',#1430,.T.);
#923=FACE_OUTER_BOUND('',#1431,.T.);
#924=FACE_OUTER_BOUND('',#1432,.T.);
#925=FACE_OUTER_BOUND('',#1433,.T.);
#926=FACE_OUTER_BOUND('',#1434,.T.);
#927=FACE_OUTER_BOUND('',#1435,.T.);
#928=FACE_OUTER_BOUND('',#1436,.T.);
#929=FACE_OUTER_BOUND('',#1437,.T.);
#930=FACE_OUTER_BOUND('',#1438,.T.);
#931=FACE_OUTER_BOUND('',#1439,.T.);
#932=FACE_OUTER_BOUND('',#1440,.T.);
#933=FACE_OUTER_BOUND('',#1441,.T.);
#934=FACE_OUTER_BOUND('',#1442,.T.);
#935=FACE_OUTER_BOUND('',#1443,.T.);
#936=FACE_OUTER_BOUND('',#1444,.T.);
#937=FACE_OUTER_BOUND('',#1445,.T.);
#938=FACE_OUTER_BOUND('',#1446,.T.);
#939=FACE_OUTER_BOUND('',#1455,.T.);
#940=FACE_OUTER_BOUND('',#1456,.T.);
#941=FACE_OUTER_BOUND('',#1457,.T.);
#942=FACE_OUTER_BOUND('',#1458,.T.);
#943=FACE_OUTER_BOUND('',#1459,.T.);
#944=FACE_OUTER_BOUND('',#1486,.T.);
#945=FACE_OUTER_BOUND('',#1490,.T.);
#946=FACE_OUTER_BOUND('',#1491,.T.);
#947=FACE_OUTER_BOUND('',#1492,.T.);
#948=FACE_OUTER_BOUND('',#1493,.T.);
#949=FACE_OUTER_BOUND('',#1494,.T.);
#950=FACE_OUTER_BOUND('',#1495,.T.);
#951=FACE_OUTER_BOUND('',#1496,.T.);
#952=FACE_OUTER_BOUND('',#1497,.T.);
#953=FACE_OUTER_BOUND('',#1498,.T.);
#954=FACE_OUTER_BOUND('',#1499,.T.);
#955=FACE_OUTER_BOUND('',#1500,.T.);
#956=FACE_OUTER_BOUND('',#1501,.T.);
#957=FACE_OUTER_BOUND('',#1502,.T.);
#958=FACE_OUTER_BOUND('',#1503,.T.);
#959=FACE_OUTER_BOUND('',#1504,.T.);
#960=FACE_OUTER_BOUND('',#1505,.T.);
#961=FACE_OUTER_BOUND('',#1506,.T.);
#962=FACE_OUTER_BOUND('',#1507,.T.);
#963=FACE_OUTER_BOUND('',#1508,.T.);
#964=FACE_OUTER_BOUND('',#1509,.T.);
#965=FACE_OUTER_BOUND('',#1510,.T.);
#966=FACE_OUTER_BOUND('',#1511,.T.);
#967=FACE_OUTER_BOUND('',#1512,.T.);
#968=FACE_OUTER_BOUND('',#1513,.T.);
#969=FACE_OUTER_BOUND('',#1514,.T.);
#970=FACE_OUTER_BOUND('',#1515,.T.);
#971=FACE_OUTER_BOUND('',#1516,.T.);
#972=EDGE_LOOP('',(#5426,#5427,#5428,#5429));
#973=EDGE_LOOP('',(#5430,#5431,#5432,#5433));
#974=EDGE_LOOP('',(#5434,#5435,#5436,#5437));
#975=EDGE_LOOP('',(#5438,#5439,#5440,#5441));
#976=EDGE_LOOP('',(#5442,#5443,#5444,#5445));
#977=EDGE_LOOP('',(#5446,#5447,#5448,#5449));
#978=EDGE_LOOP('',(#5450,#5451,#5452,#5453));
#979=EDGE_LOOP('',(#5454,#5455,#5456,#5457));
#980=EDGE_LOOP('',(#5458,#5459,#5460,#5461));
#981=EDGE_LOOP('',(#5462,#5463,#5464,#5465));
#982=EDGE_LOOP('',(#5466,#5467,#5468,#5469));
#983=EDGE_LOOP('',(#5470,#5471,#5472,#5473));
#984=EDGE_LOOP('',(#5474,#5475,#5476,#5477));
#985=EDGE_LOOP('',(#5478,#5479,#5480,#5481));
#986=EDGE_LOOP('',(#5482,#5483,#5484,#5485));
#987=EDGE_LOOP('',(#5486,#5487,#5488,#5489));
#988=EDGE_LOOP('',(#5490,#5491,#5492,#5493,#5494,#5495,#5496,#5497,#5498,
#5499,#5500,#5501,#5502));
#989=EDGE_LOOP('',(#5503,#5504,#5505));
#990=EDGE_LOOP('',(#5506,#5507,#5508,#5509));
#991=EDGE_LOOP('',(#5510,#5511,#5512,#5513));
#992=EDGE_LOOP('',(#5514,#5515,#5516,#5517));
#993=EDGE_LOOP('',(#5518,#5519,#5520,#5521));
#994=EDGE_LOOP('',(#5522,#5523,#5524,#5525));
#995=EDGE_LOOP('',(#5526,#5527,#5528,#5529));
#996=EDGE_LOOP('',(#5530,#5531,#5532,#5533));
#997=EDGE_LOOP('',(#5534,#5535,#5536,#5537));
#998=EDGE_LOOP('',(#5538,#5539,#5540,#5541));
#999=EDGE_LOOP('',(#5542,#5543,#5544,#5545));
#1000=EDGE_LOOP('',(#5546,#5547,#5548,#5549));
#1001=EDGE_LOOP('',(#5550,#5551,#5552,#5553));
#1002=EDGE_LOOP('',(#5554,#5555,#5556,#5557));
#1003=EDGE_LOOP('',(#5558,#5559,#5560,#5561,#5562,#5563,#5564,#5565,#5566,
#5567,#5568,#5569,#5570));
#1004=EDGE_LOOP('',(#5571,#5572,#5573,#5574));
#1005=EDGE_LOOP('',(#5575,#5576,#5577,#5578));
#1006=EDGE_LOOP('',(#5579,#5580,#5581,#5582));
#1007=EDGE_LOOP('',(#5583,#5584,#5585,#5586));
#1008=EDGE_LOOP('',(#5587,#5588,#5589,#5590));
#1009=EDGE_LOOP('',(#5591,#5592,#5593,#5594));
#1010=EDGE_LOOP('',(#5595,#5596,#5597,#5598));
#1011=EDGE_LOOP('',(#5599,#5600,#5601,#5602));
#1012=EDGE_LOOP('',(#5603,#5604,#5605,#5606));
#1013=EDGE_LOOP('',(#5607,#5608,#5609,#5610));
#1014=EDGE_LOOP('',(#5611,#5612,#5613,#5614));
#1015=EDGE_LOOP('',(#5615,#5616,#5617,#5618));
#1016=EDGE_LOOP('',(#5619,#5620,#5621,#5622));
#1017=EDGE_LOOP('',(#5623,#5624,#5625,#5626));
#1018=EDGE_LOOP('',(#5627,#5628,#5629,#5630));
#1019=EDGE_LOOP('',(#5631,#5632,#5633,#5634));
#1020=EDGE_LOOP('',(#5635,#5636,#5637,#5638,#5639,#5640,#5641,#5642,#5643,
#5644,#5645));
#1021=EDGE_LOOP('',(#5646,#5647,#5648,#5649,#5650));
#1022=EDGE_LOOP('',(#5651,#5652,#5653,#5654));
#1023=EDGE_LOOP('',(#5655,#5656,#5657,#5658));
#1024=EDGE_LOOP('',(#5659,#5660,#5661,#5662));
#1025=EDGE_LOOP('',(#5663,#5664,#5665,#5666));
#1026=EDGE_LOOP('',(#5667,#5668,#5669,#5670));
#1027=EDGE_LOOP('',(#5671,#5672,#5673,#5674));
#1028=EDGE_LOOP('',(#5675,#5676,#5677,#5678));
#1029=EDGE_LOOP('',(#5679,#5680,#5681,#5682));
#1030=EDGE_LOOP('',(#5683,#5684,#5685,#5686));
#1031=EDGE_LOOP('',(#5687,#5688,#5689,#5690));
#1032=EDGE_LOOP('',(#5691,#5692,#5693,#5694));
#1033=EDGE_LOOP('',(#5695,#5696,#5697,#5698));
#1034=EDGE_LOOP('',(#5699,#5700,#5701,#5702));
#1035=EDGE_LOOP('',(#5703,#5704,#5705,#5706,#5707,#5708,#5709,#5710));
#1036=EDGE_LOOP('',(#5711,#5712,#5713,#5714));
#1037=EDGE_LOOP('',(#5715,#5716,#5717,#5718));
#1038=EDGE_LOOP('',(#5719,#5720,#5721,#5722));
#1039=EDGE_LOOP('',(#5723,#5724,#5725,#5726));
#1040=EDGE_LOOP('',(#5727,#5728,#5729,#5730));
#1041=EDGE_LOOP('',(#5731,#5732,#5733,#5734));
#1042=EDGE_LOOP('',(#5735,#5736,#5737,#5738));
#1043=EDGE_LOOP('',(#5739,#5740,#5741,#5742));
#1044=EDGE_LOOP('',(#5743,#5744,#5745,#5746));
#1045=EDGE_LOOP('',(#5747,#5748,#5749,#5750));
#1046=EDGE_LOOP('',(#5751,#5752,#5753,#5754));
#1047=EDGE_LOOP('',(#5755,#5756,#5757,#5758));
#1048=EDGE_LOOP('',(#5759,#5760,#5761,#5762));
#1049=EDGE_LOOP('',(#5763,#5764,#5765,#5766));
#1050=EDGE_LOOP('',(#5767,#5768,#5769,#5770));
#1051=EDGE_LOOP('',(#5771,#5772,#5773,#5774,#5775,#5776,#5777,#5778,#5779,
#5780,#5781,#5782,#5783,#5784,#5785));
#1052=EDGE_LOOP('',(#5786,#5787,#5788,#5789));
#1053=EDGE_LOOP('',(#5790,#5791,#5792,#5793));
#1054=EDGE_LOOP('',(#5794,#5795,#5796,#5797));
#1055=EDGE_LOOP('',(#5798,#5799,#5800,#5801));
#1056=EDGE_LOOP('',(#5802,#5803,#5804,#5805));
#1057=EDGE_LOOP('',(#5806,#5807,#5808,#5809));
#1058=EDGE_LOOP('',(#5810,#5811,#5812,#5813));
#1059=EDGE_LOOP('',(#5814,#5815,#5816,#5817));
#1060=EDGE_LOOP('',(#5818,#5819,#5820,#5821));
#1061=EDGE_LOOP('',(#5822,#5823,#5824,#5825));
#1062=EDGE_LOOP('',(#5826,#5827,#5828,#5829));
#1063=EDGE_LOOP('',(#5830,#5831,#5832,#5833));
#1064=EDGE_LOOP('',(#5834,#5835,#5836,#5837));
#1065=EDGE_LOOP('',(#5838,#5839,#5840,#5841));
#1066=EDGE_LOOP('',(#5842,#5843,#5844,#5845));
#1067=EDGE_LOOP('',(#5846,#5847,#5848,#5849));
#1068=EDGE_LOOP('',(#5850,#5851,#5852,#5853));
#1069=EDGE_LOOP('',(#5854,#5855,#5856,#5857));
#1070=EDGE_LOOP('',(#5858,#5859,#5860,#5861));
#1071=EDGE_LOOP('',(#5862,#5863,#5864,#5865));
#1072=EDGE_LOOP('',(#5866,#5867,#5868,#5869));
#1073=EDGE_LOOP('',(#5870,#5871,#5872,#5873,#5874,#5875,#5876,#5877,#5878,
#5879,#5880,#5881,#5882,#5883,#5884,#5885,#5886,#5887,#5888,#5889,#5890));
#1074=EDGE_LOOP('',(#5891,#5892,#5893,#5894));
#1075=EDGE_LOOP('',(#5895,#5896,#5897,#5898));
#1076=EDGE_LOOP('',(#5899,#5900,#5901,#5902));
#1077=EDGE_LOOP('',(#5903,#5904,#5905,#5906));
#1078=EDGE_LOOP('',(#5907,#5908,#5909,#5910));
#1079=EDGE_LOOP('',(#5911,#5912,#5913,#5914));
#1080=EDGE_LOOP('',(#5915,#5916,#5917,#5918));
#1081=EDGE_LOOP('',(#5919,#5920,#5921,#5922));
#1082=EDGE_LOOP('',(#5923,#5924,#5925,#5926));
#1083=EDGE_LOOP('',(#5927,#5928,#5929,#5930));
#1084=EDGE_LOOP('',(#5931,#5932,#5933,#5934));
#1085=EDGE_LOOP('',(#5935,#5936,#5937,#5938));
#1086=EDGE_LOOP('',(#5939,#5940,#5941,#5942));
#1087=EDGE_LOOP('',(#5943,#5944,#5945,#5946));
#1088=EDGE_LOOP('',(#5947,#5948,#5949,#5950));
#1089=EDGE_LOOP('',(#5951,#5952,#5953,#5954));
#1090=EDGE_LOOP('',(#5955,#5956,#5957,#5958));
#1091=EDGE_LOOP('',(#5959,#5960,#5961,#5962));
#1092=EDGE_LOOP('',(#5963,#5964,#5965,#5966));
#1093=EDGE_LOOP('',(#5967,#5968,#5969,#5970));
#1094=EDGE_LOOP('',(#5971,#5972,#5973,#5974));
#1095=EDGE_LOOP('',(#5975,#5976,#5977,#5978));
#1096=EDGE_LOOP('',(#5979,#5980,#5981,#5982));
#1097=EDGE_LOOP('',(#5983,#5984,#5985,#5986));
#1098=EDGE_LOOP('',(#5987,#5988,#5989,#5990));
#1099=EDGE_LOOP('',(#5991,#5992,#5993,#5994));
#1100=EDGE_LOOP('',(#5995,#5996,#5997,#5998));
#1101=EDGE_LOOP('',(#5999,#6000,#6001,#6002));
#1102=EDGE_LOOP('',(#6003,#6004,#6005,#6006));
#1103=EDGE_LOOP('',(#6007,#6008,#6009,#6010));
#1104=EDGE_LOOP('',(#6011,#6012,#6013,#6014));
#1105=EDGE_LOOP('',(#6015,#6016,#6017,#6018));
#1106=EDGE_LOOP('',(#6019,#6020,#6021,#6022));
#1107=EDGE_LOOP('',(#6023,#6024,#6025,#6026,#6027,#6028,#6029,#6030,#6031,
#6032));
#1108=EDGE_LOOP('',(#6033,#6034,#6035,#6036,#6037,#6038,#6039,#6040));
#1109=EDGE_LOOP('',(#6041,#6042,#6043,#6044));
#1110=EDGE_LOOP('',(#6045,#6046,#6047,#6048));
#1111=EDGE_LOOP('',(#6049,#6050,#6051,#6052));
#1112=EDGE_LOOP('',(#6053,#6054,#6055,#6056));
#1113=EDGE_LOOP('',(#6057,#6058,#6059,#6060));
#1114=EDGE_LOOP('',(#6061,#6062,#6063,#6064));
#1115=EDGE_LOOP('',(#6065,#6066,#6067,#6068));
#1116=EDGE_LOOP('',(#6069,#6070,#6071,#6072));
#1117=EDGE_LOOP('',(#6073,#6074,#6075,#6076));
#1118=EDGE_LOOP('',(#6077,#6078,#6079,#6080));
#1119=EDGE_LOOP('',(#6081,#6082,#6083,#6084,#6085,#6086,#6087,#6088,#6089,
#6090));
#1120=EDGE_LOOP('',(#6091,#6092,#6093,#6094));
#1121=EDGE_LOOP('',(#6095,#6096,#6097,#6098));
#1122=EDGE_LOOP('',(#6099,#6100,#6101,#6102));
#1123=EDGE_LOOP('',(#6103,#6104,#6105,#6106));
#1124=EDGE_LOOP('',(#6107,#6108,#6109,#6110));
#1125=EDGE_LOOP('',(#6111,#6112,#6113,#6114));
#1126=EDGE_LOOP('',(#6115,#6116,#6117,#6118));
#1127=EDGE_LOOP('',(#6119,#6120,#6121,#6122));
#1128=EDGE_LOOP('',(#6123,#6124,#6125,#6126));
#1129=EDGE_LOOP('',(#6127,#6128,#6129,#6130));
#1130=EDGE_LOOP('',(#6131,#6132,#6133,#6134));
#1131=EDGE_LOOP('',(#6135,#6136,#6137,#6138));
#1132=EDGE_LOOP('',(#6139,#6140,#6141,#6142));
#1133=EDGE_LOOP('',(#6143,#6144,#6145,#6146));
#1134=EDGE_LOOP('',(#6147,#6148,#6149,#6150));
#1135=EDGE_LOOP('',(#6151,#6152,#6153,#6154));
#1136=EDGE_LOOP('',(#6155,#6156,#6157,#6158));
#1137=EDGE_LOOP('',(#6159,#6160,#6161,#6162));
#1138=EDGE_LOOP('',(#6163,#6164,#6165,#6166));
#1139=EDGE_LOOP('',(#6167,#6168,#6169,#6170));
#1140=EDGE_LOOP('',(#6171,#6172,#6173,#6174));
#1141=EDGE_LOOP('',(#6175,#6176,#6177,#6178));
#1142=EDGE_LOOP('',(#6179,#6180,#6181,#6182));
#1143=EDGE_LOOP('',(#6183,#6184,#6185,#6186));
#1144=EDGE_LOOP('',(#6187,#6188,#6189,#6190));
#1145=EDGE_LOOP('',(#6191,#6192,#6193,#6194));
#1146=EDGE_LOOP('',(#6195,#6196,#6197,#6198));
#1147=EDGE_LOOP('',(#6199,#6200,#6201,#6202));
#1148=EDGE_LOOP('',(#6203,#6204,#6205,#6206,#6207,#6208,#6209,#6210,#6211,
#6212,#6213,#6214,#6215,#6216,#6217,#6218,#6219,#6220,#6221,#6222,#6223,
#6224,#6225,#6226,#6227,#6228,#6229,#6230));
#1149=EDGE_LOOP('',(#6231,#6232,#6233,#6234));
#1150=EDGE_LOOP('',(#6235,#6236,#6237,#6238));
#1151=EDGE_LOOP('',(#6239,#6240,#6241,#6242));
#1152=EDGE_LOOP('',(#6243,#6244,#6245,#6246));
#1153=EDGE_LOOP('',(#6247,#6248,#6249,#6250));
#1154=EDGE_LOOP('',(#6251,#6252,#6253,#6254));
#1155=EDGE_LOOP('',(#6255,#6256,#6257,#6258));
#1156=EDGE_LOOP('',(#6259,#6260,#6261,#6262));
#1157=EDGE_LOOP('',(#6263,#6264,#6265,#6266));
#1158=EDGE_LOOP('',(#6267,#6268,#6269,#6270));
#1159=EDGE_LOOP('',(#6271,#6272,#6273,#6274));
#1160=EDGE_LOOP('',(#6275,#6276,#6277,#6278));
#1161=EDGE_LOOP('',(#6279,#6280,#6281,#6282));
#1162=EDGE_LOOP('',(#6283,#6284,#6285,#6286,#6287,#6288,#6289,#6290,#6291,
#6292,#6293,#6294,#6295));
#1163=EDGE_LOOP('',(#6296,#6297,#6298,#6299));
#1164=EDGE_LOOP('',(#6300,#6301,#6302,#6303));
#1165=EDGE_LOOP('',(#6304,#6305,#6306,#6307));
#1166=EDGE_LOOP('',(#6308,#6309,#6310,#6311));
#1167=EDGE_LOOP('',(#6312,#6313,#6314,#6315));
#1168=EDGE_LOOP('',(#6316,#6317,#6318,#6319,#6320,#6321,#6322,#6323));
#1169=EDGE_LOOP('',(#6324));
#1170=EDGE_LOOP('',(#6325,#6326,#6327,#6328));
#1171=EDGE_LOOP('',(#6329,#6330,#6331,#6332));
#1172=EDGE_LOOP('',(#6333,#6334,#6335,#6336));
#1173=EDGE_LOOP('',(#6337,#6338,#6339,#6340));
#1174=EDGE_LOOP('',(#6341,#6342,#6343,#6344,#6345,#6346,#6347,#6348));
#1175=EDGE_LOOP('',(#6349));
#1176=EDGE_LOOP('',(#6350));
#1177=EDGE_LOOP('',(#6351));
#1178=EDGE_LOOP('',(#6352));
#1179=EDGE_LOOP('',(#6353,#6354,#6355,#6356));
#1180=EDGE_LOOP('',(#6357,#6358,#6359,#6360,#6361,#6362,#6363,#6364,#6365,
#6366,#6367,#6368,#6369));
#1181=EDGE_LOOP('',(#6370,#6371,#6372,#6373,#6374,#6375,#6376,#6377,#6378,
#6379,#6380,#6381,#6382,#6383,#6384,#6385,#6386,#6387,#6388,#6389,#6390,
#6391,#6392,#6393,#6394,#6395,#6396,#6397));
#1182=EDGE_LOOP('',(#6398,#6399,#6400,#6401,#6402,#6403,#6404,#6405,#6406,
#6407));
#1183=EDGE_LOOP('',(#6408,#6409,#6410,#6411,#6412,#6413,#6414,#6415,#6416,
#6417));
#1184=EDGE_LOOP('',(#6418,#6419,#6420,#6421));
#1185=EDGE_LOOP('',(#6422,#6423,#6424,#6425));
#1186=EDGE_LOOP('',(#6426,#6427,#6428,#6429,#6430,#6431,#6432,#6433,#6434,
#6435,#6436,#6437,#6438,#6439,#6440,#6441,#6442,#6443,#6444,#6445,#6446));
#1187=EDGE_LOOP('',(#6447,#6448,#6449,#6450,#6451,#6452,#6453,#6454,#6455,
#6456,#6457,#6458,#6459,#6460,#6461));
#1188=EDGE_LOOP('',(#6462,#6463,#6464,#6465));
#1189=EDGE_LOOP('',(#6466,#6467,#6468,#6469,#6470,#6471,#6472,#6473,#6474,
#6475,#6476));
#1190=EDGE_LOOP('',(#6477,#6478,#6479,#6480,#6481,#6482,#6483,#6484,#6485,
#6486,#6487,#6488,#6489));
#1191=EDGE_LOOP('',(#6490,#6491,#6492,#6493,#6494,#6495,#6496,#6497,#6498,
#6499,#6500,#6501,#6502));
#1192=EDGE_LOOP('',(#6503,#6504,#6505,#6506,#6507,#6508,#6509,#6510));
#1193=EDGE_LOOP('',(#6511,#6512,#6513,#6514));
#1194=EDGE_LOOP('',(#6515));
#1195=EDGE_LOOP('',(#6516));
#1196=EDGE_LOOP('',(#6517));
#1197=EDGE_LOOP('',(#6518));
#1198=EDGE_LOOP('',(#6519));
#1199=EDGE_LOOP('',(#6520));
#1200=EDGE_LOOP('',(#6521));
#1201=EDGE_LOOP('',(#6522));
#1202=EDGE_LOOP('',(#6523));
#1203=EDGE_LOOP('',(#6524));
#1204=EDGE_LOOP('',(#6525));
#1205=EDGE_LOOP('',(#6526));
#1206=EDGE_LOOP('',(#6527,#6528,#6529,#6530,#6531,#6532,#6533,#6534));
#1207=EDGE_LOOP('',(#6535,#6536,#6537,#6538,#6539));
#1208=EDGE_LOOP('',(#6540,#6541,#6542,#6543));
#1209=EDGE_LOOP('',(#6544,#6545,#6546,#6547));
#1210=EDGE_LOOP('',(#6548,#6549,#6550,#6551));
#1211=EDGE_LOOP('',(#6552,#6553,#6554,#6555));
#1212=EDGE_LOOP('',(#6556,#6557,#6558,#6559));
#1213=EDGE_LOOP('',(#6560,#6561,#6562,#6563));
#1214=EDGE_LOOP('',(#6564,#6565,#6566,#6567));
#1215=EDGE_LOOP('',(#6568,#6569,#6570,#6571));
#1216=EDGE_LOOP('',(#6572,#6573,#6574,#6575));
#1217=EDGE_LOOP('',(#6576,#6577,#6578,#6579));
#1218=EDGE_LOOP('',(#6580,#6581,#6582,#6583,#6584,#6585,#6586,#6587,#6588,
#6589));
#1219=EDGE_LOOP('',(#6590,#6591,#6592,#6593));
#1220=EDGE_LOOP('',(#6594,#6595,#6596,#6597));
#1221=EDGE_LOOP('',(#6598));
#1222=EDGE_LOOP('',(#6599));
#1223=EDGE_LOOP('',(#6600,#6601,#6602,#6603));
#1224=EDGE_LOOP('',(#6604,#6605,#6606,#6607));
#1225=EDGE_LOOP('',(#6608,#6609,#6610,#6611));
#1226=EDGE_LOOP('',(#6612,#6613,#6614,#6615));
#1227=EDGE_LOOP('',(#6616,#6617,#6618,#6619));
#1228=EDGE_LOOP('',(#6620,#6621,#6622,#6623));
#1229=EDGE_LOOP('',(#6624,#6625,#6626,#6627));
#1230=EDGE_LOOP('',(#6628,#6629,#6630,#6631));
#1231=EDGE_LOOP('',(#6632,#6633,#6634,#6635));
#1232=EDGE_LOOP('',(#6636,#6637,#6638,#6639));
#1233=EDGE_LOOP('',(#6640,#6641,#6642,#6643,#6644,#6645,#6646,#6647,#6648,
#6649));
#1234=EDGE_LOOP('',(#6650,#6651,#6652,#6653));
#1235=EDGE_LOOP('',(#6654,#6655,#6656,#6657));
#1236=EDGE_LOOP('',(#6658,#6659,#6660,#6661));
#1237=EDGE_LOOP('',(#6662,#6663,#6664,#6665));
#1238=EDGE_LOOP('',(#6666,#6667,#6668,#6669));
#1239=EDGE_LOOP('',(#6670,#6671,#6672,#6673));
#1240=EDGE_LOOP('',(#6674,#6675,#6676,#6677));
#1241=EDGE_LOOP('',(#6678,#6679,#6680,#6681));
#1242=EDGE_LOOP('',(#6682,#6683,#6684,#6685));
#1243=EDGE_LOOP('',(#6686,#6687,#6688,#6689));
#1244=EDGE_LOOP('',(#6690,#6691,#6692,#6693));
#1245=EDGE_LOOP('',(#6694,#6695,#6696,#6697,#6698,#6699,#6700,#6701,#6702,
#6703,#6704));
#1246=EDGE_LOOP('',(#6705,#6706,#6707));
#1247=EDGE_LOOP('',(#6708,#6709,#6710,#6711));
#1248=EDGE_LOOP('',(#6712,#6713,#6714,#6715));
#1249=EDGE_LOOP('',(#6716,#6717,#6718,#6719));
#1250=EDGE_LOOP('',(#6720,#6721,#6722,#6723));
#1251=EDGE_LOOP('',(#6724,#6725,#6726,#6727));
#1252=EDGE_LOOP('',(#6728,#6729,#6730,#6731));
#1253=EDGE_LOOP('',(#6732,#6733,#6734,#6735));
#1254=EDGE_LOOP('',(#6736,#6737,#6738,#6739));
#1255=EDGE_LOOP('',(#6740,#6741,#6742,#6743));
#1256=EDGE_LOOP('',(#6744,#6745,#6746,#6747));
#1257=EDGE_LOOP('',(#6748,#6749,#6750,#6751));
#1258=EDGE_LOOP('',(#6752,#6753,#6754,#6755));
#1259=EDGE_LOOP('',(#6756,#6757,#6758,#6759,#6760,#6761,#6762,#6763));
#1260=EDGE_LOOP('',(#6764,#6765,#6766,#6767));
#1261=EDGE_LOOP('',(#6768,#6769,#6770,#6771));
#1262=EDGE_LOOP('',(#6772,#6773,#6774,#6775));
#1263=EDGE_LOOP('',(#6776,#6777,#6778,#6779));
#1264=EDGE_LOOP('',(#6780,#6781,#6782,#6783));
#1265=EDGE_LOOP('',(#6784,#6785,#6786,#6787));
#1266=EDGE_LOOP('',(#6788,#6789,#6790,#6791));
#1267=EDGE_LOOP('',(#6792,#6793,#6794,#6795));
#1268=EDGE_LOOP('',(#6796,#6797,#6798,#6799));
#1269=EDGE_LOOP('',(#6800,#6801,#6802,#6803));
#1270=EDGE_LOOP('',(#6804,#6805,#6806,#6807));
#1271=EDGE_LOOP('',(#6808,#6809,#6810,#6811));
#1272=EDGE_LOOP('',(#6812,#6813,#6814,#6815));
#1273=EDGE_LOOP('',(#6816,#6817,#6818,#6819));
#1274=EDGE_LOOP('',(#6820,#6821,#6822,#6823));
#1275=EDGE_LOOP('',(#6824,#6825,#6826,#6827));
#1276=EDGE_LOOP('',(#6828,#6829,#6830,#6831));
#1277=EDGE_LOOP('',(#6832,#6833,#6834,#6835));
#1278=EDGE_LOOP('',(#6836,#6837,#6838,#6839));
#1279=EDGE_LOOP('',(#6840,#6841,#6842,#6843));
#1280=EDGE_LOOP('',(#6844,#6845,#6846,#6847));
#1281=EDGE_LOOP('',(#6848,#6849,#6850,#6851));
#1282=EDGE_LOOP('',(#6852,#6853,#6854,#6855));
#1283=EDGE_LOOP('',(#6856,#6857,#6858,#6859));
#1284=EDGE_LOOP('',(#6860,#6861,#6862,#6863));
#1285=EDGE_LOOP('',(#6864,#6865,#6866,#6867));
#1286=EDGE_LOOP('',(#6868,#6869,#6870,#6871));
#1287=EDGE_LOOP('',(#6872,#6873,#6874,#6875));
#1288=EDGE_LOOP('',(#6876,#6877,#6878,#6879));
#1289=EDGE_LOOP('',(#6880,#6881,#6882,#6883));
#1290=EDGE_LOOP('',(#6884,#6885,#6886,#6887));
#1291=EDGE_LOOP('',(#6888,#6889,#6890,#6891));
#1292=EDGE_LOOP('',(#6892,#6893,#6894,#6895));
#1293=EDGE_LOOP('',(#6896,#6897,#6898,#6899));
#1294=EDGE_LOOP('',(#6900,#6901,#6902,#6903));
#1295=EDGE_LOOP('',(#6904,#6905,#6906,#6907));
#1296=EDGE_LOOP('',(#6908,#6909,#6910,#6911));
#1297=EDGE_LOOP('',(#6912,#6913,#6914,#6915));
#1298=EDGE_LOOP('',(#6916,#6917,#6918,#6919));
#1299=EDGE_LOOP('',(#6920,#6921,#6922,#6923));
#1300=EDGE_LOOP('',(#6924,#6925,#6926,#6927));
#1301=EDGE_LOOP('',(#6928,#6929,#6930,#6931));
#1302=EDGE_LOOP('',(#6932,#6933,#6934,#6935));
#1303=EDGE_LOOP('',(#6936,#6937,#6938,#6939));
#1304=EDGE_LOOP('',(#6940,#6941,#6942,#6943));
#1305=EDGE_LOOP('',(#6944,#6945,#6946,#6947));
#1306=EDGE_LOOP('',(#6948,#6949,#6950,#6951));
#1307=EDGE_LOOP('',(#6952,#6953,#6954,#6955));
#1308=EDGE_LOOP('',(#6956,#6957,#6958,#6959));
#1309=EDGE_LOOP('',(#6960,#6961,#6962,#6963));
#1310=EDGE_LOOP('',(#6964,#6965,#6966,#6967));
#1311=EDGE_LOOP('',(#6968,#6969,#6970,#6971));
#1312=EDGE_LOOP('',(#6972,#6973,#6974,#6975));
#1313=EDGE_LOOP('',(#6976,#6977,#6978,#6979));
#1314=EDGE_LOOP('',(#6980,#6981,#6982,#6983));
#1315=EDGE_LOOP('',(#6984,#6985,#6986,#6987));
#1316=EDGE_LOOP('',(#6988,#6989,#6990,#6991));
#1317=EDGE_LOOP('',(#6992,#6993,#6994,#6995));
#1318=EDGE_LOOP('',(#6996,#6997,#6998,#6999));
#1319=EDGE_LOOP('',(#7000,#7001,#7002,#7003));
#1320=EDGE_LOOP('',(#7004,#7005,#7006,#7007));
#1321=EDGE_LOOP('',(#7008,#7009,#7010,#7011));
#1322=EDGE_LOOP('',(#7012,#7013,#7014,#7015));
#1323=EDGE_LOOP('',(#7016,#7017,#7018,#7019));
#1324=EDGE_LOOP('',(#7020,#7021,#7022,#7023));
#1325=EDGE_LOOP('',(#7024,#7025,#7026,#7027));
#1326=EDGE_LOOP('',(#7028,#7029,#7030,#7031));
#1327=EDGE_LOOP('',(#7032,#7033,#7034,#7035));
#1328=EDGE_LOOP('',(#7036,#7037,#7038,#7039));
#1329=EDGE_LOOP('',(#7040,#7041,#7042,#7043));
#1330=EDGE_LOOP('',(#7044,#7045,#7046,#7047));
#1331=EDGE_LOOP('',(#7048,#7049,#7050,#7051));
#1332=EDGE_LOOP('',(#7052,#7053,#7054,#7055));
#1333=EDGE_LOOP('',(#7056,#7057,#7058,#7059));
#1334=EDGE_LOOP('',(#7060,#7061,#7062,#7063));
#1335=EDGE_LOOP('',(#7064,#7065,#7066,#7067));
#1336=EDGE_LOOP('',(#7068,#7069,#7070,#7071));
#1337=EDGE_LOOP('',(#7072,#7073,#7074,#7075));
#1338=EDGE_LOOP('',(#7076,#7077,#7078,#7079));
#1339=EDGE_LOOP('',(#7080,#7081,#7082,#7083));
#1340=EDGE_LOOP('',(#7084,#7085,#7086,#7087));
#1341=EDGE_LOOP('',(#7088,#7089,#7090,#7091));
#1342=EDGE_LOOP('',(#7092,#7093,#7094,#7095));
#1343=EDGE_LOOP('',(#7096,#7097,#7098,#7099));
#1344=EDGE_LOOP('',(#7100,#7101,#7102,#7103));
#1345=EDGE_LOOP('',(#7104,#7105,#7106,#7107));
#1346=EDGE_LOOP('',(#7108,#7109,#7110,#7111));
#1347=EDGE_LOOP('',(#7112,#7113,#7114,#7115));
#1348=EDGE_LOOP('',(#7116,#7117,#7118,#7119));
#1349=EDGE_LOOP('',(#7120,#7121,#7122,#7123));
#1350=EDGE_LOOP('',(#7124,#7125,#7126,#7127));
#1351=EDGE_LOOP('',(#7128,#7129,#7130,#7131));
#1352=EDGE_LOOP('',(#7132,#7133,#7134,#7135));
#1353=EDGE_LOOP('',(#7136,#7137,#7138,#7139));
#1354=EDGE_LOOP('',(#7140,#7141,#7142,#7143));
#1355=EDGE_LOOP('',(#7144,#7145,#7146,#7147));
#1356=EDGE_LOOP('',(#7148,#7149,#7150,#7151));
#1357=EDGE_LOOP('',(#7152,#7153,#7154,#7155));
#1358=EDGE_LOOP('',(#7156,#7157,#7158,#7159));
#1359=EDGE_LOOP('',(#7160,#7161,#7162,#7163));
#1360=EDGE_LOOP('',(#7164,#7165,#7166,#7167));
#1361=EDGE_LOOP('',(#7168,#7169,#7170,#7171));
#1362=EDGE_LOOP('',(#7172,#7173,#7174,#7175));
#1363=EDGE_LOOP('',(#7176,#7177,#7178,#7179));
#1364=EDGE_LOOP('',(#7180,#7181,#7182,#7183));
#1365=EDGE_LOOP('',(#7184,#7185,#7186,#7187));
#1366=EDGE_LOOP('',(#7188,#7189,#7190,#7191));
#1367=EDGE_LOOP('',(#7192,#7193,#7194,#7195));
#1368=EDGE_LOOP('',(#7196,#7197,#7198,#7199));
#1369=EDGE_LOOP('',(#7200,#7201,#7202,#7203));
#1370=EDGE_LOOP('',(#7204,#7205,#7206,#7207));
#1371=EDGE_LOOP('',(#7208,#7209,#7210,#7211));
#1372=EDGE_LOOP('',(#7212,#7213,#7214,#7215));
#1373=EDGE_LOOP('',(#7216,#7217,#7218,#7219));
#1374=EDGE_LOOP('',(#7220,#7221,#7222,#7223));
#1375=EDGE_LOOP('',(#7224,#7225,#7226,#7227));
#1376=EDGE_LOOP('',(#7228,#7229,#7230,#7231));
#1377=EDGE_LOOP('',(#7232,#7233,#7234,#7235));
#1378=EDGE_LOOP('',(#7236,#7237,#7238,#7239));
#1379=EDGE_LOOP('',(#7240,#7241,#7242,#7243));
#1380=EDGE_LOOP('',(#7244,#7245,#7246,#7247));
#1381=EDGE_LOOP('',(#7248,#7249,#7250,#7251));
#1382=EDGE_LOOP('',(#7252,#7253,#7254,#7255));
#1383=EDGE_LOOP('',(#7256,#7257,#7258,#7259));
#1384=EDGE_LOOP('',(#7260,#7261,#7262,#7263));
#1385=EDGE_LOOP('',(#7264,#7265,#7266,#7267));
#1386=EDGE_LOOP('',(#7268,#7269,#7270,#7271));
#1387=EDGE_LOOP('',(#7272,#7273,#7274,#7275));
#1388=EDGE_LOOP('',(#7276,#7277,#7278,#7279));
#1389=EDGE_LOOP('',(#7280,#7281,#7282,#7283));
#1390=EDGE_LOOP('',(#7284,#7285,#7286,#7287));
#1391=EDGE_LOOP('',(#7288,#7289,#7290,#7291));
#1392=EDGE_LOOP('',(#7292,#7293,#7294,#7295));
#1393=EDGE_LOOP('',(#7296,#7297,#7298,#7299));
#1394=EDGE_LOOP('',(#7300,#7301,#7302,#7303));
#1395=EDGE_LOOP('',(#7304,#7305,#7306,#7307));
#1396=EDGE_LOOP('',(#7308,#7309,#7310,#7311));
#1397=EDGE_LOOP('',(#7312,#7313,#7314,#7315));
#1398=EDGE_LOOP('',(#7316,#7317,#7318,#7319));
#1399=EDGE_LOOP('',(#7320,#7321,#7322,#7323));
#1400=EDGE_LOOP('',(#7324,#7325,#7326,#7327));
#1401=EDGE_LOOP('',(#7328,#7329,#7330,#7331));
#1402=EDGE_LOOP('',(#7332,#7333,#7334,#7335));
#1403=EDGE_LOOP('',(#7336,#7337,#7338,#7339));
#1404=EDGE_LOOP('',(#7340,#7341,#7342,#7343));
#1405=EDGE_LOOP('',(#7344,#7345,#7346,#7347));
#1406=EDGE_LOOP('',(#7348,#7349,#7350,#7351));
#1407=EDGE_LOOP('',(#7352,#7353,#7354,#7355));
#1408=EDGE_LOOP('',(#7356,#7357,#7358,#7359));
#1409=EDGE_LOOP('',(#7360,#7361,#7362,#7363));
#1410=EDGE_LOOP('',(#7364,#7365,#7366,#7367));
#1411=EDGE_LOOP('',(#7368,#7369,#7370,#7371));
#1412=EDGE_LOOP('',(#7372,#7373,#7374,#7375));
#1413=EDGE_LOOP('',(#7376,#7377,#7378,#7379));
#1414=EDGE_LOOP('',(#7380,#7381,#7382,#7383));
#1415=EDGE_LOOP('',(#7384,#7385,#7386,#7387));
#1416=EDGE_LOOP('',(#7388,#7389,#7390,#7391));
#1417=EDGE_LOOP('',(#7392,#7393,#7394,#7395));
#1418=EDGE_LOOP('',(#7396,#7397,#7398,#7399));
#1419=EDGE_LOOP('',(#7400,#7401,#7402,#7403));
#1420=EDGE_LOOP('',(#7404,#7405,#7406,#7407));
#1421=EDGE_LOOP('',(#7408,#7409,#7410,#7411));
#1422=EDGE_LOOP('',(#7412,#7413,#7414,#7415));
#1423=EDGE_LOOP('',(#7416,#7417,#7418,#7419));
#1424=EDGE_LOOP('',(#7420,#7421,#7422,#7423));
#1425=EDGE_LOOP('',(#7424,#7425,#7426,#7427));
#1426=EDGE_LOOP('',(#7428,#7429,#7430,#7431));
#1427=EDGE_LOOP('',(#7432,#7433,#7434,#7435));
#1428=EDGE_LOOP('',(#7436,#7437,#7438,#7439));
#1429=EDGE_LOOP('',(#7440,#7441,#7442,#7443));
#1430=EDGE_LOOP('',(#7444,#7445,#7446,#7447));
#1431=EDGE_LOOP('',(#7448,#7449,#7450,#7451));
#1432=EDGE_LOOP('',(#7452,#7453,#7454,#7455));
#1433=EDGE_LOOP('',(#7456,#7457,#7458,#7459));
#1434=EDGE_LOOP('',(#7460,#7461,#7462,#7463));
#1435=EDGE_LOOP('',(#7464,#7465,#7466,#7467));
#1436=EDGE_LOOP('',(#7468,#7469,#7470,#7471));
#1437=EDGE_LOOP('',(#7472,#7473,#7474,#7475));
#1438=EDGE_LOOP('',(#7476,#7477,#7478,#7479));
#1439=EDGE_LOOP('',(#7480,#7481,#7482,#7483));
#1440=EDGE_LOOP('',(#7484,#7485,#7486,#7487));
#1441=EDGE_LOOP('',(#7488,#7489,#7490,#7491));
#1442=EDGE_LOOP('',(#7492,#7493,#7494,#7495));
#1443=EDGE_LOOP('',(#7496,#7497,#7498,#7499));
#1444=EDGE_LOOP('',(#7500,#7501,#7502,#7503));
#1445=EDGE_LOOP('',(#7504,#7505,#7506,#7507));
#1446=EDGE_LOOP('',(#7508,#7509,#7510,#7511));
#1447=EDGE_LOOP('',(#7512,#7513,#7514,#7515));
#1448=EDGE_LOOP('',(#7516,#7517,#7518,#7519));
#1449=EDGE_LOOP('',(#7520,#7521,#7522,#7523));
#1450=EDGE_LOOP('',(#7524,#7525,#7526,#7527));
#1451=EDGE_LOOP('',(#7528,#7529,#7530,#7531));
#1452=EDGE_LOOP('',(#7532,#7533,#7534,#7535));
#1453=EDGE_LOOP('',(#7536,#7537,#7538,#7539));
#1454=EDGE_LOOP('',(#7540,#7541,#7542,#7543));
#1455=EDGE_LOOP('',(#7544,#7545,#7546,#7547));
#1456=EDGE_LOOP('',(#7548,#7549,#7550,#7551));
#1457=EDGE_LOOP('',(#7552,#7553,#7554,#7555));
#1458=EDGE_LOOP('',(#7556,#7557,#7558,#7559));
#1459=EDGE_LOOP('',(#7560,#7561,#7562,#7563));
#1460=EDGE_LOOP('',(#7564,#7565,#7566,#7567));
#1461=EDGE_LOOP('',(#7568,#7569,#7570,#7571));
#1462=EDGE_LOOP('',(#7572,#7573,#7574,#7575));
#1463=EDGE_LOOP('',(#7576,#7577,#7578,#7579));
#1464=EDGE_LOOP('',(#7580,#7581,#7582,#7583));
#1465=EDGE_LOOP('',(#7584,#7585,#7586,#7587));
#1466=EDGE_LOOP('',(#7588,#7589,#7590,#7591));
#1467=EDGE_LOOP('',(#7592,#7593,#7594,#7595));
#1468=EDGE_LOOP('',(#7596,#7597,#7598,#7599));
#1469=EDGE_LOOP('',(#7600,#7601,#7602,#7603));
#1470=EDGE_LOOP('',(#7604,#7605,#7606,#7607));
#1471=EDGE_LOOP('',(#7608,#7609,#7610,#7611));
#1472=EDGE_LOOP('',(#7612,#7613,#7614,#7615));
#1473=EDGE_LOOP('',(#7616,#7617,#7618,#7619));
#1474=EDGE_LOOP('',(#7620,#7621,#7622,#7623));
#1475=EDGE_LOOP('',(#7624,#7625,#7626,#7627));
#1476=EDGE_LOOP('',(#7628,#7629,#7630,#7631));
#1477=EDGE_LOOP('',(#7632,#7633,#7634,#7635));
#1478=EDGE_LOOP('',(#7636,#7637,#7638,#7639));
#1479=EDGE_LOOP('',(#7640,#7641,#7642,#7643));
#1480=EDGE_LOOP('',(#7644,#7645,#7646,#7647));
#1481=EDGE_LOOP('',(#7648,#7649,#7650,#7651));
#1482=EDGE_LOOP('',(#7652,#7653,#7654,#7655));
#1483=EDGE_LOOP('',(#7656,#7657,#7658,#7659));
#1484=EDGE_LOOP('',(#7660,#7661,#7662,#7663));
#1485=EDGE_LOOP('',(#7664,#7665,#7666,#7667));
#1486=EDGE_LOOP('',(#7668));
#1487=EDGE_LOOP('',(#7669,#7670,#7671,#7672,#7673,#7674,#7675,#7676,#7677,
#7678));
#1488=EDGE_LOOP('',(#7679,#7680,#7681,#7682,#7683,#7684,#7685,#7686,#7687,
#7688));
#1489=EDGE_LOOP('',(#7689,#7690,#7691,#7692,#7693,#7694,#7695,#7696,#7697,
#7698,#7699));
#1490=EDGE_LOOP('',(#7700,#7701,#7702,#7703));
#1491=EDGE_LOOP('',(#7704,#7705,#7706,#7707));
#1492=EDGE_LOOP('',(#7708,#7709,#7710,#7711));
#1493=EDGE_LOOP('',(#7712,#7713,#7714,#7715));
#1494=EDGE_LOOP('',(#7716,#7717,#7718,#7719));
#1495=EDGE_LOOP('',(#7720,#7721,#7722,#7723));
#1496=EDGE_LOOP('',(#7724,#7725,#7726,#7727));
#1497=EDGE_LOOP('',(#7728,#7729,#7730,#7731));
#1498=EDGE_LOOP('',(#7732,#7733,#7734,#7735));
#1499=EDGE_LOOP('',(#7736,#7737,#7738,#7739));
#1500=EDGE_LOOP('',(#7740,#7741,#7742,#7743));
#1501=EDGE_LOOP('',(#7744,#7745,#7746,#7747));
#1502=EDGE_LOOP('',(#7748,#7749,#7750,#7751));
#1503=EDGE_LOOP('',(#7752,#7753,#7754,#7755));
#1504=EDGE_LOOP('',(#7756,#7757,#7758,#7759));
#1505=EDGE_LOOP('',(#7760,#7761,#7762,#7763));
#1506=EDGE_LOOP('',(#7764,#7765,#7766,#7767));
#1507=EDGE_LOOP('',(#7768,#7769,#7770,#7771));
#1508=EDGE_LOOP('',(#7772,#7773,#7774,#7775));
#1509=EDGE_LOOP('',(#7776,#7777,#7778,#7779));
#1510=EDGE_LOOP('',(#7780,#7781,#7782,#7783));
#1511=EDGE_LOOP('',(#7784,#7785,#7786,#7787));
#1512=EDGE_LOOP('',(#7788,#7789,#7790,#7791));
#1513=EDGE_LOOP('',(#7792,#7793,#7794,#7795,#7796,#7797,#7798,#7799));
#1514=EDGE_LOOP('',(#7800,#7801,#7802,#7803));
#1515=EDGE_LOOP('',(#7804,#7805,#7806,#7807));
#1516=EDGE_LOOP('',(#7808,#7809,#7810,#7811));
#1517=EDGE_LOOP('',(#7812));
#1518=EDGE_LOOP('',(#7813));
#1519=EDGE_LOOP('',(#7814));
#1520=EDGE_LOOP('',(#7815));
#1521=EDGE_LOOP('',(#7816));
#1522=EDGE_LOOP('',(#7817));
#1523=EDGE_LOOP('',(#7818));
#1524=EDGE_LOOP('',(#7819));
#1525=EDGE_LOOP('',(#7820));
#1526=EDGE_LOOP('',(#7821));
#1527=EDGE_LOOP('',(#7822));
#1528=EDGE_LOOP('',(#7823));
#1529=EDGE_LOOP('',(#7824));
#1530=EDGE_LOOP('',(#7825));
#1531=EDGE_LOOP('',(#7826));
#1532=EDGE_LOOP('',(#7827));
#1533=LINE('',#10869,#2480);
#1534=LINE('',#10871,#2481);
#1535=LINE('',#10873,#2482);
#1536=LINE('',#10874,#2483);
#1537=LINE('',#10889,#2484);
#1538=LINE('',#10925,#2485);
#1539=LINE('',#10931,#2486);
#1540=LINE('',#10950,#2487);
#1541=LINE('',#10953,#2488);
#1542=LINE('',#10955,#2489);
#1543=LINE('',#10956,#2490);
#1544=LINE('',#10959,#2491);
#1545=LINE('',#10961,#2492);
#1546=LINE('',#10962,#2493);
#1547=LINE('',#10981,#2494);
#1548=LINE('',#11000,#2495);
#1549=LINE('',#11019,#2496);
#1550=LINE('',#11038,#2497);
#1551=LINE('',#11041,#2498);
#1552=LINE('',#11043,#2499);
#1553=LINE('',#11044,#2500);
#1554=LINE('',#11047,#2501);
#1555=LINE('',#11049,#2502);
#1556=LINE('',#11050,#2503);
#1557=LINE('',#11069,#2504);
#1558=LINE('',#11088,#2505);
#1559=LINE('',#11109,#2506);
#1560=LINE('',#11111,#2507);
#1561=LINE('',#11113,#2508);
#1562=LINE('',#11114,#2509);
#1563=LINE('',#11133,#2510);
#1564=LINE('',#11152,#2511);
#1565=LINE('',#11155,#2512);
#1566=LINE('',#11157,#2513);
#1567=LINE('',#11158,#2514);
#1568=LINE('',#11161,#2515);
#1569=LINE('',#11163,#2516);
#1570=LINE('',#11164,#2517);
#1571=LINE('',#11167,#2518);
#1572=LINE('',#11169,#2519);
#1573=LINE('',#11170,#2520);
#1574=LINE('',#11189,#2521);
#1575=LINE('',#11208,#2522);
#1576=LINE('',#11227,#2523);
#1577=LINE('',#11230,#2524);
#1578=LINE('',#11232,#2525);
#1579=LINE('',#11233,#2526);
#1580=LINE('',#11236,#2527);
#1581=LINE('',#11238,#2528);
#1582=LINE('',#11239,#2529);
#1583=LINE('',#11242,#2530);
#1584=LINE('',#11244,#2531);
#1585=LINE('',#11245,#2532);
#1586=LINE('',#11247,#2533);
#1587=LINE('',#11248,#2534);
#1588=LINE('',#11265,#2535);
#1589=LINE('',#11271,#2536);
#1590=LINE('',#11286,#2537);
#1591=LINE('',#11305,#2538);
#1592=LINE('',#11324,#2539);
#1593=LINE('',#11330,#2540);
#1594=LINE('',#11331,#2541);
#1595=LINE('',#11335,#2542);
#1596=LINE('',#11337,#2543);
#1597=LINE('',#11339,#2544);
#1598=LINE('',#11340,#2545);
#1599=LINE('',#11359,#2546);
#1600=LINE('',#11378,#2547);
#1601=LINE('',#11397,#2548);
#1602=LINE('',#11416,#2549);
#1603=LINE('',#11435,#2550);
#1604=LINE('',#11454,#2551);
#1605=LINE('',#11457,#2552);
#1606=LINE('',#11459,#2553);
#1607=LINE('',#11460,#2554);
#1608=LINE('',#11463,#2555);
#1609=LINE('',#11465,#2556);
#1610=LINE('',#11466,#2557);
#1611=LINE('',#11469,#2558);
#1612=LINE('',#11471,#2559);
#1613=LINE('',#11472,#2560);
#1614=LINE('',#11474,#2561);
#1615=LINE('',#11475,#2562);
#1616=LINE('',#11492,#2563);
#1617=LINE('',#11498,#2564);
#1618=LINE('',#11513,#2565);
#1619=LINE('',#11532,#2566);
#1620=LINE('',#11551,#2567);
#1621=LINE('',#11570,#2568);
#1622=LINE('',#11589,#2569);
#1623=LINE('',#11608,#2570);
#1624=LINE('',#11644,#2571);
#1625=LINE('',#11650,#2572);
#1626=LINE('',#11669,#2573);
#1627=LINE('',#11688,#2574);
#1628=LINE('',#11709,#2575);
#1629=LINE('',#11711,#2576);
#1630=LINE('',#11713,#2577);
#1631=LINE('',#11714,#2578);
#1632=LINE('',#11733,#2579);
#1633=LINE('',#11752,#2580);
#1634=LINE('',#11771,#2581);
#1635=LINE('',#11790,#2582);
#1636=LINE('',#11809,#2583);
#1637=LINE('',#11812,#2584);
#1638=LINE('',#11814,#2585);
#1639=LINE('',#11815,#2586);
#1640=LINE('',#11818,#2587);
#1641=LINE('',#11820,#2588);
#1642=LINE('',#11821,#2589);
#1643=LINE('',#11840,#2590);
#1644=LINE('',#11859,#2591);
#1645=LINE('',#11878,#2592);
#1646=LINE('',#11897,#2593);
#1647=LINE('',#11900,#2594);
#1648=LINE('',#11902,#2595);
#1649=LINE('',#11903,#2596);
#1650=LINE('',#11906,#2597);
#1651=LINE('',#11908,#2598);
#1652=LINE('',#11909,#2599);
#1653=LINE('',#11911,#2600);
#1654=LINE('',#11912,#2601);
#1655=LINE('',#11929,#2602);
#1656=LINE('',#11935,#2603);
#1657=LINE('',#11954,#2604);
#1658=LINE('',#11957,#2605);
#1659=LINE('',#11959,#2606);
#1660=LINE('',#11960,#2607);
#1661=LINE('',#11963,#2608);
#1662=LINE('',#11965,#2609);
#1663=LINE('',#11966,#2610);
#1664=LINE('',#11985,#2611);
#1665=LINE('',#12004,#2612);
#1666=LINE('',#12023,#2613);
#1667=LINE('',#12042,#2614);
#1668=LINE('',#12061,#2615);
#1669=LINE('',#12080,#2616);
#1670=LINE('',#12099,#2617);
#1671=LINE('',#12102,#2618);
#1672=LINE('',#12104,#2619);
#1673=LINE('',#12105,#2620);
#1674=LINE('',#12108,#2621);
#1675=LINE('',#12110,#2622);
#1676=LINE('',#12111,#2623);
#1677=LINE('',#12114,#2624);
#1678=LINE('',#12116,#2625);
#1679=LINE('',#12117,#2626);
#1680=LINE('',#12120,#2627);
#1681=LINE('',#12122,#2628);
#1682=LINE('',#12123,#2629);
#1683=LINE('',#12126,#2630);
#1684=LINE('',#12128,#2631);
#1685=LINE('',#12129,#2632);
#1686=LINE('',#12132,#2633);
#1687=LINE('',#12134,#2634);
#1688=LINE('',#12135,#2635);
#1689=LINE('',#12154,#2636);
#1690=LINE('',#12173,#2637);
#1691=LINE('',#12192,#2638);
#1692=LINE('',#12213,#2639);
#1693=LINE('',#12215,#2640);
#1694=LINE('',#12217,#2641);
#1695=LINE('',#12218,#2642);
#1696=LINE('',#12221,#2643);
#1697=LINE('',#12223,#2644);
#1698=LINE('',#12224,#2645);
#1699=LINE('',#12227,#2646);
#1700=LINE('',#12229,#2647);
#1701=LINE('',#12230,#2648);
#1702=LINE('',#12232,#2649);
#1703=LINE('',#12233,#2650);
#1704=LINE('',#12238,#2651);
#1705=LINE('',#12240,#2652);
#1706=LINE('',#12242,#2653);
#1707=LINE('',#12243,#2654);
#1708=LINE('',#12246,#2655);
#1709=LINE('',#12248,#2656);
#1710=LINE('',#12249,#2657);
#1711=LINE('',#12252,#2658);
#1712=LINE('',#12254,#2659);
#1713=LINE('',#12255,#2660);
#1714=LINE('',#12257,#2661);
#1715=LINE('',#12258,#2662);
#1716=LINE('',#12262,#2663);
#1717=LINE('',#12264,#2664);
#1718=LINE('',#12266,#2665);
#1719=LINE('',#12267,#2666);
#1720=LINE('',#12270,#2667);
#1721=LINE('',#12272,#2668);
#1722=LINE('',#12273,#2669);
#1723=LINE('',#12276,#2670);
#1724=LINE('',#12278,#2671);
#1725=LINE('',#12279,#2672);
#1726=LINE('',#12281,#2673);
#1727=LINE('',#12282,#2674);
#1728=LINE('',#12299,#2675);
#1729=LINE('',#12305,#2676);
#1730=LINE('',#12320,#2677);
#1731=LINE('',#12339,#2678);
#1732=LINE('',#12346,#2679);
#1733=LINE('',#12348,#2680);
#1734=LINE('',#12349,#2681);
#1735=LINE('',#12352,#2682);
#1736=LINE('',#12354,#2683);
#1737=LINE('',#12355,#2684);
#1738=LINE('',#12358,#2685);
#1739=LINE('',#12360,#2686);
#1740=LINE('',#12361,#2687);
#1741=LINE('',#12376,#2688);
#1742=LINE('',#12412,#2689);
#1743=LINE('',#12418,#2690);
#1744=LINE('',#12437,#2691);
#1745=LINE('',#12440,#2692);
#1746=LINE('',#12442,#2693);
#1747=LINE('',#12443,#2694);
#1748=LINE('',#12446,#2695);
#1749=LINE('',#12448,#2696);
#1750=LINE('',#12449,#2697);
#1751=LINE('',#12452,#2698);
#1752=LINE('',#12454,#2699);
#1753=LINE('',#12455,#2700);
#1754=LINE('',#12458,#2701);
#1755=LINE('',#12460,#2702);
#1756=LINE('',#12461,#2703);
#1757=LINE('',#12464,#2704);
#1758=LINE('',#12466,#2705);
#1759=LINE('',#12467,#2706);
#1760=LINE('',#12486,#2707);
#1761=LINE('',#12505,#2708);
#1762=LINE('',#12526,#2709);
#1763=LINE('',#12528,#2710);
#1764=LINE('',#12530,#2711);
#1765=LINE('',#12531,#2712);
#1766=LINE('',#12534,#2713);
#1767=LINE('',#12536,#2714);
#1768=LINE('',#12537,#2715);
#1769=LINE('',#12540,#2716);
#1770=LINE('',#12542,#2717);
#1771=LINE('',#12543,#2718);
#1772=LINE('',#12546,#2719);
#1773=LINE('',#12548,#2720);
#1774=LINE('',#12549,#2721);
#1775=LINE('',#12552,#2722);
#1776=LINE('',#12554,#2723);
#1777=LINE('',#12555,#2724);
#1778=LINE('',#12558,#2725);
#1779=LINE('',#12560,#2726);
#1780=LINE('',#12561,#2727);
#1781=LINE('',#12564,#2728);
#1782=LINE('',#12566,#2729);
#1783=LINE('',#12567,#2730);
#1784=LINE('',#12570,#2731);
#1785=LINE('',#12572,#2732);
#1786=LINE('',#12573,#2733);
#1787=LINE('',#12576,#2734);
#1788=LINE('',#12578,#2735);
#1789=LINE('',#12579,#2736);
#1790=LINE('',#12581,#2737);
#1791=LINE('',#12582,#2738);
#1792=LINE('',#12599,#2739);
#1793=LINE('',#12605,#2740);
#1794=LINE('',#12624,#2741);
#1795=LINE('',#12627,#2742);
#1796=LINE('',#12629,#2743);
#1797=LINE('',#12630,#2744);
#1798=LINE('',#12633,#2745);
#1799=LINE('',#12635,#2746);
#1800=LINE('',#12636,#2747);
#1801=LINE('',#12655,#2748);
#1802=LINE('',#12674,#2749);
#1803=LINE('',#12693,#2750);
#1804=LINE('',#12712,#2751);
#1805=LINE('',#12731,#2752);
#1806=LINE('',#12734,#2753);
#1807=LINE('',#12736,#2754);
#1808=LINE('',#12737,#2755);
#1809=LINE('',#12740,#2756);
#1810=LINE('',#12742,#2757);
#1811=LINE('',#12743,#2758);
#1812=LINE('',#12746,#2759);
#1813=LINE('',#12748,#2760);
#1814=LINE('',#12749,#2761);
#1815=LINE('',#12768,#2762);
#1816=LINE('',#12787,#2763);
#1817=LINE('',#12806,#2764);
#1818=LINE('',#12825,#2765);
#1819=LINE('',#12844,#2766);
#1820=LINE('',#12863,#2767);
#1821=LINE('',#12866,#2768);
#1822=LINE('',#12868,#2769);
#1823=LINE('',#12869,#2770);
#1824=LINE('',#12872,#2771);
#1825=LINE('',#12874,#2772);
#1826=LINE('',#12875,#2773);
#1827=LINE('',#12894,#2774);
#1828=LINE('',#12913,#2775);
#1829=LINE('',#12932,#2776);
#1830=LINE('',#12951,#2777);
#1831=LINE('',#12954,#2778);
#1832=LINE('',#12956,#2779);
#1833=LINE('',#12957,#2780);
#1834=LINE('',#12976,#2781);
#1835=LINE('',#12995,#2782);
#1836=LINE('',#13016,#2783);
#1837=LINE('',#13018,#2784);
#1838=LINE('',#13020,#2785);
#1839=LINE('',#13021,#2786);
#1840=LINE('',#13024,#2787);
#1841=LINE('',#13026,#2788);
#1842=LINE('',#13027,#2789);
#1843=LINE('',#13030,#2790);
#1844=LINE('',#13032,#2791);
#1845=LINE('',#13033,#2792);
#1846=LINE('',#13036,#2793);
#1847=LINE('',#13038,#2794);
#1848=LINE('',#13039,#2795);
#1849=LINE('',#13042,#2796);
#1850=LINE('',#13044,#2797);
#1851=LINE('',#13045,#2798);
#1852=LINE('',#13048,#2799);
#1853=LINE('',#13050,#2800);
#1854=LINE('',#13051,#2801);
#1855=LINE('',#13054,#2802);
#1856=LINE('',#13056,#2803);
#1857=LINE('',#13057,#2804);
#1858=LINE('',#13060,#2805);
#1859=LINE('',#13062,#2806);
#1860=LINE('',#13063,#2807);
#1861=LINE('',#13066,#2808);
#1862=LINE('',#13068,#2809);
#1863=LINE('',#13069,#2810);
#1864=LINE('',#13072,#2811);
#1865=LINE('',#13074,#2812);
#1866=LINE('',#13075,#2813);
#1867=LINE('',#13078,#2814);
#1868=LINE('',#13080,#2815);
#1869=LINE('',#13081,#2816);
#1870=LINE('',#13084,#2817);
#1871=LINE('',#13086,#2818);
#1872=LINE('',#13087,#2819);
#1873=LINE('',#13089,#2820);
#1874=LINE('',#13090,#2821);
#1875=LINE('',#13095,#2822);
#1876=LINE('',#13097,#2823);
#1877=LINE('',#13099,#2824);
#1878=LINE('',#13100,#2825);
#1879=LINE('',#13103,#2826);
#1880=LINE('',#13105,#2827);
#1881=LINE('',#13106,#2828);
#1882=LINE('',#13109,#2829);
#1883=LINE('',#13111,#2830);
#1884=LINE('',#13112,#2831);
#1885=LINE('',#13114,#2832);
#1886=LINE('',#13115,#2833);
#1887=LINE('',#13120,#2834);
#1888=LINE('',#13122,#2835);
#1889=LINE('',#13124,#2836);
#1890=LINE('',#13126,#2837);
#1891=LINE('',#13128,#2838);
#1892=LINE('',#13130,#2839);
#1893=LINE('',#13132,#2840);
#1894=LINE('',#13133,#2841);
#1895=LINE('',#13138,#2842);
#1896=LINE('',#13140,#2843);
#1897=LINE('',#13142,#2844);
#1898=LINE('',#13143,#2845);
#1899=LINE('',#13146,#2846);
#1900=LINE('',#13148,#2847);
#1901=LINE('',#13150,#2848);
#1902=LINE('',#13151,#2849);
#1903=LINE('',#13154,#2850);
#1904=LINE('',#13156,#2851);
#1905=LINE('',#13158,#2852);
#1906=LINE('',#13159,#2853);
#1907=LINE('',#13162,#2854);
#1908=LINE('',#13164,#2855);
#1909=LINE('',#13166,#2856);
#1910=LINE('',#13167,#2857);
#1911=LINE('',#13172,#2858);
#1912=LINE('',#13176,#2859);
#1913=LINE('',#13180,#2860);
#1914=LINE('',#13183,#2861);
#1915=LINE('',#13223,#2862);
#1916=LINE('',#13225,#2863);
#1917=LINE('',#13227,#2864);
#1918=LINE('',#13228,#2865);
#1919=LINE('',#13231,#2866);
#1920=LINE('',#13233,#2867);
#1921=LINE('',#13234,#2868);
#1922=LINE('',#13237,#2869);
#1923=LINE('',#13239,#2870);
#1924=LINE('',#13240,#2871);
#1925=LINE('',#13243,#2872);
#1926=LINE('',#13245,#2873);
#1927=LINE('',#13246,#2874);
#1928=LINE('',#13249,#2875);
#1929=LINE('',#13251,#2876);
#1930=LINE('',#13252,#2877);
#1931=LINE('',#13255,#2878);
#1932=LINE('',#13257,#2879);
#1933=LINE('',#13258,#2880);
#1934=LINE('',#13261,#2881);
#1935=LINE('',#13263,#2882);
#1936=LINE('',#13264,#2883);
#1937=LINE('',#13267,#2884);
#1938=LINE('',#13269,#2885);
#1939=LINE('',#13270,#2886);
#1940=LINE('',#13273,#2887);
#1941=LINE('',#13275,#2888);
#1942=LINE('',#13276,#2889);
#1943=LINE('',#13278,#2890);
#1944=LINE('',#13279,#2891);
#1945=LINE('',#13285,#2892);
#1946=LINE('',#13290,#2893);
#1947=LINE('',#13295,#2894);
#1948=LINE('',#13297,#2895);
#1949=LINE('',#13299,#2896);
#1950=LINE('',#13300,#2897);
#1951=LINE('',#13303,#2898);
#1952=LINE('',#13305,#2899);
#1953=LINE('',#13306,#2900);
#1954=LINE('',#13309,#2901);
#1955=LINE('',#13311,#2902);
#1956=LINE('',#13312,#2903);
#1957=LINE('',#13315,#2904);
#1958=LINE('',#13317,#2905);
#1959=LINE('',#13318,#2906);
#1960=LINE('',#13321,#2907);
#1961=LINE('',#13323,#2908);
#1962=LINE('',#13324,#2909);
#1963=LINE('',#13327,#2910);
#1964=LINE('',#13329,#2911);
#1965=LINE('',#13330,#2912);
#1966=LINE('',#13333,#2913);
#1967=LINE('',#13335,#2914);
#1968=LINE('',#13336,#2915);
#1969=LINE('',#13339,#2916);
#1970=LINE('',#13341,#2917);
#1971=LINE('',#13342,#2918);
#1972=LINE('',#13345,#2919);
#1973=LINE('',#13347,#2920);
#1974=LINE('',#13348,#2921);
#1975=LINE('',#13350,#2922);
#1976=LINE('',#13351,#2923);
#1977=LINE('',#13368,#2924);
#1978=LINE('',#13374,#2925);
#1979=LINE('',#13393,#2926);
#1980=LINE('',#13412,#2927);
#1981=LINE('',#13427,#2928);
#1982=LINE('',#13442,#2929);
#1983=LINE('',#13445,#2930);
#1984=LINE('',#13447,#2931);
#1985=LINE('',#13448,#2932);
#1986=LINE('',#13467,#2933);
#1987=LINE('',#13486,#2934);
#1988=LINE('',#13505,#2935);
#1989=LINE('',#13524,#2936);
#1990=LINE('',#13526,#2937);
#1991=LINE('',#13527,#2938);
#1992=LINE('',#13551,#2939);
#1993=LINE('',#13552,#2940);
#1994=LINE('',#13571,#2941);
#1995=LINE('',#13572,#2942);
#1996=LINE('',#13591,#2943);
#1997=LINE('',#13592,#2944);
#1998=LINE('',#13608,#2945);
#1999=LINE('',#13609,#2946);
#2000=LINE('',#13611,#2947);
#2001=LINE('',#13612,#2948);
#2002=LINE('',#13614,#2949);
#2003=LINE('',#13616,#2950);
#2004=LINE('',#13618,#2951);
#2005=LINE('',#13623,#2952);
#2006=LINE('',#13625,#2953);
#2007=LINE('',#13627,#2954);
#2008=LINE('',#13628,#2955);
#2009=LINE('',#13631,#2956);
#2010=LINE('',#13633,#2957);
#2011=LINE('',#13634,#2958);
#2012=LINE('',#13637,#2959);
#2013=LINE('',#13639,#2960);
#2014=LINE('',#13640,#2961);
#2015=LINE('',#13642,#2962);
#2016=LINE('',#13643,#2963);
#2017=LINE('',#13648,#2964);
#2018=LINE('',#13650,#2965);
#2019=LINE('',#13652,#2966);
#2020=LINE('',#13653,#2967);
#2021=LINE('',#13656,#2968);
#2022=LINE('',#13658,#2969);
#2023=LINE('',#13659,#2970);
#2024=LINE('',#13662,#2971);
#2025=LINE('',#13664,#2972);
#2026=LINE('',#13665,#2973);
#2027=LINE('',#13667,#2974);
#2028=LINE('',#13668,#2975);
#2029=LINE('',#13673,#2976);
#2030=LINE('',#13675,#2977);
#2031=LINE('',#13677,#2978);
#2032=LINE('',#13678,#2979);
#2033=LINE('',#13681,#2980);
#2034=LINE('',#13683,#2981);
#2035=LINE('',#13684,#2982);
#2036=LINE('',#13687,#2983);
#2037=LINE('',#13689,#2984);
#2038=LINE('',#13690,#2985);
#2039=LINE('',#13692,#2986);
#2040=LINE('',#13693,#2987);
#2041=LINE('',#13698,#2988);
#2042=LINE('',#13700,#2989);
#2043=LINE('',#13702,#2990);
#2044=LINE('',#13703,#2991);
#2045=LINE('',#13706,#2992);
#2046=LINE('',#13708,#2993);
#2047=LINE('',#13709,#2994);
#2048=LINE('',#13712,#2995);
#2049=LINE('',#13714,#2996);
#2050=LINE('',#13715,#2997);
#2051=LINE('',#13717,#2998);
#2052=LINE('',#13718,#2999);
#2053=LINE('',#13723,#3000);
#2054=LINE('',#13725,#3001);
#2055=LINE('',#13727,#3002);
#2056=LINE('',#13728,#3003);
#2057=LINE('',#13731,#3004);
#2058=LINE('',#13733,#3005);
#2059=LINE('',#13734,#3006);
#2060=LINE('',#13737,#3007);
#2061=LINE('',#13739,#3008);
#2062=LINE('',#13740,#3009);
#2063=LINE('',#13742,#3010);
#2064=LINE('',#13743,#3011);
#2065=LINE('',#13748,#3012);
#2066=LINE('',#13750,#3013);
#2067=LINE('',#13752,#3014);
#2068=LINE('',#13753,#3015);
#2069=LINE('',#13756,#3016);
#2070=LINE('',#13758,#3017);
#2071=LINE('',#13759,#3018);
#2072=LINE('',#13762,#3019);
#2073=LINE('',#13764,#3020);
#2074=LINE('',#13765,#3021);
#2075=LINE('',#13767,#3022);
#2076=LINE('',#13768,#3023);
#2077=LINE('',#13773,#3024);
#2078=LINE('',#13775,#3025);
#2079=LINE('',#13777,#3026);
#2080=LINE('',#13778,#3027);
#2081=LINE('',#13781,#3028);
#2082=LINE('',#13783,#3029);
#2083=LINE('',#13784,#3030);
#2084=LINE('',#13787,#3031);
#2085=LINE('',#13789,#3032);
#2086=LINE('',#13790,#3033);
#2087=LINE('',#13792,#3034);
#2088=LINE('',#13793,#3035);
#2089=LINE('',#13798,#3036);
#2090=LINE('',#13800,#3037);
#2091=LINE('',#13802,#3038);
#2092=LINE('',#13803,#3039);
#2093=LINE('',#13806,#3040);
#2094=LINE('',#13808,#3041);
#2095=LINE('',#13809,#3042);
#2096=LINE('',#13812,#3043);
#2097=LINE('',#13814,#3044);
#2098=LINE('',#13815,#3045);
#2099=LINE('',#13817,#3046);
#2100=LINE('',#13818,#3047);
#2101=LINE('',#13823,#3048);
#2102=LINE('',#13825,#3049);
#2103=LINE('',#13827,#3050);
#2104=LINE('',#13828,#3051);
#2105=LINE('',#13831,#3052);
#2106=LINE('',#13833,#3053);
#2107=LINE('',#13834,#3054);
#2108=LINE('',#13837,#3055);
#2109=LINE('',#13839,#3056);
#2110=LINE('',#13840,#3057);
#2111=LINE('',#13842,#3058);
#2112=LINE('',#13843,#3059);
#2113=LINE('',#13848,#3060);
#2114=LINE('',#13850,#3061);
#2115=LINE('',#13852,#3062);
#2116=LINE('',#13853,#3063);
#2117=LINE('',#13856,#3064);
#2118=LINE('',#13858,#3065);
#2119=LINE('',#13859,#3066);
#2120=LINE('',#13862,#3067);
#2121=LINE('',#13864,#3068);
#2122=LINE('',#13865,#3069);
#2123=LINE('',#13867,#3070);
#2124=LINE('',#13868,#3071);
#2125=LINE('',#13873,#3072);
#2126=LINE('',#13875,#3073);
#2127=LINE('',#13877,#3074);
#2128=LINE('',#13878,#3075);
#2129=LINE('',#13881,#3076);
#2130=LINE('',#13883,#3077);
#2131=LINE('',#13884,#3078);
#2132=LINE('',#13887,#3079);
#2133=LINE('',#13889,#3080);
#2134=LINE('',#13890,#3081);
#2135=LINE('',#13892,#3082);
#2136=LINE('',#13893,#3083);
#2137=LINE('',#13898,#3084);
#2138=LINE('',#13900,#3085);
#2139=LINE('',#13902,#3086);
#2140=LINE('',#13903,#3087);
#2141=LINE('',#13906,#3088);
#2142=LINE('',#13908,#3089);
#2143=LINE('',#13909,#3090);
#2144=LINE('',#13912,#3091);
#2145=LINE('',#13914,#3092);
#2146=LINE('',#13915,#3093);
#2147=LINE('',#13917,#3094);
#2148=LINE('',#13918,#3095);
#2149=LINE('',#13923,#3096);
#2150=LINE('',#13925,#3097);
#2151=LINE('',#13927,#3098);
#2152=LINE('',#13928,#3099);
#2153=LINE('',#13931,#3100);
#2154=LINE('',#13933,#3101);
#2155=LINE('',#13934,#3102);
#2156=LINE('',#13937,#3103);
#2157=LINE('',#13939,#3104);
#2158=LINE('',#13940,#3105);
#2159=LINE('',#13942,#3106);
#2160=LINE('',#13943,#3107);
#2161=LINE('',#13948,#3108);
#2162=LINE('',#13950,#3109);
#2163=LINE('',#13952,#3110);
#2164=LINE('',#13953,#3111);
#2165=LINE('',#13956,#3112);
#2166=LINE('',#13958,#3113);
#2167=LINE('',#13959,#3114);
#2168=LINE('',#13962,#3115);
#2169=LINE('',#13964,#3116);
#2170=LINE('',#13965,#3117);
#2171=LINE('',#13967,#3118);
#2172=LINE('',#13968,#3119);
#2173=LINE('',#13973,#3120);
#2174=LINE('',#13975,#3121);
#2175=LINE('',#13977,#3122);
#2176=LINE('',#13978,#3123);
#2177=LINE('',#13981,#3124);
#2178=LINE('',#13983,#3125);
#2179=LINE('',#13984,#3126);
#2180=LINE('',#13987,#3127);
#2181=LINE('',#13989,#3128);
#2182=LINE('',#13990,#3129);
#2183=LINE('',#13992,#3130);
#2184=LINE('',#13993,#3131);
#2185=LINE('',#13998,#3132);
#2186=LINE('',#14000,#3133);
#2187=LINE('',#14002,#3134);
#2188=LINE('',#14003,#3135);
#2189=LINE('',#14006,#3136);
#2190=LINE('',#14008,#3137);
#2191=LINE('',#14009,#3138);
#2192=LINE('',#14012,#3139);
#2193=LINE('',#14014,#3140);
#2194=LINE('',#14015,#3141);
#2195=LINE('',#14017,#3142);
#2196=LINE('',#14018,#3143);
#2197=LINE('',#14023,#3144);
#2198=LINE('',#14025,#3145);
#2199=LINE('',#14027,#3146);
#2200=LINE('',#14028,#3147);
#2201=LINE('',#14031,#3148);
#2202=LINE('',#14033,#3149);
#2203=LINE('',#14034,#3150);
#2204=LINE('',#14037,#3151);
#2205=LINE('',#14039,#3152);
#2206=LINE('',#14040,#3153);
#2207=LINE('',#14042,#3154);
#2208=LINE('',#14043,#3155);
#2209=LINE('',#14048,#3156);
#2210=LINE('',#14050,#3157);
#2211=LINE('',#14052,#3158);
#2212=LINE('',#14053,#3159);
#2213=LINE('',#14056,#3160);
#2214=LINE('',#14058,#3161);
#2215=LINE('',#14059,#3162);
#2216=LINE('',#14062,#3163);
#2217=LINE('',#14064,#3164);
#2218=LINE('',#14065,#3165);
#2219=LINE('',#14067,#3166);
#2220=LINE('',#14068,#3167);
#2221=LINE('',#14073,#3168);
#2222=LINE('',#14075,#3169);
#2223=LINE('',#14077,#3170);
#2224=LINE('',#14078,#3171);
#2225=LINE('',#14081,#3172);
#2226=LINE('',#14083,#3173);
#2227=LINE('',#14084,#3174);
#2228=LINE('',#14087,#3175);
#2229=LINE('',#14089,#3176);
#2230=LINE('',#14090,#3177);
#2231=LINE('',#14092,#3178);
#2232=LINE('',#14093,#3179);
#2233=LINE('',#14098,#3180);
#2234=LINE('',#14100,#3181);
#2235=LINE('',#14102,#3182);
#2236=LINE('',#14103,#3183);
#2237=LINE('',#14106,#3184);
#2238=LINE('',#14108,#3185);
#2239=LINE('',#14109,#3186);
#2240=LINE('',#14112,#3187);
#2241=LINE('',#14114,#3188);
#2242=LINE('',#14115,#3189);
#2243=LINE('',#14117,#3190);
#2244=LINE('',#14118,#3191);
#2245=LINE('',#14123,#3192);
#2246=LINE('',#14125,#3193);
#2247=LINE('',#14127,#3194);
#2248=LINE('',#14128,#3195);
#2249=LINE('',#14131,#3196);
#2250=LINE('',#14133,#3197);
#2251=LINE('',#14134,#3198);
#2252=LINE('',#14137,#3199);
#2253=LINE('',#14139,#3200);
#2254=LINE('',#14140,#3201);
#2255=LINE('',#14142,#3202);
#2256=LINE('',#14143,#3203);
#2257=LINE('',#14148,#3204);
#2258=LINE('',#14150,#3205);
#2259=LINE('',#14152,#3206);
#2260=LINE('',#14153,#3207);
#2261=LINE('',#14156,#3208);
#2262=LINE('',#14158,#3209);
#2263=LINE('',#14159,#3210);
#2264=LINE('',#14162,#3211);
#2265=LINE('',#14164,#3212);
#2266=LINE('',#14165,#3213);
#2267=LINE('',#14167,#3214);
#2268=LINE('',#14168,#3215);
#2269=LINE('',#14173,#3216);
#2270=LINE('',#14175,#3217);
#2271=LINE('',#14177,#3218);
#2272=LINE('',#14178,#3219);
#2273=LINE('',#14181,#3220);
#2274=LINE('',#14183,#3221);
#2275=LINE('',#14184,#3222);
#2276=LINE('',#14187,#3223);
#2277=LINE('',#14189,#3224);
#2278=LINE('',#14190,#3225);
#2279=LINE('',#14192,#3226);
#2280=LINE('',#14193,#3227);
#2281=LINE('',#14198,#3228);
#2282=LINE('',#14200,#3229);
#2283=LINE('',#14202,#3230);
#2284=LINE('',#14203,#3231);
#2285=LINE('',#14206,#3232);
#2286=LINE('',#14208,#3233);
#2287=LINE('',#14209,#3234);
#2288=LINE('',#14212,#3235);
#2289=LINE('',#14214,#3236);
#2290=LINE('',#14215,#3237);
#2291=LINE('',#14217,#3238);
#2292=LINE('',#14218,#3239);
#2293=LINE('',#14223,#3240);
#2294=LINE('',#14225,#3241);
#2295=LINE('',#14227,#3242);
#2296=LINE('',#14228,#3243);
#2297=LINE('',#14231,#3244);
#2298=LINE('',#14233,#3245);
#2299=LINE('',#14234,#3246);
#2300=LINE('',#14237,#3247);
#2301=LINE('',#14239,#3248);
#2302=LINE('',#14240,#3249);
#2303=LINE('',#14242,#3250);
#2304=LINE('',#14243,#3251);
#2305=LINE('',#14248,#3252);
#2306=LINE('',#14250,#3253);
#2307=LINE('',#14252,#3254);
#2308=LINE('',#14253,#3255);
#2309=LINE('',#14256,#3256);
#2310=LINE('',#14258,#3257);
#2311=LINE('',#14259,#3258);
#2312=LINE('',#14262,#3259);
#2313=LINE('',#14264,#3260);
#2314=LINE('',#14265,#3261);
#2315=LINE('',#14267,#3262);
#2316=LINE('',#14268,#3263);
#2317=LINE('',#14273,#3264);
#2318=LINE('',#14275,#3265);
#2319=LINE('',#14277,#3266);
#2320=LINE('',#14278,#3267);
#2321=LINE('',#14281,#3268);
#2322=LINE('',#14283,#3269);
#2323=LINE('',#14284,#3270);
#2324=LINE('',#14287,#3271);
#2325=LINE('',#14289,#3272);
#2326=LINE('',#14290,#3273);
#2327=LINE('',#14292,#3274);
#2328=LINE('',#14293,#3275);
#2329=LINE('',#14298,#3276);
#2330=LINE('',#14300,#3277);
#2331=LINE('',#14302,#3278);
#2332=LINE('',#14303,#3279);
#2333=LINE('',#14306,#3280);
#2334=LINE('',#14308,#3281);
#2335=LINE('',#14309,#3282);
#2336=LINE('',#14312,#3283);
#2337=LINE('',#14314,#3284);
#2338=LINE('',#14315,#3285);
#2339=LINE('',#14317,#3286);
#2340=LINE('',#14318,#3287);
#2341=LINE('',#14323,#3288);
#2342=LINE('',#14325,#3289);
#2343=LINE('',#14327,#3290);
#2344=LINE('',#14328,#3291);
#2345=LINE('',#14331,#3292);
#2346=LINE('',#14333,#3293);
#2347=LINE('',#14334,#3294);
#2348=LINE('',#14337,#3295);
#2349=LINE('',#14339,#3296);
#2350=LINE('',#14340,#3297);
#2351=LINE('',#14342,#3298);
#2352=LINE('',#14343,#3299);
#2353=LINE('',#14348,#3300);
#2354=LINE('',#14350,#3301);
#2355=LINE('',#14352,#3302);
#2356=LINE('',#14353,#3303);
#2357=LINE('',#14356,#3304);
#2358=LINE('',#14358,#3305);
#2359=LINE('',#14359,#3306);
#2360=LINE('',#14362,#3307);
#2361=LINE('',#14364,#3308);
#2362=LINE('',#14365,#3309);
#2363=LINE('',#14367,#3310);
#2364=LINE('',#14368,#3311);
#2365=LINE('',#14373,#3312);
#2366=LINE('',#14375,#3313);
#2367=LINE('',#14377,#3314);
#2368=LINE('',#14378,#3315);
#2369=LINE('',#14381,#3316);
#2370=LINE('',#14383,#3317);
#2371=LINE('',#14384,#3318);
#2372=LINE('',#14387,#3319);
#2373=LINE('',#14389,#3320);
#2374=LINE('',#14390,#3321);
#2375=LINE('',#14392,#3322);
#2376=LINE('',#14393,#3323);
#2377=LINE('',#14398,#3324);
#2378=LINE('',#14400,#3325);
#2379=LINE('',#14402,#3326);
#2380=LINE('',#14403,#3327);
#2381=LINE('',#14406,#3328);
#2382=LINE('',#14408,#3329);
#2383=LINE('',#14409,#3330);
#2384=LINE('',#14412,#3331);
#2385=LINE('',#14414,#3332);
#2386=LINE('',#14415,#3333);
#2387=LINE('',#14417,#3334);
#2388=LINE('',#14418,#3335);
#2389=LINE('',#14423,#3336);
#2390=LINE('',#14425,#3337);
#2391=LINE('',#14427,#3338);
#2392=LINE('',#14428,#3339);
#2393=LINE('',#14431,#3340);
#2394=LINE('',#14433,#3341);
#2395=LINE('',#14434,#3342);
#2396=LINE('',#14437,#3343);
#2397=LINE('',#14439,#3344);
#2398=LINE('',#14440,#3345);
#2399=LINE('',#14442,#3346);
#2400=LINE('',#14443,#3347);
#2401=LINE('',#14448,#3348);
#2402=LINE('',#14450,#3349);
#2403=LINE('',#14452,#3350);
#2404=LINE('',#14453,#3351);
#2405=LINE('',#14456,#3352);
#2406=LINE('',#14458,#3353);
#2407=LINE('',#14459,#3354);
#2408=LINE('',#14462,#3355);
#2409=LINE('',#14464,#3356);
#2410=LINE('',#14465,#3357);
#2411=LINE('',#14467,#3358);
#2412=LINE('',#14468,#3359);
#2413=LINE('',#14472,#3360);
#2414=LINE('',#14476,#3361);
#2415=LINE('',#14480,#3362);
#2416=LINE('',#14484,#3363);
#2417=LINE('',#14488,#3364);
#2418=LINE('',#14492,#3365);
#2419=LINE('',#14496,#3366);
#2420=LINE('',#14500,#3367);
#2421=LINE('',#14504,#3368);
#2422=LINE('',#14508,#3369);
#2423=LINE('',#14512,#3370);
#2424=LINE('',#14516,#3371);
#2425=LINE('',#14520,#3372);
#2426=LINE('',#14522,#3373);
#2427=LINE('',#14523,#3374);
#2428=LINE('',#14526,#3375);
#2429=LINE('',#14527,#3376);
#2430=LINE('',#14530,#3377);
#2431=LINE('',#14531,#3378);
#2432=LINE('',#14533,#3379);
#2433=LINE('',#14537,#3380);
#2434=LINE('',#14539,#3381);
#2435=LINE('',#14540,#3382);
#2436=LINE('',#14543,#3383);
#2437=LINE('',#14544,#3384);
#2438=LINE('',#14547,#3385);
#2439=LINE('',#14548,#3386);
#2440=LINE('',#14550,#3387);
#2441=LINE('',#14555,#3388);
#2442=LINE('',#14557,#3389);
#2443=LINE('',#14558,#3390);
#2444=LINE('',#14561,#3391);
#2445=LINE('',#14562,#3392);
#2446=LINE('',#14565,#3393);
#2447=LINE('',#14566,#3394);
#2448=LINE('',#14568,#3395);
#2449=LINE('',#14571,#3396);
#2450=LINE('',#14573,#3397);
#2451=LINE('',#14574,#3398);
#2452=LINE('',#14577,#3399);
#2453=LINE('',#14578,#3400);
#2454=LINE('',#14581,#3401);
#2455=LINE('',#14582,#3402);
#2456=LINE('',#14584,#3403);
#2457=LINE('',#14588,#3404);
#2458=LINE('',#14590,#3405);
#2459=LINE('',#14591,#3406);
#2460=LINE('',#14594,#3407);
#2461=LINE('',#14595,#3408);
#2462=LINE('',#14598,#3409);
#2463=LINE('',#14599,#3410);
#2464=LINE('',#14601,#3411);
#2465=LINE('',#14604,#3412);
#2466=LINE('',#14606,#3413);
#2467=LINE('',#14608,#3414);
#2468=LINE('',#14612,#3415);
#2469=LINE('',#14616,#3416);
#2470=LINE('',#14620,#3417);
#2471=LINE('',#14624,#3418);
#2472=LINE('',#14629,#3419);
#2473=LINE('',#14630,#3420);
#2474=LINE('',#14631,#3421);
#2475=LINE('',#14634,#3422);
#2476=LINE('',#14635,#3423);
#2477=LINE('',#14638,#3424);
#2478=LINE('',#14639,#3425);
#2479=LINE('',#14641,#3426);
#2480=VECTOR('',#9080,10.);
#2481=VECTOR('',#9081,10.);
#2482=VECTOR('',#9082,10.);
#2483=VECTOR('',#9083,10.);
#2484=VECTOR('',#9084,10.);
#2485=VECTOR('',#9085,10.);
#2486=VECTOR('',#9086,10.);
#2487=VECTOR('',#9087,10.);
#2488=VECTOR('',#9090,10.);
#2489=VECTOR('',#9091,10.);
#2490=VECTOR('',#9092,10.);
#2491=VECTOR('',#9095,10.);
#2492=VECTOR('',#9096,10.);
#2493=VECTOR('',#9097,10.);
#2494=VECTOR('',#9098,10.);
#2495=VECTOR('',#9099,10.);
#2496=VECTOR('',#9100,10.);
#2497=VECTOR('',#9101,10.);
#2498=VECTOR('',#9104,10.);
#2499=VECTOR('',#9105,10.);
#2500=VECTOR('',#9106,10.);
#2501=VECTOR('',#9109,10.);
#2502=VECTOR('',#9110,10.);
#2503=VECTOR('',#9111,10.);
#2504=VECTOR('',#9112,10.);
#2505=VECTOR('',#9113,10.);
#2506=VECTOR('',#9118,10.);
#2507=VECTOR('',#9119,10.);
#2508=VECTOR('',#9120,10.);
#2509=VECTOR('',#9121,10.);
#2510=VECTOR('',#9122,10.);
#2511=VECTOR('',#9123,10.);
#2512=VECTOR('',#9126,10.);
#2513=VECTOR('',#9127,10.);
#2514=VECTOR('',#9128,10.);
#2515=VECTOR('',#9131,10.);
#2516=VECTOR('',#9132,10.);
#2517=VECTOR('',#9133,10.);
#2518=VECTOR('',#9136,10.);
#2519=VECTOR('',#9137,10.);
#2520=VECTOR('',#9138,10.);
#2521=VECTOR('',#9139,10.);
#2522=VECTOR('',#9140,10.);
#2523=VECTOR('',#9141,10.);
#2524=VECTOR('',#9144,10.);
#2525=VECTOR('',#9145,10.);
#2526=VECTOR('',#9146,10.);
#2527=VECTOR('',#9149,10.);
#2528=VECTOR('',#9150,10.);
#2529=VECTOR('',#9151,10.);
#2530=VECTOR('',#9154,10.);
#2531=VECTOR('',#9155,10.);
#2532=VECTOR('',#9156,10.);
#2533=VECTOR('',#9159,10.);
#2534=VECTOR('',#9160,10.);
#2535=VECTOR('',#9163,10.);
#2536=VECTOR('',#9164,10.);
#2537=VECTOR('',#9165,10.);
#2538=VECTOR('',#9166,10.);
#2539=VECTOR('',#9167,10.);
#2540=VECTOR('',#9170,10.);
#2541=VECTOR('',#9171,10.);
#2542=VECTOR('',#9174,10.);
#2543=VECTOR('',#9175,10.);
#2544=VECTOR('',#9176,10.);
#2545=VECTOR('',#9177,10.);
#2546=VECTOR('',#9178,10.);
#2547=VECTOR('',#9179,10.);
#2548=VECTOR('',#9180,10.);
#2549=VECTOR('',#9181,10.);
#2550=VECTOR('',#9182,10.);
#2551=VECTOR('',#9183,10.);
#2552=VECTOR('',#9186,10.);
#2553=VECTOR('',#9187,10.);
#2554=VECTOR('',#9188,10.);
#2555=VECTOR('',#9191,10.);
#2556=VECTOR('',#9192,10.);
#2557=VECTOR('',#9193,10.);
#2558=VECTOR('',#9196,10.);
#2559=VECTOR('',#9197,10.);
#2560=VECTOR('',#9198,10.);
#2561=VECTOR('',#9201,10.);
#2562=VECTOR('',#9202,10.);
#2563=VECTOR('',#9205,10.);
#2564=VECTOR('',#9206,10.);
#2565=VECTOR('',#9207,10.);
#2566=VECTOR('',#9208,10.);
#2567=VECTOR('',#9209,10.);
#2568=VECTOR('',#9210,10.);
#2569=VECTOR('',#9211,10.);
#2570=VECTOR('',#9212,10.);
#2571=VECTOR('',#9213,10.);
#2572=VECTOR('',#9214,10.);
#2573=VECTOR('',#9215,10.);
#2574=VECTOR('',#9216,10.);
#2575=VECTOR('',#9221,10.);
#2576=VECTOR('',#9222,10.);
#2577=VECTOR('',#9223,10.);
#2578=VECTOR('',#9224,10.);
#2579=VECTOR('',#9225,10.);
#2580=VECTOR('',#9226,10.);
#2581=VECTOR('',#9227,10.);
#2582=VECTOR('',#9228,10.);
#2583=VECTOR('',#9229,10.);
#2584=VECTOR('',#9232,10.);
#2585=VECTOR('',#9233,10.);
#2586=VECTOR('',#9234,10.);
#2587=VECTOR('',#9237,10.);
#2588=VECTOR('',#9238,10.);
#2589=VECTOR('',#9239,10.);
#2590=VECTOR('',#9240,10.);
#2591=VECTOR('',#9241,10.);
#2592=VECTOR('',#9242,10.);
#2593=VECTOR('',#9243,10.);
#2594=VECTOR('',#9246,10.);
#2595=VECTOR('',#9247,10.);
#2596=VECTOR('',#9248,10.);
#2597=VECTOR('',#9251,10.);
#2598=VECTOR('',#9252,10.);
#2599=VECTOR('',#9253,10.);
#2600=VECTOR('',#9256,10.);
#2601=VECTOR('',#9257,10.);
#2602=VECTOR('',#9260,10.);
#2603=VECTOR('',#9261,10.);
#2604=VECTOR('',#9262,10.);
#2605=VECTOR('',#9265,10.);
#2606=VECTOR('',#9266,10.);
#2607=VECTOR('',#9267,10.);
#2608=VECTOR('',#9270,10.);
#2609=VECTOR('',#9271,10.);
#2610=VECTOR('',#9272,10.);
#2611=VECTOR('',#9273,10.);
#2612=VECTOR('',#9274,10.);
#2613=VECTOR('',#9275,10.);
#2614=VECTOR('',#9276,10.);
#2615=VECTOR('',#9277,10.);
#2616=VECTOR('',#9278,10.);
#2617=VECTOR('',#9279,10.);
#2618=VECTOR('',#9282,10.);
#2619=VECTOR('',#9283,10.);
#2620=VECTOR('',#9284,10.);
#2621=VECTOR('',#9287,10.);
#2622=VECTOR('',#9288,10.);
#2623=VECTOR('',#9289,10.);
#2624=VECTOR('',#9292,10.);
#2625=VECTOR('',#9293,10.);
#2626=VECTOR('',#9294,10.);
#2627=VECTOR('',#9297,10.);
#2628=VECTOR('',#9298,10.);
#2629=VECTOR('',#9299,10.);
#2630=VECTOR('',#9302,10.);
#2631=VECTOR('',#9303,10.);
#2632=VECTOR('',#9304,10.);
#2633=VECTOR('',#9307,10.);
#2634=VECTOR('',#9308,10.);
#2635=VECTOR('',#9309,10.);
#2636=VECTOR('',#9310,10.);
#2637=VECTOR('',#9311,10.);
#2638=VECTOR('',#9312,10.);
#2639=VECTOR('',#9317,10.);
#2640=VECTOR('',#9318,10.);
#2641=VECTOR('',#9319,10.);
#2642=VECTOR('',#9320,10.);
#2643=VECTOR('',#9323,10.);
#2644=VECTOR('',#9324,10.);
#2645=VECTOR('',#9325,10.);
#2646=VECTOR('',#9328,10.);
#2647=VECTOR('',#9329,10.);
#2648=VECTOR('',#9330,10.);
#2649=VECTOR('',#9333,10.);
#2650=VECTOR('',#9334,10.);
#2651=VECTOR('',#9339,10.);
#2652=VECTOR('',#9340,10.);
#2653=VECTOR('',#9341,10.);
#2654=VECTOR('',#9342,10.);
#2655=VECTOR('',#9345,10.);
#2656=VECTOR('',#9346,10.);
#2657=VECTOR('',#9347,10.);
#2658=VECTOR('',#9350,10.);
#2659=VECTOR('',#9351,10.);
#2660=VECTOR('',#9352,10.);
#2661=VECTOR('',#9355,10.);
#2662=VECTOR('',#9356,10.);
#2663=VECTOR('',#9359,10.);
#2664=VECTOR('',#9360,10.);
#2665=VECTOR('',#9361,10.);
#2666=VECTOR('',#9362,10.);
#2667=VECTOR('',#9365,10.);
#2668=VECTOR('',#9366,10.);
#2669=VECTOR('',#9367,10.);
#2670=VECTOR('',#9370,10.);
#2671=VECTOR('',#9371,10.);
#2672=VECTOR('',#9372,10.);
#2673=VECTOR('',#9375,10.);
#2674=VECTOR('',#9376,10.);
#2675=VECTOR('',#9379,10.);
#2676=VECTOR('',#9380,10.);
#2677=VECTOR('',#9381,10.);
#2678=VECTOR('',#9382,10.);
#2679=VECTOR('',#9385,10.);
#2680=VECTOR('',#9386,10.);
#2681=VECTOR('',#9387,10.);
#2682=VECTOR('',#9390,10.);
#2683=VECTOR('',#9391,10.);
#2684=VECTOR('',#9392,10.);
#2685=VECTOR('',#9395,10.);
#2686=VECTOR('',#9396,10.);
#2687=VECTOR('',#9397,10.);
#2688=VECTOR('',#9398,10.);
#2689=VECTOR('',#9399,10.);
#2690=VECTOR('',#9400,10.);
#2691=VECTOR('',#9401,10.);
#2692=VECTOR('',#9404,10.);
#2693=VECTOR('',#9405,10.);
#2694=VECTOR('',#9406,10.);
#2695=VECTOR('',#9409,10.);
#2696=VECTOR('',#9410,10.);
#2697=VECTOR('',#9411,10.);
#2698=VECTOR('',#9414,10.);
#2699=VECTOR('',#9415,10.);
#2700=VECTOR('',#9416,10.);
#2701=VECTOR('',#9419,10.);
#2702=VECTOR('',#9420,10.);
#2703=VECTOR('',#9421,10.);
#2704=VECTOR('',#9424,10.);
#2705=VECTOR('',#9425,10.);
#2706=VECTOR('',#9426,10.);
#2707=VECTOR('',#9427,10.);
#2708=VECTOR('',#9428,10.);
#2709=VECTOR('',#9433,10.);
#2710=VECTOR('',#9434,10.);
#2711=VECTOR('',#9435,10.);
#2712=VECTOR('',#9436,10.);
#2713=VECTOR('',#9439,10.);
#2714=VECTOR('',#9440,10.);
#2715=VECTOR('',#9441,10.);
#2716=VECTOR('',#9444,10.);
#2717=VECTOR('',#9445,10.);
#2718=VECTOR('',#9446,10.);
#2719=VECTOR('',#9449,10.);
#2720=VECTOR('',#9450,10.);
#2721=VECTOR('',#9451,10.);
#2722=VECTOR('',#9454,10.);
#2723=VECTOR('',#9455,10.);
#2724=VECTOR('',#9456,10.);
#2725=VECTOR('',#9459,10.);
#2726=VECTOR('',#9460,10.);
#2727=VECTOR('',#9461,10.);
#2728=VECTOR('',#9464,10.);
#2729=VECTOR('',#9465,10.);
#2730=VECTOR('',#9466,10.);
#2731=VECTOR('',#9469,10.);
#2732=VECTOR('',#9470,10.);
#2733=VECTOR('',#9471,10.);
#2734=VECTOR('',#9474,10.);
#2735=VECTOR('',#9475,10.);
#2736=VECTOR('',#9476,10.);
#2737=VECTOR('',#9479,10.);
#2738=VECTOR('',#9480,10.);
#2739=VECTOR('',#9483,10.);
#2740=VECTOR('',#9484,10.);
#2741=VECTOR('',#9485,10.);
#2742=VECTOR('',#9488,10.);
#2743=VECTOR('',#9489,10.);
#2744=VECTOR('',#9490,10.);
#2745=VECTOR('',#9493,10.);
#2746=VECTOR('',#9494,10.);
#2747=VECTOR('',#9495,10.);
#2748=VECTOR('',#9496,10.);
#2749=VECTOR('',#9497,10.);
#2750=VECTOR('',#9498,10.);
#2751=VECTOR('',#9499,10.);
#2752=VECTOR('',#9500,10.);
#2753=VECTOR('',#9503,10.);
#2754=VECTOR('',#9504,10.);
#2755=VECTOR('',#9505,10.);
#2756=VECTOR('',#9508,10.);
#2757=VECTOR('',#9509,10.);
#2758=VECTOR('',#9510,10.);
#2759=VECTOR('',#9513,10.);
#2760=VECTOR('',#9514,10.);
#2761=VECTOR('',#9515,10.);
#2762=VECTOR('',#9516,10.);
#2763=VECTOR('',#9517,10.);
#2764=VECTOR('',#9518,10.);
#2765=VECTOR('',#9519,10.);
#2766=VECTOR('',#9520,10.);
#2767=VECTOR('',#9521,10.);
#2768=VECTOR('',#9524,10.);
#2769=VECTOR('',#9525,10.);
#2770=VECTOR('',#9526,10.);
#2771=VECTOR('',#9529,10.);
#2772=VECTOR('',#9530,10.);
#2773=VECTOR('',#9531,10.);
#2774=VECTOR('',#9532,10.);
#2775=VECTOR('',#9533,10.);
#2776=VECTOR('',#9534,10.);
#2777=VECTOR('',#9535,10.);
#2778=VECTOR('',#9538,10.);
#2779=VECTOR('',#9539,10.);
#2780=VECTOR('',#9540,10.);
#2781=VECTOR('',#9541,10.);
#2782=VECTOR('',#9542,10.);
#2783=VECTOR('',#9547,10.);
#2784=VECTOR('',#9548,10.);
#2785=VECTOR('',#9549,10.);
#2786=VECTOR('',#9550,10.);
#2787=VECTOR('',#9553,10.);
#2788=VECTOR('',#9554,10.);
#2789=VECTOR('',#9555,10.);
#2790=VECTOR('',#9558,10.);
#2791=VECTOR('',#9559,10.);
#2792=VECTOR('',#9560,10.);
#2793=VECTOR('',#9563,10.);
#2794=VECTOR('',#9564,10.);
#2795=VECTOR('',#9565,10.);
#2796=VECTOR('',#9568,10.);
#2797=VECTOR('',#9569,10.);
#2798=VECTOR('',#9570,10.);
#2799=VECTOR('',#9573,10.);
#2800=VECTOR('',#9574,10.);
#2801=VECTOR('',#9575,10.);
#2802=VECTOR('',#9578,10.);
#2803=VECTOR('',#9579,10.);
#2804=VECTOR('',#9580,10.);
#2805=VECTOR('',#9583,10.);
#2806=VECTOR('',#9584,10.);
#2807=VECTOR('',#9585,10.);
#2808=VECTOR('',#9588,10.);
#2809=VECTOR('',#9589,10.);
#2810=VECTOR('',#9590,10.);
#2811=VECTOR('',#9593,10.);
#2812=VECTOR('',#9594,10.);
#2813=VECTOR('',#9595,10.);
#2814=VECTOR('',#9598,10.);
#2815=VECTOR('',#9599,10.);
#2816=VECTOR('',#9600,10.);
#2817=VECTOR('',#9603,10.);
#2818=VECTOR('',#9604,10.);
#2819=VECTOR('',#9605,10.);
#2820=VECTOR('',#9608,10.);
#2821=VECTOR('',#9609,10.);
#2822=VECTOR('',#9614,10.);
#2823=VECTOR('',#9615,10.);
#2824=VECTOR('',#9616,10.);
#2825=VECTOR('',#9617,10.);
#2826=VECTOR('',#9620,10.);
#2827=VECTOR('',#9621,10.);
#2828=VECTOR('',#9622,10.);
#2829=VECTOR('',#9625,10.);
#2830=VECTOR('',#9626,10.);
#2831=VECTOR('',#9627,10.);
#2832=VECTOR('',#9630,10.);
#2833=VECTOR('',#9631,10.);
#2834=VECTOR('',#9636,10.);
#2835=VECTOR('',#9637,10.);
#2836=VECTOR('',#9638,10.);
#2837=VECTOR('',#9639,10.);
#2838=VECTOR('',#9640,10.);
#2839=VECTOR('',#9641,10.);
#2840=VECTOR('',#9642,10.);
#2841=VECTOR('',#9643,10.);
#2842=VECTOR('',#9646,10.);
#2843=VECTOR('',#9647,10.);
#2844=VECTOR('',#9648,10.);
#2845=VECTOR('',#9649,10.);
#2846=VECTOR('',#9650,10.);
#2847=VECTOR('',#9651,10.);
#2848=VECTOR('',#9652,10.);
#2849=VECTOR('',#9653,10.);
#2850=VECTOR('',#9654,10.);
#2851=VECTOR('',#9655,10.);
#2852=VECTOR('',#9656,10.);
#2853=VECTOR('',#9657,10.);
#2854=VECTOR('',#9658,10.);
#2855=VECTOR('',#9659,10.);
#2856=VECTOR('',#9660,10.);
#2857=VECTOR('',#9661,10.);
#2858=VECTOR('',#9664,10.);
#2859=VECTOR('',#9667,10.);
#2860=VECTOR('',#9670,10.);
#2861=VECTOR('',#9673,10.);
#2862=VECTOR('',#9716,10.);
#2863=VECTOR('',#9717,10.);
#2864=VECTOR('',#9718,10.);
#2865=VECTOR('',#9719,10.);
#2866=VECTOR('',#9722,10.);
#2867=VECTOR('',#9723,10.);
#2868=VECTOR('',#9724,10.);
#2869=VECTOR('',#9727,10.);
#2870=VECTOR('',#9728,10.);
#2871=VECTOR('',#9729,10.);
#2872=VECTOR('',#9732,10.);
#2873=VECTOR('',#9733,10.);
#2874=VECTOR('',#9734,10.);
#2875=VECTOR('',#9737,10.);
#2876=VECTOR('',#9738,10.);
#2877=VECTOR('',#9739,10.);
#2878=VECTOR('',#9742,10.);
#2879=VECTOR('',#9743,10.);
#2880=VECTOR('',#9744,10.);
#2881=VECTOR('',#9747,10.);
#2882=VECTOR('',#9748,10.);
#2883=VECTOR('',#9749,10.);
#2884=VECTOR('',#9752,10.);
#2885=VECTOR('',#9753,10.);
#2886=VECTOR('',#9754,10.);
#2887=VECTOR('',#9757,10.);
#2888=VECTOR('',#9758,10.);
#2889=VECTOR('',#9759,10.);
#2890=VECTOR('',#9762,10.);
#2891=VECTOR('',#9763,10.);
#2892=VECTOR('',#9770,11.7166279242012);
#2893=VECTOR('',#9777,15.5021592959273);
#2894=VECTOR('',#9782,10.);
#2895=VECTOR('',#9783,10.);
#2896=VECTOR('',#9784,10.);
#2897=VECTOR('',#9785,10.);
#2898=VECTOR('',#9788,10.);
#2899=VECTOR('',#9789,10.);
#2900=VECTOR('',#9790,10.);
#2901=VECTOR('',#9793,10.);
#2902=VECTOR('',#9794,10.);
#2903=VECTOR('',#9795,10.);
#2904=VECTOR('',#9798,10.);
#2905=VECTOR('',#9799,10.);
#2906=VECTOR('',#9800,10.);
#2907=VECTOR('',#9803,10.);
#2908=VECTOR('',#9804,10.);
#2909=VECTOR('',#9805,10.);
#2910=VECTOR('',#9808,10.);
#2911=VECTOR('',#9809,10.);
#2912=VECTOR('',#9810,10.);
#2913=VECTOR('',#9813,10.);
#2914=VECTOR('',#9814,10.);
#2915=VECTOR('',#9815,10.);
#2916=VECTOR('',#9818,10.);
#2917=VECTOR('',#9819,10.);
#2918=VECTOR('',#9820,10.);
#2919=VECTOR('',#9823,10.);
#2920=VECTOR('',#9824,10.);
#2921=VECTOR('',#9825,10.);
#2922=VECTOR('',#9828,10.);
#2923=VECTOR('',#9829,10.);
#2924=VECTOR('',#9832,10.);
#2925=VECTOR('',#9833,10.);
#2926=VECTOR('',#9834,10.);
#2927=VECTOR('',#9835,10.);
#2928=VECTOR('',#9836,10.);
#2929=VECTOR('',#9837,10.);
#2930=VECTOR('',#9840,10.);
#2931=VECTOR('',#9841,10.);
#2932=VECTOR('',#9842,10.);
#2933=VECTOR('',#9843,10.);
#2934=VECTOR('',#9844,10.);
#2935=VECTOR('',#9845,10.);
#2936=VECTOR('',#9846,10.);
#2937=VECTOR('',#9849,10.);
#2938=VECTOR('',#9850,10.);
#2939=VECTOR('',#9867,10.);
#2940=VECTOR('',#9868,10.);
#2941=VECTOR('',#9879,10.);
#2942=VECTOR('',#9880,10.);
#2943=VECTOR('',#9891,10.);
#2944=VECTOR('',#9892,10.);
#2945=VECTOR('',#9901,10.);
#2946=VECTOR('',#9902,10.);
#2947=VECTOR('',#9905,10.);
#2948=VECTOR('',#9906,10.);
#2949=VECTOR('',#9909,10.);
#2950=VECTOR('',#9912,10.);
#2951=VECTOR('',#9915,10.);
#2952=VECTOR('',#9920,10.);
#2953=VECTOR('',#9921,10.);
#2954=VECTOR('',#9922,10.);
#2955=VECTOR('',#9923,10.);
#2956=VECTOR('',#9926,10.);
#2957=VECTOR('',#9927,10.);
#2958=VECTOR('',#9928,10.);
#2959=VECTOR('',#9931,10.);
#2960=VECTOR('',#9932,10.);
#2961=VECTOR('',#9933,10.);
#2962=VECTOR('',#9936,10.);
#2963=VECTOR('',#9937,10.);
#2964=VECTOR('',#9942,10.);
#2965=VECTOR('',#9943,10.);
#2966=VECTOR('',#9944,10.);
#2967=VECTOR('',#9945,10.);
#2968=VECTOR('',#9948,10.);
#2969=VECTOR('',#9949,10.);
#2970=VECTOR('',#9950,10.);
#2971=VECTOR('',#9953,10.);
#2972=VECTOR('',#9954,10.);
#2973=VECTOR('',#9955,10.);
#2974=VECTOR('',#9958,10.);
#2975=VECTOR('',#9959,10.);
#2976=VECTOR('',#9964,10.);
#2977=VECTOR('',#9965,10.);
#2978=VECTOR('',#9966,10.);
#2979=VECTOR('',#9967,10.);
#2980=VECTOR('',#9970,10.);
#2981=VECTOR('',#9971,10.);
#2982=VECTOR('',#9972,10.);
#2983=VECTOR('',#9975,10.);
#2984=VECTOR('',#9976,10.);
#2985=VECTOR('',#9977,10.);
#2986=VECTOR('',#9980,10.);
#2987=VECTOR('',#9981,10.);
#2988=VECTOR('',#9986,10.);
#2989=VECTOR('',#9987,10.);
#2990=VECTOR('',#9988,10.);
#2991=VECTOR('',#9989,10.);
#2992=VECTOR('',#9992,10.);
#2993=VECTOR('',#9993,10.);
#2994=VECTOR('',#9994,10.);
#2995=VECTOR('',#9997,10.);
#2996=VECTOR('',#9998,10.);
#2997=VECTOR('',#9999,10.);
#2998=VECTOR('',#10002,10.);
#2999=VECTOR('',#10003,10.);
#3000=VECTOR('',#10008,10.);
#3001=VECTOR('',#10009,10.);
#3002=VECTOR('',#10010,10.);
#3003=VECTOR('',#10011,10.);
#3004=VECTOR('',#10014,10.);
#3005=VECTOR('',#10015,10.);
#3006=VECTOR('',#10016,10.);
#3007=VECTOR('',#10019,10.);
#3008=VECTOR('',#10020,10.);
#3009=VECTOR('',#10021,10.);
#3010=VECTOR('',#10024,10.);
#3011=VECTOR('',#10025,10.);
#3012=VECTOR('',#10030,10.);
#3013=VECTOR('',#10031,10.);
#3014=VECTOR('',#10032,10.);
#3015=VECTOR('',#10033,10.);
#3016=VECTOR('',#10036,10.);
#3017=VECTOR('',#10037,10.);
#3018=VECTOR('',#10038,10.);
#3019=VECTOR('',#10041,10.);
#3020=VECTOR('',#10042,10.);
#3021=VECTOR('',#10043,10.);
#3022=VECTOR('',#10046,10.);
#3023=VECTOR('',#10047,10.);
#3024=VECTOR('',#10052,10.);
#3025=VECTOR('',#10053,10.);
#3026=VECTOR('',#10054,10.);
#3027=VECTOR('',#10055,10.);
#3028=VECTOR('',#10058,10.);
#3029=VECTOR('',#10059,10.);
#3030=VECTOR('',#10060,10.);
#3031=VECTOR('',#10063,10.);
#3032=VECTOR('',#10064,10.);
#3033=VECTOR('',#10065,10.);
#3034=VECTOR('',#10068,10.);
#3035=VECTOR('',#10069,10.);
#3036=VECTOR('',#10074,10.);
#3037=VECTOR('',#10075,10.);
#3038=VECTOR('',#10076,10.);
#3039=VECTOR('',#10077,10.);
#3040=VECTOR('',#10080,10.);
#3041=VECTOR('',#10081,10.);
#3042=VECTOR('',#10082,10.);
#3043=VECTOR('',#10085,10.);
#3044=VECTOR('',#10086,10.);
#3045=VECTOR('',#10087,10.);
#3046=VECTOR('',#10090,10.);
#3047=VECTOR('',#10091,10.);
#3048=VECTOR('',#10096,10.);
#3049=VECTOR('',#10097,10.);
#3050=VECTOR('',#10098,10.);
#3051=VECTOR('',#10099,10.);
#3052=VECTOR('',#10102,10.);
#3053=VECTOR('',#10103,10.);
#3054=VECTOR('',#10104,10.);
#3055=VECTOR('',#10107,10.);
#3056=VECTOR('',#10108,10.);
#3057=VECTOR('',#10109,10.);
#3058=VECTOR('',#10112,10.);
#3059=VECTOR('',#10113,10.);
#3060=VECTOR('',#10118,10.);
#3061=VECTOR('',#10119,10.);
#3062=VECTOR('',#10120,10.);
#3063=VECTOR('',#10121,10.);
#3064=VECTOR('',#10124,10.);
#3065=VECTOR('',#10125,10.);
#3066=VECTOR('',#10126,10.);
#3067=VECTOR('',#10129,10.);
#3068=VECTOR('',#10130,10.);
#3069=VECTOR('',#10131,10.);
#3070=VECTOR('',#10134,10.);
#3071=VECTOR('',#10135,10.);
#3072=VECTOR('',#10140,10.);
#3073=VECTOR('',#10141,10.);
#3074=VECTOR('',#10142,10.);
#3075=VECTOR('',#10143,10.);
#3076=VECTOR('',#10146,10.);
#3077=VECTOR('',#10147,10.);
#3078=VECTOR('',#10148,10.);
#3079=VECTOR('',#10151,10.);
#3080=VECTOR('',#10152,10.);
#3081=VECTOR('',#10153,10.);
#3082=VECTOR('',#10156,10.);
#3083=VECTOR('',#10157,10.);
#3084=VECTOR('',#10162,10.);
#3085=VECTOR('',#10163,10.);
#3086=VECTOR('',#10164,10.);
#3087=VECTOR('',#10165,10.);
#3088=VECTOR('',#10168,10.);
#3089=VECTOR('',#10169,10.);
#3090=VECTOR('',#10170,10.);
#3091=VECTOR('',#10173,10.);
#3092=VECTOR('',#10174,10.);
#3093=VECTOR('',#10175,10.);
#3094=VECTOR('',#10178,10.);
#3095=VECTOR('',#10179,10.);
#3096=VECTOR('',#10184,10.);
#3097=VECTOR('',#10185,10.);
#3098=VECTOR('',#10186,10.);
#3099=VECTOR('',#10187,10.);
#3100=VECTOR('',#10190,10.);
#3101=VECTOR('',#10191,10.);
#3102=VECTOR('',#10192,10.);
#3103=VECTOR('',#10195,10.);
#3104=VECTOR('',#10196,10.);
#3105=VECTOR('',#10197,10.);
#3106=VECTOR('',#10200,10.);
#3107=VECTOR('',#10201,10.);
#3108=VECTOR('',#10206,10.);
#3109=VECTOR('',#10207,10.);
#3110=VECTOR('',#10208,10.);
#3111=VECTOR('',#10209,10.);
#3112=VECTOR('',#10212,10.);
#3113=VECTOR('',#10213,10.);
#3114=VECTOR('',#10214,10.);
#3115=VECTOR('',#10217,10.);
#3116=VECTOR('',#10218,10.);
#3117=VECTOR('',#10219,10.);
#3118=VECTOR('',#10222,10.);
#3119=VECTOR('',#10223,10.);
#3120=VECTOR('',#10228,10.);
#3121=VECTOR('',#10229,10.);
#3122=VECTOR('',#10230,10.);
#3123=VECTOR('',#10231,10.);
#3124=VECTOR('',#10234,10.);
#3125=VECTOR('',#10235,10.);
#3126=VECTOR('',#10236,10.);
#3127=VECTOR('',#10239,10.);
#3128=VECTOR('',#10240,10.);
#3129=VECTOR('',#10241,10.);
#3130=VECTOR('',#10244,10.);
#3131=VECTOR('',#10245,10.);
#3132=VECTOR('',#10250,10.);
#3133=VECTOR('',#10251,10.);
#3134=VECTOR('',#10252,10.);
#3135=VECTOR('',#10253,10.);
#3136=VECTOR('',#10256,10.);
#3137=VECTOR('',#10257,10.);
#3138=VECTOR('',#10258,10.);
#3139=VECTOR('',#10261,10.);
#3140=VECTOR('',#10262,10.);
#3141=VECTOR('',#10263,10.);
#3142=VECTOR('',#10266,10.);
#3143=VECTOR('',#10267,10.);
#3144=VECTOR('',#10272,10.);
#3145=VECTOR('',#10273,10.);
#3146=VECTOR('',#10274,10.);
#3147=VECTOR('',#10275,10.);
#3148=VECTOR('',#10278,10.);
#3149=VECTOR('',#10279,10.);
#3150=VECTOR('',#10280,10.);
#3151=VECTOR('',#10283,10.);
#3152=VECTOR('',#10284,10.);
#3153=VECTOR('',#10285,10.);
#3154=VECTOR('',#10288,10.);
#3155=VECTOR('',#10289,10.);
#3156=VECTOR('',#10294,10.);
#3157=VECTOR('',#10295,10.);
#3158=VECTOR('',#10296,10.);
#3159=VECTOR('',#10297,10.);
#3160=VECTOR('',#10300,10.);
#3161=VECTOR('',#10301,10.);
#3162=VECTOR('',#10302,10.);
#3163=VECTOR('',#10305,10.);
#3164=VECTOR('',#10306,10.);
#3165=VECTOR('',#10307,10.);
#3166=VECTOR('',#10310,10.);
#3167=VECTOR('',#10311,10.);
#3168=VECTOR('',#10316,10.);
#3169=VECTOR('',#10317,10.);
#3170=VECTOR('',#10318,10.);
#3171=VECTOR('',#10319,10.);
#3172=VECTOR('',#10322,10.);
#3173=VECTOR('',#10323,10.);
#3174=VECTOR('',#10324,10.);
#3175=VECTOR('',#10327,10.);
#3176=VECTOR('',#10328,10.);
#3177=VECTOR('',#10329,10.);
#3178=VECTOR('',#10332,10.);
#3179=VECTOR('',#10333,10.);
#3180=VECTOR('',#10338,10.);
#3181=VECTOR('',#10339,10.);
#3182=VECTOR('',#10340,10.);
#3183=VECTOR('',#10341,10.);
#3184=VECTOR('',#10344,10.);
#3185=VECTOR('',#10345,10.);
#3186=VECTOR('',#10346,10.);
#3187=VECTOR('',#10349,10.);
#3188=VECTOR('',#10350,10.);
#3189=VECTOR('',#10351,10.);
#3190=VECTOR('',#10354,10.);
#3191=VECTOR('',#10355,10.);
#3192=VECTOR('',#10360,10.);
#3193=VECTOR('',#10361,10.);
#3194=VECTOR('',#10362,10.);
#3195=VECTOR('',#10363,10.);
#3196=VECTOR('',#10366,10.);
#3197=VECTOR('',#10367,10.);
#3198=VECTOR('',#10368,10.);
#3199=VECTOR('',#10371,10.);
#3200=VECTOR('',#10372,10.);
#3201=VECTOR('',#10373,10.);
#3202=VECTOR('',#10376,10.);
#3203=VECTOR('',#10377,10.);
#3204=VECTOR('',#10382,10.);
#3205=VECTOR('',#10383,10.);
#3206=VECTOR('',#10384,10.);
#3207=VECTOR('',#10385,10.);
#3208=VECTOR('',#10388,10.);
#3209=VECTOR('',#10389,10.);
#3210=VECTOR('',#10390,10.);
#3211=VECTOR('',#10393,10.);
#3212=VECTOR('',#10394,10.);
#3213=VECTOR('',#10395,10.);
#3214=VECTOR('',#10398,10.);
#3215=VECTOR('',#10399,10.);
#3216=VECTOR('',#10404,10.);
#3217=VECTOR('',#10405,10.);
#3218=VECTOR('',#10406,10.);
#3219=VECTOR('',#10407,10.);
#3220=VECTOR('',#10410,10.);
#3221=VECTOR('',#10411,10.);
#3222=VECTOR('',#10412,10.);
#3223=VECTOR('',#10415,10.);
#3224=VECTOR('',#10416,10.);
#3225=VECTOR('',#10417,10.);
#3226=VECTOR('',#10420,10.);
#3227=VECTOR('',#10421,10.);
#3228=VECTOR('',#10426,10.);
#3229=VECTOR('',#10427,10.);
#3230=VECTOR('',#10428,10.);
#3231=VECTOR('',#10429,10.);
#3232=VECTOR('',#10432,10.);
#3233=VECTOR('',#10433,10.);
#3234=VECTOR('',#10434,10.);
#3235=VECTOR('',#10437,10.);
#3236=VECTOR('',#10438,10.);
#3237=VECTOR('',#10439,10.);
#3238=VECTOR('',#10442,10.);
#3239=VECTOR('',#10443,10.);
#3240=VECTOR('',#10448,10.);
#3241=VECTOR('',#10449,10.);
#3242=VECTOR('',#10450,10.);
#3243=VECTOR('',#10451,10.);
#3244=VECTOR('',#10454,10.);
#3245=VECTOR('',#10455,10.);
#3246=VECTOR('',#10456,10.);
#3247=VECTOR('',#10459,10.);
#3248=VECTOR('',#10460,10.);
#3249=VECTOR('',#10461,10.);
#3250=VECTOR('',#10464,10.);
#3251=VECTOR('',#10465,10.);
#3252=VECTOR('',#10470,10.);
#3253=VECTOR('',#10471,10.);
#3254=VECTOR('',#10472,10.);
#3255=VECTOR('',#10473,10.);
#3256=VECTOR('',#10476,10.);
#3257=VECTOR('',#10477,10.);
#3258=VECTOR('',#10478,10.);
#3259=VECTOR('',#10481,10.);
#3260=VECTOR('',#10482,10.);
#3261=VECTOR('',#10483,10.);
#3262=VECTOR('',#10486,10.);
#3263=VECTOR('',#10487,10.);
#3264=VECTOR('',#10492,10.);
#3265=VECTOR('',#10493,10.);
#3266=VECTOR('',#10494,10.);
#3267=VECTOR('',#10495,10.);
#3268=VECTOR('',#10498,10.);
#3269=VECTOR('',#10499,10.);
#3270=VECTOR('',#10500,10.);
#3271=VECTOR('',#10503,10.);
#3272=VECTOR('',#10504,10.);
#3273=VECTOR('',#10505,10.);
#3274=VECTOR('',#10508,10.);
#3275=VECTOR('',#10509,10.);
#3276=VECTOR('',#10514,10.);
#3277=VECTOR('',#10515,10.);
#3278=VECTOR('',#10516,10.);
#3279=VECTOR('',#10517,10.);
#3280=VECTOR('',#10520,10.);
#3281=VECTOR('',#10521,10.);
#3282=VECTOR('',#10522,10.);
#3283=VECTOR('',#10525,10.);
#3284=VECTOR('',#10526,10.);
#3285=VECTOR('',#10527,10.);
#3286=VECTOR('',#10530,10.);
#3287=VECTOR('',#10531,10.);
#3288=VECTOR('',#10536,10.);
#3289=VECTOR('',#10537,10.);
#3290=VECTOR('',#10538,10.);
#3291=VECTOR('',#10539,10.);
#3292=VECTOR('',#10542,10.);
#3293=VECTOR('',#10543,10.);
#3294=VECTOR('',#10544,10.);
#3295=VECTOR('',#10547,10.);
#3296=VECTOR('',#10548,10.);
#3297=VECTOR('',#10549,10.);
#3298=VECTOR('',#10552,10.);
#3299=VECTOR('',#10553,10.);
#3300=VECTOR('',#10558,10.);
#3301=VECTOR('',#10559,10.);
#3302=VECTOR('',#10560,10.);
#3303=VECTOR('',#10561,10.);
#3304=VECTOR('',#10564,10.);
#3305=VECTOR('',#10565,10.);
#3306=VECTOR('',#10566,10.);
#3307=VECTOR('',#10569,10.);
#3308=VECTOR('',#10570,10.);
#3309=VECTOR('',#10571,10.);
#3310=VECTOR('',#10574,10.);
#3311=VECTOR('',#10575,10.);
#3312=VECTOR('',#10580,10.);
#3313=VECTOR('',#10581,10.);
#3314=VECTOR('',#10582,10.);
#3315=VECTOR('',#10583,10.);
#3316=VECTOR('',#10586,10.);
#3317=VECTOR('',#10587,10.);
#3318=VECTOR('',#10588,10.);
#3319=VECTOR('',#10591,10.);
#3320=VECTOR('',#10592,10.);
#3321=VECTOR('',#10593,10.);
#3322=VECTOR('',#10596,10.);
#3323=VECTOR('',#10597,10.);
#3324=VECTOR('',#10602,10.);
#3325=VECTOR('',#10603,10.);
#3326=VECTOR('',#10604,10.);
#3327=VECTOR('',#10605,10.);
#3328=VECTOR('',#10608,10.);
#3329=VECTOR('',#10609,10.);
#3330=VECTOR('',#10610,10.);
#3331=VECTOR('',#10613,10.);
#3332=VECTOR('',#10614,10.);
#3333=VECTOR('',#10615,10.);
#3334=VECTOR('',#10618,10.);
#3335=VECTOR('',#10619,10.);
#3336=VECTOR('',#10624,10.);
#3337=VECTOR('',#10625,10.);
#3338=VECTOR('',#10626,10.);
#3339=VECTOR('',#10627,10.);
#3340=VECTOR('',#10630,10.);
#3341=VECTOR('',#10631,10.);
#3342=VECTOR('',#10632,10.);
#3343=VECTOR('',#10635,10.);
#3344=VECTOR('',#10636,10.);
#3345=VECTOR('',#10637,10.);
#3346=VECTOR('',#10640,10.);
#3347=VECTOR('',#10641,10.);
#3348=VECTOR('',#10646,10.);
#3349=VECTOR('',#10647,10.);
#3350=VECTOR('',#10648,10.);
#3351=VECTOR('',#10649,10.);
#3352=VECTOR('',#10652,10.);
#3353=VECTOR('',#10653,10.);
#3354=VECTOR('',#10654,10.);
#3355=VECTOR('',#10657,10.);
#3356=VECTOR('',#10658,10.);
#3357=VECTOR('',#10659,10.);
#3358=VECTOR('',#10662,10.);
#3359=VECTOR('',#10663,10.);
#3360=VECTOR('',#10668,0.4);
#3361=VECTOR('',#10673,0.4);
#3362=VECTOR('',#10678,0.4);
#3363=VECTOR('',#10683,0.4);
#3364=VECTOR('',#10688,0.4);
#3365=VECTOR('',#10693,0.4);
#3366=VECTOR('',#10698,0.4);
#3367=VECTOR('',#10703,0.4);
#3368=VECTOR('',#10708,0.4);
#3369=VECTOR('',#10713,0.4);
#3370=VECTOR('',#10718,0.4);
#3371=VECTOR('',#10723,0.4);
#3372=VECTOR('',#10728,10.);
#3373=VECTOR('',#10729,10.);
#3374=VECTOR('',#10730,10.);
#3375=VECTOR('',#10733,10.);
#3376=VECTOR('',#10734,10.);
#3377=VECTOR('',#10737,10.);
#3378=VECTOR('',#10738,10.);
#3379=VECTOR('',#10741,10.);
#3380=VECTOR('',#10746,10.);
#3381=VECTOR('',#10747,10.);
#3382=VECTOR('',#10748,10.);
#3383=VECTOR('',#10751,10.);
#3384=VECTOR('',#10752,10.);
#3385=VECTOR('',#10755,10.);
#3386=VECTOR('',#10756,10.);
#3387=VECTOR('',#10759,10.);
#3388=VECTOR('',#10766,10.);
#3389=VECTOR('',#10767,10.);
#3390=VECTOR('',#10768,10.);
#3391=VECTOR('',#10771,10.);
#3392=VECTOR('',#10772,10.);
#3393=VECTOR('',#10775,10.);
#3394=VECTOR('',#10776,10.);
#3395=VECTOR('',#10779,10.);
#3396=VECTOR('',#10782,10.);
#3397=VECTOR('',#10783,10.);
#3398=VECTOR('',#10784,10.);
#3399=VECTOR('',#10787,10.);
#3400=VECTOR('',#10788,10.);
#3401=VECTOR('',#10791,10.);
#3402=VECTOR('',#10792,10.);
#3403=VECTOR('',#10795,10.);
#3404=VECTOR('',#10800,10.);
#3405=VECTOR('',#10801,10.);
#3406=VECTOR('',#10802,10.);
#3407=VECTOR('',#10805,10.);
#3408=VECTOR('',#10806,10.);
#3409=VECTOR('',#10809,10.);
#3410=VECTOR('',#10810,10.);
#3411=VECTOR('',#10813,10.);
#3412=VECTOR('',#10818,10.);
#3413=VECTOR('',#10821,10.);
#3414=VECTOR('',#10824,10.);
#3415=VECTOR('',#10829,1.5);
#3416=VECTOR('',#10834,1.5);
#3417=VECTOR('',#10839,1.5);
#3418=VECTOR('',#10844,1.5);
#3419=VECTOR('',#10849,10.);
#3420=VECTOR('',#10850,10.);
#3421=VECTOR('',#10851,10.);
#3422=VECTOR('',#10854,10.);
#3423=VECTOR('',#10855,10.);
#3424=VECTOR('',#10858,10.);
#3425=VECTOR('',#10859,10.);
#3426=VECTOR('',#10862,10.);
#3427=VERTEX_POINT('',#10867);
#3428=VERTEX_POINT('',#10868);
#3429=VERTEX_POINT('',#10870);
#3430=VERTEX_POINT('',#10872);
#3431=VERTEX_POINT('',#10883);
#3432=VERTEX_POINT('',#10888);
#3433=VERTEX_POINT('',#10918);
#3434=VERTEX_POINT('',#10919);
#3435=VERTEX_POINT('',#10924);
#3436=VERTEX_POINT('',#10926);
#3437=VERTEX_POINT('',#10940);
#3438=VERTEX_POINT('',#10945);
#3439=VERTEX_POINT('',#10952);
#3440=VERTEX_POINT('',#10954);
#3441=VERTEX_POINT('',#10958);
#3442=VERTEX_POINT('',#10960);
#3443=VERTEX_POINT('',#10971);
#3444=VERTEX_POINT('',#10976);
#3445=VERTEX_POINT('',#10990);
#3446=VERTEX_POINT('',#10995);
#3447=VERTEX_POINT('',#11009);
#3448=VERTEX_POINT('',#11014);
#3449=VERTEX_POINT('',#11028);
#3450=VERTEX_POINT('',#11033);
#3451=VERTEX_POINT('',#11040);
#3452=VERTEX_POINT('',#11042);
#3453=VERTEX_POINT('',#11046);
#3454=VERTEX_POINT('',#11048);
#3455=VERTEX_POINT('',#11059);
#3456=VERTEX_POINT('',#11064);
#3457=VERTEX_POINT('',#11078);
#3458=VERTEX_POINT('',#11083);
#3459=VERTEX_POINT('',#11107);
#3460=VERTEX_POINT('',#11108);
#3461=VERTEX_POINT('',#11110);
#3462=VERTEX_POINT('',#11112);
#3463=VERTEX_POINT('',#11123);
#3464=VERTEX_POINT('',#11128);
#3465=VERTEX_POINT('',#11142);
#3466=VERTEX_POINT('',#11147);
#3467=VERTEX_POINT('',#11154);
#3468=VERTEX_POINT('',#11156);
#3469=VERTEX_POINT('',#11160);
#3470=VERTEX_POINT('',#11162);
#3471=VERTEX_POINT('',#11166);
#3472=VERTEX_POINT('',#11168);
#3473=VERTEX_POINT('',#11179);
#3474=VERTEX_POINT('',#11184);
#3475=VERTEX_POINT('',#11198);
#3476=VERTEX_POINT('',#11203);
#3477=VERTEX_POINT('',#11217);
#3478=VERTEX_POINT('',#11222);
#3479=VERTEX_POINT('',#11229);
#3480=VERTEX_POINT('',#11231);
#3481=VERTEX_POINT('',#11235);
#3482=VERTEX_POINT('',#11237);
#3483=VERTEX_POINT('',#11241);
#3484=VERTEX_POINT('',#11243);
#3485=VERTEX_POINT('',#11258);
#3486=VERTEX_POINT('',#11259);
#3487=VERTEX_POINT('',#11264);
#3488=VERTEX_POINT('',#11266);
#3489=VERTEX_POINT('',#11280);
#3490=VERTEX_POINT('',#11285);
#3491=VERTEX_POINT('',#11299);
#3492=VERTEX_POINT('',#11304);
#3493=VERTEX_POINT('',#11318);
#3494=VERTEX_POINT('',#11323);
#3495=VERTEX_POINT('',#11333);
#3496=VERTEX_POINT('',#11334);
#3497=VERTEX_POINT('',#11336);
#3498=VERTEX_POINT('',#11338);
#3499=VERTEX_POINT('',#11349);
#3500=VERTEX_POINT('',#11354);
#3501=VERTEX_POINT('',#11368);
#3502=VERTEX_POINT('',#11373);
#3503=VERTEX_POINT('',#11387);
#3504=VERTEX_POINT('',#11392);
#3505=VERTEX_POINT('',#11406);
#3506=VERTEX_POINT('',#11411);
#3507=VERTEX_POINT('',#11425);
#3508=VERTEX_POINT('',#11430);
#3509=VERTEX_POINT('',#11444);
#3510=VERTEX_POINT('',#11449);
#3511=VERTEX_POINT('',#11456);
#3512=VERTEX_POINT('',#11458);
#3513=VERTEX_POINT('',#11462);
#3514=VERTEX_POINT('',#11464);
#3515=VERTEX_POINT('',#11468);
#3516=VERTEX_POINT('',#11470);
#3517=VERTEX_POINT('',#11485);
#3518=VERTEX_POINT('',#11486);
#3519=VERTEX_POINT('',#11491);
#3520=VERTEX_POINT('',#11493);
#3521=VERTEX_POINT('',#11507);
#3522=VERTEX_POINT('',#11512);
#3523=VERTEX_POINT('',#11526);
#3524=VERTEX_POINT('',#11531);
#3525=VERTEX_POINT('',#11545);
#3526=VERTEX_POINT('',#11550);
#3527=VERTEX_POINT('',#11564);
#3528=VERTEX_POINT('',#11569);
#3529=VERTEX_POINT('',#11583);
#3530=VERTEX_POINT('',#11588);
#3531=VERTEX_POINT('',#11602);
#3532=VERTEX_POINT('',#11607);
#3533=VERTEX_POINT('',#11637);
#3534=VERTEX_POINT('',#11638);
#3535=VERTEX_POINT('',#11643);
#3536=VERTEX_POINT('',#11645);
#3537=VERTEX_POINT('',#11659);
#3538=VERTEX_POINT('',#11664);
#3539=VERTEX_POINT('',#11678);
#3540=VERTEX_POINT('',#11683);
#3541=VERTEX_POINT('',#11707);
#3542=VERTEX_POINT('',#11708);
#3543=VERTEX_POINT('',#11710);
#3544=VERTEX_POINT('',#11712);
#3545=VERTEX_POINT('',#11723);
#3546=VERTEX_POINT('',#11728);
#3547=VERTEX_POINT('',#11742);
#3548=VERTEX_POINT('',#11747);
#3549=VERTEX_POINT('',#11761);
#3550=VERTEX_POINT('',#11766);
#3551=VERTEX_POINT('',#11780);
#3552=VERTEX_POINT('',#11785);
#3553=VERTEX_POINT('',#11799);
#3554=VERTEX_POINT('',#11804);
#3555=VERTEX_POINT('',#11811);
#3556=VERTEX_POINT('',#11813);
#3557=VERTEX_POINT('',#11817);
#3558=VERTEX_POINT('',#11819);
#3559=VERTEX_POINT('',#11830);
#3560=VERTEX_POINT('',#11835);
#3561=VERTEX_POINT('',#11849);
#3562=VERTEX_POINT('',#11854);
#3563=VERTEX_POINT('',#11868);
#3564=VERTEX_POINT('',#11873);
#3565=VERTEX_POINT('',#11887);
#3566=VERTEX_POINT('',#11892);
#3567=VERTEX_POINT('',#11899);
#3568=VERTEX_POINT('',#11901);
#3569=VERTEX_POINT('',#11905);
#3570=VERTEX_POINT('',#11907);
#3571=VERTEX_POINT('',#11922);
#3572=VERTEX_POINT('',#11923);
#3573=VERTEX_POINT('',#11928);
#3574=VERTEX_POINT('',#11930);
#3575=VERTEX_POINT('',#11944);
#3576=VERTEX_POINT('',#11949);
#3577=VERTEX_POINT('',#11956);
#3578=VERTEX_POINT('',#11958);
#3579=VERTEX_POINT('',#11962);
#3580=VERTEX_POINT('',#11964);
#3581=VERTEX_POINT('',#11975);
#3582=VERTEX_POINT('',#11980);
#3583=VERTEX_POINT('',#11994);
#3584=VERTEX_POINT('',#11999);
#3585=VERTEX_POINT('',#12013);
#3586=VERTEX_POINT('',#12018);
#3587=VERTEX_POINT('',#12032);
#3588=VERTEX_POINT('',#12037);
#3589=VERTEX_POINT('',#12051);
#3590=VERTEX_POINT('',#12056);
#3591=VERTEX_POINT('',#12070);
#3592=VERTEX_POINT('',#12075);
#3593=VERTEX_POINT('',#12089);
#3594=VERTEX_POINT('',#12094);
#3595=VERTEX_POINT('',#12101);
#3596=VERTEX_POINT('',#12103);
#3597=VERTEX_POINT('',#12107);
#3598=VERTEX_POINT('',#12109);
#3599=VERTEX_POINT('',#12113);
#3600=VERTEX_POINT('',#12115);
#3601=VERTEX_POINT('',#12119);
#3602=VERTEX_POINT('',#12121);
#3603=VERTEX_POINT('',#12125);
#3604=VERTEX_POINT('',#12127);
#3605=VERTEX_POINT('',#12131);
#3606=VERTEX_POINT('',#12133);
#3607=VERTEX_POINT('',#12144);
#3608=VERTEX_POINT('',#12149);
#3609=VERTEX_POINT('',#12163);
#3610=VERTEX_POINT('',#12168);
#3611=VERTEX_POINT('',#12182);
#3612=VERTEX_POINT('',#12187);
#3613=VERTEX_POINT('',#12211);
#3614=VERTEX_POINT('',#12212);
#3615=VERTEX_POINT('',#12214);
#3616=VERTEX_POINT('',#12216);
#3617=VERTEX_POINT('',#12220);
#3618=VERTEX_POINT('',#12222);
#3619=VERTEX_POINT('',#12226);
#3620=VERTEX_POINT('',#12228);
#3621=VERTEX_POINT('',#12236);
#3622=VERTEX_POINT('',#12237);
#3623=VERTEX_POINT('',#12239);
#3624=VERTEX_POINT('',#12241);
#3625=VERTEX_POINT('',#12245);
#3626=VERTEX_POINT('',#12247);
#3627=VERTEX_POINT('',#12251);
#3628=VERTEX_POINT('',#12253);
#3629=VERTEX_POINT('',#12260);
#3630=VERTEX_POINT('',#12261);
#3631=VERTEX_POINT('',#12263);
#3632=VERTEX_POINT('',#12265);
#3633=VERTEX_POINT('',#12269);
#3634=VERTEX_POINT('',#12271);
#3635=VERTEX_POINT('',#12275);
#3636=VERTEX_POINT('',#12277);
#3637=VERTEX_POINT('',#12292);
#3638=VERTEX_POINT('',#12293);
#3639=VERTEX_POINT('',#12298);
#3640=VERTEX_POINT('',#12300);
#3641=VERTEX_POINT('',#12314);
#3642=VERTEX_POINT('',#12319);
#3643=VERTEX_POINT('',#12333);
#3644=VERTEX_POINT('',#12338);
#3645=VERTEX_POINT('',#12345);
#3646=VERTEX_POINT('',#12347);
#3647=VERTEX_POINT('',#12351);
#3648=VERTEX_POINT('',#12353);
#3649=VERTEX_POINT('',#12357);
#3650=VERTEX_POINT('',#12359);
#3651=VERTEX_POINT('',#12370);
#3652=VERTEX_POINT('',#12375);
#3653=VERTEX_POINT('',#12405);
#3654=VERTEX_POINT('',#12406);
#3655=VERTEX_POINT('',#12411);
#3656=VERTEX_POINT('',#12413);
#3657=VERTEX_POINT('',#12427);
#3658=VERTEX_POINT('',#12432);
#3659=VERTEX_POINT('',#12439);
#3660=VERTEX_POINT('',#12441);
#3661=VERTEX_POINT('',#12445);
#3662=VERTEX_POINT('',#12447);
#3663=VERTEX_POINT('',#12451);
#3664=VERTEX_POINT('',#12453);
#3665=VERTEX_POINT('',#12457);
#3666=VERTEX_POINT('',#12459);
#3667=VERTEX_POINT('',#12463);
#3668=VERTEX_POINT('',#12465);
#3669=VERTEX_POINT('',#12476);
#3670=VERTEX_POINT('',#12481);
#3671=VERTEX_POINT('',#12495);
#3672=VERTEX_POINT('',#12500);
#3673=VERTEX_POINT('',#12524);
#3674=VERTEX_POINT('',#12525);
#3675=VERTEX_POINT('',#12527);
#3676=VERTEX_POINT('',#12529);
#3677=VERTEX_POINT('',#12533);
#3678=VERTEX_POINT('',#12535);
#3679=VERTEX_POINT('',#12539);
#3680=VERTEX_POINT('',#12541);
#3681=VERTEX_POINT('',#12545);
#3682=VERTEX_POINT('',#12547);
#3683=VERTEX_POINT('',#12551);
#3684=VERTEX_POINT('',#12553);
#3685=VERTEX_POINT('',#12557);
#3686=VERTEX_POINT('',#12559);
#3687=VERTEX_POINT('',#12563);
#3688=VERTEX_POINT('',#12565);
#3689=VERTEX_POINT('',#12569);
#3690=VERTEX_POINT('',#12571);
#3691=VERTEX_POINT('',#12575);
#3692=VERTEX_POINT('',#12577);
#3693=VERTEX_POINT('',#12592);
#3694=VERTEX_POINT('',#12593);
#3695=VERTEX_POINT('',#12598);
#3696=VERTEX_POINT('',#12600);
#3697=VERTEX_POINT('',#12614);
#3698=VERTEX_POINT('',#12619);
#3699=VERTEX_POINT('',#12626);
#3700=VERTEX_POINT('',#12628);
#3701=VERTEX_POINT('',#12632);
#3702=VERTEX_POINT('',#12634);
#3703=VERTEX_POINT('',#12645);
#3704=VERTEX_POINT('',#12650);
#3705=VERTEX_POINT('',#12664);
#3706=VERTEX_POINT('',#12669);
#3707=VERTEX_POINT('',#12683);
#3708=VERTEX_POINT('',#12688);
#3709=VERTEX_POINT('',#12702);
#3710=VERTEX_POINT('',#12707);
#3711=VERTEX_POINT('',#12721);
#3712=VERTEX_POINT('',#12726);
#3713=VERTEX_POINT('',#12733);
#3714=VERTEX_POINT('',#12735);
#3715=VERTEX_POINT('',#12739);
#3716=VERTEX_POINT('',#12741);
#3717=VERTEX_POINT('',#12745);
#3718=VERTEX_POINT('',#12747);
#3719=VERTEX_POINT('',#12758);
#3720=VERTEX_POINT('',#12763);
#3721=VERTEX_POINT('',#12777);
#3722=VERTEX_POINT('',#12782);
#3723=VERTEX_POINT('',#12796);
#3724=VERTEX_POINT('',#12801);
#3725=VERTEX_POINT('',#12815);
#3726=VERTEX_POINT('',#12820);
#3727=VERTEX_POINT('',#12834);
#3728=VERTEX_POINT('',#12839);
#3729=VERTEX_POINT('',#12853);
#3730=VERTEX_POINT('',#12858);
#3731=VERTEX_POINT('',#12865);
#3732=VERTEX_POINT('',#12867);
#3733=VERTEX_POINT('',#12871);
#3734=VERTEX_POINT('',#12873);
#3735=VERTEX_POINT('',#12884);
#3736=VERTEX_POINT('',#12889);
#3737=VERTEX_POINT('',#12903);
#3738=VERTEX_POINT('',#12908);
#3739=VERTEX_POINT('',#12922);
#3740=VERTEX_POINT('',#12927);
#3741=VERTEX_POINT('',#12941);
#3742=VERTEX_POINT('',#12946);
#3743=VERTEX_POINT('',#12953);
#3744=VERTEX_POINT('',#12955);
#3745=VERTEX_POINT('',#12966);
#3746=VERTEX_POINT('',#12971);
#3747=VERTEX_POINT('',#12985);
#3748=VERTEX_POINT('',#12990);
#3749=VERTEX_POINT('',#13014);
#3750=VERTEX_POINT('',#13015);
#3751=VERTEX_POINT('',#13017);
#3752=VERTEX_POINT('',#13019);
#3753=VERTEX_POINT('',#13023);
#3754=VERTEX_POINT('',#13025);
#3755=VERTEX_POINT('',#13029);
#3756=VERTEX_POINT('',#13031);
#3757=VERTEX_POINT('',#13035);
#3758=VERTEX_POINT('',#13037);
#3759=VERTEX_POINT('',#13041);
#3760=VERTEX_POINT('',#13043);
#3761=VERTEX_POINT('',#13047);
#3762=VERTEX_POINT('',#13049);
#3763=VERTEX_POINT('',#13053);
#3764=VERTEX_POINT('',#13055);
#3765=VERTEX_POINT('',#13059);
#3766=VERTEX_POINT('',#13061);
#3767=VERTEX_POINT('',#13065);
#3768=VERTEX_POINT('',#13067);
#3769=VERTEX_POINT('',#13071);
#3770=VERTEX_POINT('',#13073);
#3771=VERTEX_POINT('',#13077);
#3772=VERTEX_POINT('',#13079);
#3773=VERTEX_POINT('',#13083);
#3774=VERTEX_POINT('',#13085);
#3775=VERTEX_POINT('',#13093);
#3776=VERTEX_POINT('',#13094);
#3777=VERTEX_POINT('',#13096);
#3778=VERTEX_POINT('',#13098);
#3779=VERTEX_POINT('',#13102);
#3780=VERTEX_POINT('',#13104);
#3781=VERTEX_POINT('',#13108);
#3782=VERTEX_POINT('',#13110);
#3783=VERTEX_POINT('',#13118);
#3784=VERTEX_POINT('',#13119);
#3785=VERTEX_POINT('',#13121);
#3786=VERTEX_POINT('',#13123);
#3787=VERTEX_POINT('',#13125);
#3788=VERTEX_POINT('',#13127);
#3789=VERTEX_POINT('',#13129);
#3790=VERTEX_POINT('',#13131);
#3791=VERTEX_POINT('',#13134);
#3792=VERTEX_POINT('',#13136);
#3793=VERTEX_POINT('',#13137);
#3794=VERTEX_POINT('',#13139);
#3795=VERTEX_POINT('',#13141);
#3796=VERTEX_POINT('',#13144);
#3797=VERTEX_POINT('',#13145);
#3798=VERTEX_POINT('',#13147);
#3799=VERTEX_POINT('',#13149);
#3800=VERTEX_POINT('',#13152);
#3801=VERTEX_POINT('',#13153);
#3802=VERTEX_POINT('',#13155);
#3803=VERTEX_POINT('',#13157);
#3804=VERTEX_POINT('',#13160);
#3805=VERTEX_POINT('',#13161);
#3806=VERTEX_POINT('',#13163);
#3807=VERTEX_POINT('',#13165);
#3808=VERTEX_POINT('',#13168);
#3809=VERTEX_POINT('',#13169);
#3810=VERTEX_POINT('',#13171);
#3811=VERTEX_POINT('',#13173);
#3812=VERTEX_POINT('',#13175);
#3813=VERTEX_POINT('',#13177);
#3814=VERTEX_POINT('',#13179);
#3815=VERTEX_POINT('',#13181);
#3816=VERTEX_POINT('',#13184);
#3817=VERTEX_POINT('',#13186);
#3818=VERTEX_POINT('',#13188);
#3819=VERTEX_POINT('',#13190);
#3820=VERTEX_POINT('',#13194);
#3821=VERTEX_POINT('',#13196);
#3822=VERTEX_POINT('',#13198);
#3823=VERTEX_POINT('',#13200);
#3824=VERTEX_POINT('',#13202);
#3825=VERTEX_POINT('',#13204);
#3826=VERTEX_POINT('',#13206);
#3827=VERTEX_POINT('',#13208);
#3828=VERTEX_POINT('',#13210);
#3829=VERTEX_POINT('',#13212);
#3830=VERTEX_POINT('',#13214);
#3831=VERTEX_POINT('',#13216);
#3832=VERTEX_POINT('',#13221);
#3833=VERTEX_POINT('',#13222);
#3834=VERTEX_POINT('',#13224);
#3835=VERTEX_POINT('',#13226);
#3836=VERTEX_POINT('',#13230);
#3837=VERTEX_POINT('',#13232);
#3838=VERTEX_POINT('',#13236);
#3839=VERTEX_POINT('',#13238);
#3840=VERTEX_POINT('',#13242);
#3841=VERTEX_POINT('',#13244);
#3842=VERTEX_POINT('',#13248);
#3843=VERTEX_POINT('',#13250);
#3844=VERTEX_POINT('',#13254);
#3845=VERTEX_POINT('',#13256);
#3846=VERTEX_POINT('',#13260);
#3847=VERTEX_POINT('',#13262);
#3848=VERTEX_POINT('',#13266);
#3849=VERTEX_POINT('',#13268);
#3850=VERTEX_POINT('',#13272);
#3851=VERTEX_POINT('',#13274);
#3852=VERTEX_POINT('',#13282);
#3853=VERTEX_POINT('',#13284);
#3854=VERTEX_POINT('',#13288);
#3855=VERTEX_POINT('',#13293);
#3856=VERTEX_POINT('',#13294);
#3857=VERTEX_POINT('',#13296);
#3858=VERTEX_POINT('',#13298);
#3859=VERTEX_POINT('',#13302);
#3860=VERTEX_POINT('',#13304);
#3861=VERTEX_POINT('',#13308);
#3862=VERTEX_POINT('',#13310);
#3863=VERTEX_POINT('',#13314);
#3864=VERTEX_POINT('',#13316);
#3865=VERTEX_POINT('',#13320);
#3866=VERTEX_POINT('',#13322);
#3867=VERTEX_POINT('',#13326);
#3868=VERTEX_POINT('',#13328);
#3869=VERTEX_POINT('',#13332);
#3870=VERTEX_POINT('',#13334);
#3871=VERTEX_POINT('',#13338);
#3872=VERTEX_POINT('',#13340);
#3873=VERTEX_POINT('',#13344);
#3874=VERTEX_POINT('',#13346);
#3875=VERTEX_POINT('',#13361);
#3876=VERTEX_POINT('',#13362);
#3877=VERTEX_POINT('',#13367);
#3878=VERTEX_POINT('',#13369);
#3879=VERTEX_POINT('',#13383);
#3880=VERTEX_POINT('',#13388);
#3881=VERTEX_POINT('',#13402);
#3882=VERTEX_POINT('',#13407);
#3883=VERTEX_POINT('',#13419);
#3884=VERTEX_POINT('',#13423);
#3885=VERTEX_POINT('',#13434);
#3886=VERTEX_POINT('',#13438);
#3887=VERTEX_POINT('',#13444);
#3888=VERTEX_POINT('',#13446);
#3889=VERTEX_POINT('',#13457);
#3890=VERTEX_POINT('',#13462);
#3891=VERTEX_POINT('',#13476);
#3892=VERTEX_POINT('',#13481);
#3893=VERTEX_POINT('',#13495);
#3894=VERTEX_POINT('',#13500);
#3895=VERTEX_POINT('',#13514);
#3896=VERTEX_POINT('',#13519);
#3897=VERTEX_POINT('',#13539);
#3898=VERTEX_POINT('',#13540);
#3899=VERTEX_POINT('',#13542);
#3900=VERTEX_POINT('',#13544);
#3901=VERTEX_POINT('',#13548);
#3902=VERTEX_POINT('',#13549);
#3903=VERTEX_POINT('',#13562);
#3904=VERTEX_POINT('',#13563);
#3905=VERTEX_POINT('',#13568);
#3906=VERTEX_POINT('',#13569);
#3907=VERTEX_POINT('',#13582);
#3908=VERTEX_POINT('',#13583);
#3909=VERTEX_POINT('',#13588);
#3910=VERTEX_POINT('',#13589);
#3911=VERTEX_POINT('',#13602);
#3912=VERTEX_POINT('',#13603);
#3913=VERTEX_POINT('',#13621);
#3914=VERTEX_POINT('',#13622);
#3915=VERTEX_POINT('',#13624);
#3916=VERTEX_POINT('',#13626);
#3917=VERTEX_POINT('',#13630);
#3918=VERTEX_POINT('',#13632);
#3919=VERTEX_POINT('',#13636);
#3920=VERTEX_POINT('',#13638);
#3921=VERTEX_POINT('',#13646);
#3922=VERTEX_POINT('',#13647);
#3923=VERTEX_POINT('',#13649);
#3924=VERTEX_POINT('',#13651);
#3925=VERTEX_POINT('',#13655);
#3926=VERTEX_POINT('',#13657);
#3927=VERTEX_POINT('',#13661);
#3928=VERTEX_POINT('',#13663);
#3929=VERTEX_POINT('',#13671);
#3930=VERTEX_POINT('',#13672);
#3931=VERTEX_POINT('',#13674);
#3932=VERTEX_POINT('',#13676);
#3933=VERTEX_POINT('',#13680);
#3934=VERTEX_POINT('',#13682);
#3935=VERTEX_POINT('',#13686);
#3936=VERTEX_POINT('',#13688);
#3937=VERTEX_POINT('',#13696);
#3938=VERTEX_POINT('',#13697);
#3939=VERTEX_POINT('',#13699);
#3940=VERTEX_POINT('',#13701);
#3941=VERTEX_POINT('',#13705);
#3942=VERTEX_POINT('',#13707);
#3943=VERTEX_POINT('',#13711);
#3944=VERTEX_POINT('',#13713);
#3945=VERTEX_POINT('',#13721);
#3946=VERTEX_POINT('',#13722);
#3947=VERTEX_POINT('',#13724);
#3948=VERTEX_POINT('',#13726);
#3949=VERTEX_POINT('',#13730);
#3950=VERTEX_POINT('',#13732);
#3951=VERTEX_POINT('',#13736);
#3952=VERTEX_POINT('',#13738);
#3953=VERTEX_POINT('',#13746);
#3954=VERTEX_POINT('',#13747);
#3955=VERTEX_POINT('',#13749);
#3956=VERTEX_POINT('',#13751);
#3957=VERTEX_POINT('',#13755);
#3958=VERTEX_POINT('',#13757);
#3959=VERTEX_POINT('',#13761);
#3960=VERTEX_POINT('',#13763);
#3961=VERTEX_POINT('',#13771);
#3962=VERTEX_POINT('',#13772);
#3963=VERTEX_POINT('',#13774);
#3964=VERTEX_POINT('',#13776);
#3965=VERTEX_POINT('',#13780);
#3966=VERTEX_POINT('',#13782);
#3967=VERTEX_POINT('',#13786);
#3968=VERTEX_POINT('',#13788);
#3969=VERTEX_POINT('',#13796);
#3970=VERTEX_POINT('',#13797);
#3971=VERTEX_POINT('',#13799);
#3972=VERTEX_POINT('',#13801);
#3973=VERTEX_POINT('',#13805);
#3974=VERTEX_POINT('',#13807);
#3975=VERTEX_POINT('',#13811);
#3976=VERTEX_POINT('',#13813);
#3977=VERTEX_POINT('',#13821);
#3978=VERTEX_POINT('',#13822);
#3979=VERTEX_POINT('',#13824);
#3980=VERTEX_POINT('',#13826);
#3981=VERTEX_POINT('',#13830);
#3982=VERTEX_POINT('',#13832);
#3983=VERTEX_POINT('',#13836);
#3984=VERTEX_POINT('',#13838);
#3985=VERTEX_POINT('',#13846);
#3986=VERTEX_POINT('',#13847);
#3987=VERTEX_POINT('',#13849);
#3988=VERTEX_POINT('',#13851);
#3989=VERTEX_POINT('',#13855);
#3990=VERTEX_POINT('',#13857);
#3991=VERTEX_POINT('',#13861);
#3992=VERTEX_POINT('',#13863);
#3993=VERTEX_POINT('',#13871);
#3994=VERTEX_POINT('',#13872);
#3995=VERTEX_POINT('',#13874);
#3996=VERTEX_POINT('',#13876);
#3997=VERTEX_POINT('',#13880);
#3998=VERTEX_POINT('',#13882);
#3999=VERTEX_POINT('',#13886);
#4000=VERTEX_POINT('',#13888);
#4001=VERTEX_POINT('',#13896);
#4002=VERTEX_POINT('',#13897);
#4003=VERTEX_POINT('',#13899);
#4004=VERTEX_POINT('',#13901);
#4005=VERTEX_POINT('',#13905);
#4006=VERTEX_POINT('',#13907);
#4007=VERTEX_POINT('',#13911);
#4008=VERTEX_POINT('',#13913);
#4009=VERTEX_POINT('',#13921);
#4010=VERTEX_POINT('',#13922);
#4011=VERTEX_POINT('',#13924);
#4012=VERTEX_POINT('',#13926);
#4013=VERTEX_POINT('',#13930);
#4014=VERTEX_POINT('',#13932);
#4015=VERTEX_POINT('',#13936);
#4016=VERTEX_POINT('',#13938);
#4017=VERTEX_POINT('',#13946);
#4018=VERTEX_POINT('',#13947);
#4019=VERTEX_POINT('',#13949);
#4020=VERTEX_POINT('',#13951);
#4021=VERTEX_POINT('',#13955);
#4022=VERTEX_POINT('',#13957);
#4023=VERTEX_POINT('',#13961);
#4024=VERTEX_POINT('',#13963);
#4025=VERTEX_POINT('',#13971);
#4026=VERTEX_POINT('',#13972);
#4027=VERTEX_POINT('',#13974);
#4028=VERTEX_POINT('',#13976);
#4029=VERTEX_POINT('',#13980);
#4030=VERTEX_POINT('',#13982);
#4031=VERTEX_POINT('',#13986);
#4032=VERTEX_POINT('',#13988);
#4033=VERTEX_POINT('',#13996);
#4034=VERTEX_POINT('',#13997);
#4035=VERTEX_POINT('',#13999);
#4036=VERTEX_POINT('',#14001);
#4037=VERTEX_POINT('',#14005);
#4038=VERTEX_POINT('',#14007);
#4039=VERTEX_POINT('',#14011);
#4040=VERTEX_POINT('',#14013);
#4041=VERTEX_POINT('',#14021);
#4042=VERTEX_POINT('',#14022);
#4043=VERTEX_POINT('',#14024);
#4044=VERTEX_POINT('',#14026);
#4045=VERTEX_POINT('',#14030);
#4046=VERTEX_POINT('',#14032);
#4047=VERTEX_POINT('',#14036);
#4048=VERTEX_POINT('',#14038);
#4049=VERTEX_POINT('',#14046);
#4050=VERTEX_POINT('',#14047);
#4051=VERTEX_POINT('',#14049);
#4052=VERTEX_POINT('',#14051);
#4053=VERTEX_POINT('',#14055);
#4054=VERTEX_POINT('',#14057);
#4055=VERTEX_POINT('',#14061);
#4056=VERTEX_POINT('',#14063);
#4057=VERTEX_POINT('',#14071);
#4058=VERTEX_POINT('',#14072);
#4059=VERTEX_POINT('',#14074);
#4060=VERTEX_POINT('',#14076);
#4061=VERTEX_POINT('',#14080);
#4062=VERTEX_POINT('',#14082);
#4063=VERTEX_POINT('',#14086);
#4064=VERTEX_POINT('',#14088);
#4065=VERTEX_POINT('',#14096);
#4066=VERTEX_POINT('',#14097);
#4067=VERTEX_POINT('',#14099);
#4068=VERTEX_POINT('',#14101);
#4069=VERTEX_POINT('',#14105);
#4070=VERTEX_POINT('',#14107);
#4071=VERTEX_POINT('',#14111);
#4072=VERTEX_POINT('',#14113);
#4073=VERTEX_POINT('',#14121);
#4074=VERTEX_POINT('',#14122);
#4075=VERTEX_POINT('',#14124);
#4076=VERTEX_POINT('',#14126);
#4077=VERTEX_POINT('',#14130);
#4078=VERTEX_POINT('',#14132);
#4079=VERTEX_POINT('',#14136);
#4080=VERTEX_POINT('',#14138);
#4081=VERTEX_POINT('',#14146);
#4082=VERTEX_POINT('',#14147);
#4083=VERTEX_POINT('',#14149);
#4084=VERTEX_POINT('',#14151);
#4085=VERTEX_POINT('',#14155);
#4086=VERTEX_POINT('',#14157);
#4087=VERTEX_POINT('',#14161);
#4088=VERTEX_POINT('',#14163);
#4089=VERTEX_POINT('',#14171);
#4090=VERTEX_POINT('',#14172);
#4091=VERTEX_POINT('',#14174);
#4092=VERTEX_POINT('',#14176);
#4093=VERTEX_POINT('',#14180);
#4094=VERTEX_POINT('',#14182);
#4095=VERTEX_POINT('',#14186);
#4096=VERTEX_POINT('',#14188);
#4097=VERTEX_POINT('',#14196);
#4098=VERTEX_POINT('',#14197);
#4099=VERTEX_POINT('',#14199);
#4100=VERTEX_POINT('',#14201);
#4101=VERTEX_POINT('',#14205);
#4102=VERTEX_POINT('',#14207);
#4103=VERTEX_POINT('',#14211);
#4104=VERTEX_POINT('',#14213);
#4105=VERTEX_POINT('',#14221);
#4106=VERTEX_POINT('',#14222);
#4107=VERTEX_POINT('',#14224);
#4108=VERTEX_POINT('',#14226);
#4109=VERTEX_POINT('',#14230);
#4110=VERTEX_POINT('',#14232);
#4111=VERTEX_POINT('',#14236);
#4112=VERTEX_POINT('',#14238);
#4113=VERTEX_POINT('',#14246);
#4114=VERTEX_POINT('',#14247);
#4115=VERTEX_POINT('',#14249);
#4116=VERTEX_POINT('',#14251);
#4117=VERTEX_POINT('',#14255);
#4118=VERTEX_POINT('',#14257);
#4119=VERTEX_POINT('',#14261);
#4120=VERTEX_POINT('',#14263);
#4121=VERTEX_POINT('',#14271);
#4122=VERTEX_POINT('',#14272);
#4123=VERTEX_POINT('',#14274);
#4124=VERTEX_POINT('',#14276);
#4125=VERTEX_POINT('',#14280);
#4126=VERTEX_POINT('',#14282);
#4127=VERTEX_POINT('',#14286);
#4128=VERTEX_POINT('',#14288);
#4129=VERTEX_POINT('',#14296);
#4130=VERTEX_POINT('',#14297);
#4131=VERTEX_POINT('',#14299);
#4132=VERTEX_POINT('',#14301);
#4133=VERTEX_POINT('',#14305);
#4134=VERTEX_POINT('',#14307);
#4135=VERTEX_POINT('',#14311);
#4136=VERTEX_POINT('',#14313);
#4137=VERTEX_POINT('',#14321);
#4138=VERTEX_POINT('',#14322);
#4139=VERTEX_POINT('',#14324);
#4140=VERTEX_POINT('',#14326);
#4141=VERTEX_POINT('',#14330);
#4142=VERTEX_POINT('',#14332);
#4143=VERTEX_POINT('',#14336);
#4144=VERTEX_POINT('',#14338);
#4145=VERTEX_POINT('',#14346);
#4146=VERTEX_POINT('',#14347);
#4147=VERTEX_POINT('',#14349);
#4148=VERTEX_POINT('',#14351);
#4149=VERTEX_POINT('',#14355);
#4150=VERTEX_POINT('',#14357);
#4151=VERTEX_POINT('',#14361);
#4152=VERTEX_POINT('',#14363);
#4153=VERTEX_POINT('',#14371);
#4154=VERTEX_POINT('',#14372);
#4155=VERTEX_POINT('',#14374);
#4156=VERTEX_POINT('',#14376);
#4157=VERTEX_POINT('',#14380);
#4158=VERTEX_POINT('',#14382);
#4159=VERTEX_POINT('',#14386);
#4160=VERTEX_POINT('',#14388);
#4161=VERTEX_POINT('',#14396);
#4162=VERTEX_POINT('',#14397);
#4163=VERTEX_POINT('',#14399);
#4164=VERTEX_POINT('',#14401);
#4165=VERTEX_POINT('',#14405);
#4166=VERTEX_POINT('',#14407);
#4167=VERTEX_POINT('',#14411);
#4168=VERTEX_POINT('',#14413);
#4169=VERTEX_POINT('',#14421);
#4170=VERTEX_POINT('',#14422);
#4171=VERTEX_POINT('',#14424);
#4172=VERTEX_POINT('',#14426);
#4173=VERTEX_POINT('',#14430);
#4174=VERTEX_POINT('',#14432);
#4175=VERTEX_POINT('',#14436);
#4176=VERTEX_POINT('',#14438);
#4177=VERTEX_POINT('',#14446);
#4178=VERTEX_POINT('',#14447);
#4179=VERTEX_POINT('',#14449);
#4180=VERTEX_POINT('',#14451);
#4181=VERTEX_POINT('',#14455);
#4182=VERTEX_POINT('',#14457);
#4183=VERTEX_POINT('',#14461);
#4184=VERTEX_POINT('',#14463);
#4185=VERTEX_POINT('',#14471);
#4186=VERTEX_POINT('',#14475);
#4187=VERTEX_POINT('',#14479);
#4188=VERTEX_POINT('',#14483);
#4189=VERTEX_POINT('',#14487);
#4190=VERTEX_POINT('',#14491);
#4191=VERTEX_POINT('',#14495);
#4192=VERTEX_POINT('',#14499);
#4193=VERTEX_POINT('',#14503);
#4194=VERTEX_POINT('',#14507);
#4195=VERTEX_POINT('',#14511);
#4196=VERTEX_POINT('',#14515);
#4197=VERTEX_POINT('',#14519);
#4198=VERTEX_POINT('',#14521);
#4199=VERTEX_POINT('',#14525);
#4200=VERTEX_POINT('',#14529);
#4201=VERTEX_POINT('',#14536);
#4202=VERTEX_POINT('',#14538);
#4203=VERTEX_POINT('',#14542);
#4204=VERTEX_POINT('',#14546);
#4205=VERTEX_POINT('',#14554);
#4206=VERTEX_POINT('',#14556);
#4207=VERTEX_POINT('',#14560);
#4208=VERTEX_POINT('',#14564);
#4209=VERTEX_POINT('',#14570);
#4210=VERTEX_POINT('',#14572);
#4211=VERTEX_POINT('',#14576);
#4212=VERTEX_POINT('',#14580);
#4213=VERTEX_POINT('',#14587);
#4214=VERTEX_POINT('',#14589);
#4215=VERTEX_POINT('',#14593);
#4216=VERTEX_POINT('',#14597);
#4217=VERTEX_POINT('',#14611);
#4218=VERTEX_POINT('',#14615);
#4219=VERTEX_POINT('',#14619);
#4220=VERTEX_POINT('',#14623);
#4221=VERTEX_POINT('',#14627);
#4222=VERTEX_POINT('',#14628);
#4223=VERTEX_POINT('',#14633);
#4224=VERTEX_POINT('',#14637);
#4225=EDGE_CURVE('',#3427,#3428,#1533,.T.);
#4226=EDGE_CURVE('',#3427,#3429,#1534,.T.);
#4227=EDGE_CURVE('',#3430,#3429,#1535,.T.);
#4228=EDGE_CURVE('',#3428,#3430,#1536,.T.);
#4229=EDGE_CURVE('',#3431,#3427,#208,.T.);
#4230=EDGE_CURVE('',#3431,#3432,#1537,.T.);
#4231=EDGE_CURVE('',#3429,#3432,#209,.T.);
#4232=EDGE_CURVE('',#3428,#3431,#210,.T.);
#4233=EDGE_CURVE('',#3432,#3430,#211,.T.);
#4234=EDGE_CURVE('',#3433,#3434,#212,.T.);
#4235=EDGE_CURVE('',#3433,#3435,#1538,.T.);
#4236=EDGE_CURVE('',#3436,#3435,#213,.T.);
#4237=EDGE_CURVE('',#3434,#3436,#1539,.T.);
#4238=EDGE_CURVE('',#3434,#3437,#214,.T.);
#4239=EDGE_CURVE('',#3438,#3436,#215,.T.);
#4240=EDGE_CURVE('',#3437,#3438,#1540,.T.);
#4241=EDGE_CURVE('',#3437,#3439,#1541,.T.);
#4242=EDGE_CURVE('',#3440,#3438,#1542,.T.);
#4243=EDGE_CURVE('',#3439,#3440,#1543,.T.);
#4244=EDGE_CURVE('',#3439,#3441,#1544,.T.);
#4245=EDGE_CURVE('',#3442,#3440,#1545,.T.);
#4246=EDGE_CURVE('',#3441,#3442,#1546,.T.);
#4247=EDGE_CURVE('',#3441,#3443,#216,.T.);
#4248=EDGE_CURVE('',#3444,#3442,#217,.T.);
#4249=EDGE_CURVE('',#3443,#3444,#1547,.T.);
#4250=EDGE_CURVE('',#3443,#3445,#218,.T.);
#4251=EDGE_CURVE('',#3446,#3444,#219,.T.);
#4252=EDGE_CURVE('',#3445,#3446,#1548,.T.);
#4253=EDGE_CURVE('',#3445,#3447,#220,.T.);
#4254=EDGE_CURVE('',#3448,#3446,#221,.T.);
#4255=EDGE_CURVE('',#3447,#3448,#1549,.T.);
#4256=EDGE_CURVE('',#3447,#3449,#222,.T.);
#4257=EDGE_CURVE('',#3450,#3448,#223,.T.);
#4258=EDGE_CURVE('',#3449,#3450,#1550,.T.);
#4259=EDGE_CURVE('',#3449,#3451,#1551,.T.);
#4260=EDGE_CURVE('',#3452,#3450,#1552,.T.);
#4261=EDGE_CURVE('',#3451,#3452,#1553,.T.);
#4262=EDGE_CURVE('',#3451,#3453,#1554,.T.);
#4263=EDGE_CURVE('',#3454,#3452,#1555,.T.);
#4264=EDGE_CURVE('',#3453,#3454,#1556,.T.);
#4265=EDGE_CURVE('',#3453,#3455,#224,.T.);
#4266=EDGE_CURVE('',#3456,#3454,#225,.T.);
#4267=EDGE_CURVE('',#3455,#3456,#1557,.T.);
#4268=EDGE_CURVE('',#3455,#3457,#226,.T.);
#4269=EDGE_CURVE('',#3458,#3456,#227,.T.);
#4270=EDGE_CURVE('',#3457,#3458,#1558,.T.);
#4271=EDGE_CURVE('',#3457,#3433,#228,.T.);
#4272=EDGE_CURVE('',#3435,#3458,#229,.T.);
#4273=EDGE_CURVE('',#3459,#3460,#1559,.T.);
#4274=EDGE_CURVE('',#3459,#3461,#1560,.T.);
#4275=EDGE_CURVE('',#3462,#3461,#1561,.T.);
#4276=EDGE_CURVE('',#3460,#3462,#1562,.T.);
#4277=EDGE_CURVE('',#3460,#3463,#230,.T.);
#4278=EDGE_CURVE('',#3464,#3462,#231,.T.);
#4279=EDGE_CURVE('',#3463,#3464,#1563,.T.);
#4280=EDGE_CURVE('',#3463,#3465,#232,.T.);
#4281=EDGE_CURVE('',#3466,#3464,#233,.T.);
#4282=EDGE_CURVE('',#3465,#3466,#1564,.T.);
#4283=EDGE_CURVE('',#3465,#3467,#1565,.T.);
#4284=EDGE_CURVE('',#3468,#3466,#1566,.T.);
#4285=EDGE_CURVE('',#3467,#3468,#1567,.T.);
#4286=EDGE_CURVE('',#3467,#3469,#1568,.T.);
#4287=EDGE_CURVE('',#3470,#3468,#1569,.T.);
#4288=EDGE_CURVE('',#3469,#3470,#1570,.T.);
#4289=EDGE_CURVE('',#3469,#3471,#1571,.T.);
#4290=EDGE_CURVE('',#3472,#3470,#1572,.T.);
#4291=EDGE_CURVE('',#3471,#3472,#1573,.T.);
#4292=EDGE_CURVE('',#3471,#3473,#234,.T.);
#4293=EDGE_CURVE('',#3474,#3472,#235,.T.);
#4294=EDGE_CURVE('',#3473,#3474,#1574,.T.);
#4295=EDGE_CURVE('',#3473,#3475,#236,.T.);
#4296=EDGE_CURVE('',#3476,#3474,#237,.T.);
#4297=EDGE_CURVE('',#3475,#3476,#1575,.T.);
#4298=EDGE_CURVE('',#3475,#3477,#238,.T.);
#4299=EDGE_CURVE('',#3478,#3476,#239,.T.);
#4300=EDGE_CURVE('',#3477,#3478,#1576,.T.);
#4301=EDGE_CURVE('',#3477,#3479,#1577,.T.);
#4302=EDGE_CURVE('',#3480,#3478,#1578,.T.);
#4303=EDGE_CURVE('',#3479,#3480,#1579,.T.);
#4304=EDGE_CURVE('',#3479,#3481,#1580,.T.);
#4305=EDGE_CURVE('',#3482,#3480,#1581,.T.);
#4306=EDGE_CURVE('',#3481,#3482,#1582,.T.);
#4307=EDGE_CURVE('',#3481,#3483,#1583,.T.);
#4308=EDGE_CURVE('',#3484,#3482,#1584,.T.);
#4309=EDGE_CURVE('',#3483,#3484,#1585,.T.);
#4310=EDGE_CURVE('',#3483,#3459,#1586,.T.);
#4311=EDGE_CURVE('',#3461,#3484,#1587,.T.);
#4312=EDGE_CURVE('',#3485,#3486,#240,.T.);
#4313=EDGE_CURVE('',#3485,#3487,#1588,.T.);
#4314=EDGE_CURVE('',#3488,#3487,#241,.T.);
#4315=EDGE_CURVE('',#3486,#3488,#1589,.T.);
#4316=EDGE_CURVE('',#3489,#3485,#242,.T.);
#4317=EDGE_CURVE('',#3489,#3490,#1590,.T.);
#4318=EDGE_CURVE('',#3487,#3490,#243,.T.);
#4319=EDGE_CURVE('',#3491,#3489,#244,.T.);
#4320=EDGE_CURVE('',#3491,#3492,#1591,.T.);
#4321=EDGE_CURVE('',#3490,#3492,#245,.T.);
#4322=EDGE_CURVE('',#3493,#3491,#246,.T.);
#4323=EDGE_CURVE('',#3493,#3494,#1592,.T.);
#4324=EDGE_CURVE('',#3492,#3494,#247,.T.);
#4325=EDGE_CURVE('',#3486,#3493,#1593,.T.);
#4326=EDGE_CURVE('',#3494,#3488,#1594,.T.);
#4327=EDGE_CURVE('',#3495,#3496,#1595,.T.);
#4328=EDGE_CURVE('',#3495,#3497,#1596,.T.);
#4329=EDGE_CURVE('',#3498,#3497,#1597,.T.);
#4330=EDGE_CURVE('',#3496,#3498,#1598,.T.);
#4331=EDGE_CURVE('',#3496,#3499,#248,.T.);
#4332=EDGE_CURVE('',#3500,#3498,#249,.T.);
#4333=EDGE_CURVE('',#3499,#3500,#1599,.T.);
#4334=EDGE_CURVE('',#3499,#3501,#250,.T.);
#4335=EDGE_CURVE('',#3502,#3500,#251,.T.);
#4336=EDGE_CURVE('',#3501,#3502,#1600,.T.);
#4337=EDGE_CURVE('',#3501,#3503,#252,.T.);
#4338=EDGE_CURVE('',#3504,#3502,#253,.T.);
#4339=EDGE_CURVE('',#3503,#3504,#1601,.T.);
#4340=EDGE_CURVE('',#3503,#3505,#254,.T.);
#4341=EDGE_CURVE('',#3506,#3504,#255,.T.);
#4342=EDGE_CURVE('',#3505,#3506,#1602,.T.);
#4343=EDGE_CURVE('',#3505,#3507,#256,.T.);
#4344=EDGE_CURVE('',#3508,#3506,#257,.T.);
#4345=EDGE_CURVE('',#3507,#3508,#1603,.T.);
#4346=EDGE_CURVE('',#3507,#3509,#258,.T.);
#4347=EDGE_CURVE('',#3510,#3508,#259,.T.);
#4348=EDGE_CURVE('',#3509,#3510,#1604,.T.);
#4349=EDGE_CURVE('',#3509,#3511,#1605,.T.);
#4350=EDGE_CURVE('',#3512,#3510,#1606,.T.);
#4351=EDGE_CURVE('',#3511,#3512,#1607,.T.);
#4352=EDGE_CURVE('',#3511,#3513,#1608,.T.);
#4353=EDGE_CURVE('',#3514,#3512,#1609,.T.);
#4354=EDGE_CURVE('',#3513,#3514,#1610,.T.);
#4355=EDGE_CURVE('',#3513,#3515,#1611,.T.);
#4356=EDGE_CURVE('',#3516,#3514,#1612,.T.);
#4357=EDGE_CURVE('',#3515,#3516,#1613,.T.);
#4358=EDGE_CURVE('',#3515,#3495,#1614,.T.);
#4359=EDGE_CURVE('',#3497,#3516,#1615,.T.);
#4360=EDGE_CURVE('',#3517,#3518,#260,.T.);
#4361=EDGE_CURVE('',#3517,#3519,#1616,.T.);
#4362=EDGE_CURVE('',#3520,#3519,#261,.T.);
#4363=EDGE_CURVE('',#3518,#3520,#1617,.T.);
#4364=EDGE_CURVE('',#3521,#3517,#262,.T.);
#4365=EDGE_CURVE('',#3521,#3522,#1618,.T.);
#4366=EDGE_CURVE('',#3519,#3522,#263,.T.);
#4367=EDGE_CURVE('',#3523,#3521,#264,.T.);
#4368=EDGE_CURVE('',#3523,#3524,#1619,.T.);
#4369=EDGE_CURVE('',#3522,#3524,#265,.T.);
#4370=EDGE_CURVE('',#3525,#3523,#266,.T.);
#4371=EDGE_CURVE('',#3525,#3526,#1620,.T.);
#4372=EDGE_CURVE('',#3524,#3526,#267,.T.);
#4373=EDGE_CURVE('',#3527,#3525,#268,.T.);
#4374=EDGE_CURVE('',#3527,#3528,#1621,.T.);
#4375=EDGE_CURVE('',#3526,#3528,#269,.T.);
#4376=EDGE_CURVE('',#3529,#3527,#270,.T.);
#4377=EDGE_CURVE('',#3529,#3530,#1622,.T.);
#4378=EDGE_CURVE('',#3528,#3530,#271,.T.);
#4379=EDGE_CURVE('',#3531,#3529,#272,.T.);
#4380=EDGE_CURVE('',#3531,#3532,#1623,.T.);
#4381=EDGE_CURVE('',#3530,#3532,#273,.T.);
#4382=EDGE_CURVE('',#3518,#3531,#274,.T.);
#4383=EDGE_CURVE('',#3532,#3520,#275,.T.);
#4384=EDGE_CURVE('',#3533,#3534,#276,.T.);
#4385=EDGE_CURVE('',#3533,#3535,#1624,.T.);
#4386=EDGE_CURVE('',#3536,#3535,#277,.T.);
#4387=EDGE_CURVE('',#3534,#3536,#1625,.T.);
#4388=EDGE_CURVE('',#3534,#3537,#278,.T.);
#4389=EDGE_CURVE('',#3538,#3536,#279,.T.);
#4390=EDGE_CURVE('',#3537,#3538,#1626,.T.);
#4391=EDGE_CURVE('',#3537,#3539,#280,.T.);
#4392=EDGE_CURVE('',#3540,#3538,#281,.T.);
#4393=EDGE_CURVE('',#3539,#3540,#1627,.T.);
#4394=EDGE_CURVE('',#3539,#3533,#282,.T.);
#4395=EDGE_CURVE('',#3535,#3540,#283,.T.);
#4396=EDGE_CURVE('',#3541,#3542,#1628,.T.);
#4397=EDGE_CURVE('',#3541,#3543,#1629,.T.);
#4398=EDGE_CURVE('',#3544,#3543,#1630,.T.);
#4399=EDGE_CURVE('',#3542,#3544,#1631,.T.);
#4400=EDGE_CURVE('',#3542,#3545,#284,.T.);
#4401=EDGE_CURVE('',#3546,#3544,#285,.T.);
#4402=EDGE_CURVE('',#3545,#3546,#1632,.T.);
#4403=EDGE_CURVE('',#3545,#3547,#286,.T.);
#4404=EDGE_CURVE('',#3548,#3546,#287,.T.);
#4405=EDGE_CURVE('',#3547,#3548,#1633,.T.);
#4406=EDGE_CURVE('',#3547,#3549,#288,.T.);
#4407=EDGE_CURVE('',#3550,#3548,#289,.T.);
#4408=EDGE_CURVE('',#3549,#3550,#1634,.T.);
#4409=EDGE_CURVE('',#3549,#3551,#290,.T.);
#4410=EDGE_CURVE('',#3552,#3550,#291,.T.);
#4411=EDGE_CURVE('',#3551,#3552,#1635,.T.);
#4412=EDGE_CURVE('',#3551,#3553,#292,.T.);
#4413=EDGE_CURVE('',#3554,#3552,#293,.T.);
#4414=EDGE_CURVE('',#3553,#3554,#1636,.T.);
#4415=EDGE_CURVE('',#3553,#3555,#1637,.T.);
#4416=EDGE_CURVE('',#3556,#3554,#1638,.T.);
#4417=EDGE_CURVE('',#3555,#3556,#1639,.T.);
#4418=EDGE_CURVE('',#3555,#3557,#1640,.T.);
#4419=EDGE_CURVE('',#3558,#3556,#1641,.T.);
#4420=EDGE_CURVE('',#3557,#3558,#1642,.T.);
#4421=EDGE_CURVE('',#3557,#3559,#294,.T.);
#4422=EDGE_CURVE('',#3560,#3558,#295,.T.);
#4423=EDGE_CURVE('',#3559,#3560,#1643,.T.);
#4424=EDGE_CURVE('',#3559,#3561,#296,.T.);
#4425=EDGE_CURVE('',#3562,#3560,#297,.T.);
#4426=EDGE_CURVE('',#3561,#3562,#1644,.T.);
#4427=EDGE_CURVE('',#3561,#3563,#298,.T.);
#4428=EDGE_CURVE('',#3564,#3562,#299,.T.);
#4429=EDGE_CURVE('',#3563,#3564,#1645,.T.);
#4430=EDGE_CURVE('',#3563,#3565,#300,.T.);
#4431=EDGE_CURVE('',#3566,#3564,#301,.T.);
#4432=EDGE_CURVE('',#3565,#3566,#1646,.T.);
#4433=EDGE_CURVE('',#3565,#3567,#1647,.T.);
#4434=EDGE_CURVE('',#3568,#3566,#1648,.T.);
#4435=EDGE_CURVE('',#3567,#3568,#1649,.T.);
#4436=EDGE_CURVE('',#3567,#3569,#1650,.T.);
#4437=EDGE_CURVE('',#3570,#3568,#1651,.T.);
#4438=EDGE_CURVE('',#3569,#3570,#1652,.T.);
#4439=EDGE_CURVE('',#3569,#3541,#1653,.T.);
#4440=EDGE_CURVE('',#3543,#3570,#1654,.T.);
#4441=EDGE_CURVE('',#3571,#3572,#302,.T.);
#4442=EDGE_CURVE('',#3571,#3573,#1655,.T.);
#4443=EDGE_CURVE('',#3574,#3573,#303,.T.);
#4444=EDGE_CURVE('',#3572,#3574,#1656,.T.);
#4445=EDGE_CURVE('',#3572,#3575,#304,.T.);
#4446=EDGE_CURVE('',#3576,#3574,#305,.T.);
#4447=EDGE_CURVE('',#3575,#3576,#1657,.T.);
#4448=EDGE_CURVE('',#3575,#3577,#1658,.T.);
#4449=EDGE_CURVE('',#3578,#3576,#1659,.T.);
#4450=EDGE_CURVE('',#3577,#3578,#1660,.T.);
#4451=EDGE_CURVE('',#3577,#3579,#1661,.T.);
#4452=EDGE_CURVE('',#3580,#3578,#1662,.T.);
#4453=EDGE_CURVE('',#3579,#3580,#1663,.T.);
#4454=EDGE_CURVE('',#3579,#3581,#306,.T.);
#4455=EDGE_CURVE('',#3582,#3580,#307,.T.);
#4456=EDGE_CURVE('',#3581,#3582,#1664,.T.);
#4457=EDGE_CURVE('',#3581,#3583,#308,.T.);
#4458=EDGE_CURVE('',#3584,#3582,#309,.T.);
#4459=EDGE_CURVE('',#3583,#3584,#1665,.T.);
#4460=EDGE_CURVE('',#3583,#3585,#310,.T.);
#4461=EDGE_CURVE('',#3586,#3584,#311,.T.);
#4462=EDGE_CURVE('',#3585,#3586,#1666,.T.);
#4463=EDGE_CURVE('',#3585,#3587,#312,.T.);
#4464=EDGE_CURVE('',#3588,#3586,#313,.T.);
#4465=EDGE_CURVE('',#3587,#3588,#1667,.T.);
#4466=EDGE_CURVE('',#3587,#3589,#314,.T.);
#4467=EDGE_CURVE('',#3590,#3588,#315,.T.);
#4468=EDGE_CURVE('',#3589,#3590,#1668,.T.);
#4469=EDGE_CURVE('',#3589,#3591,#316,.T.);
#4470=EDGE_CURVE('',#3592,#3590,#317,.T.);
#4471=EDGE_CURVE('',#3591,#3592,#1669,.T.);
#4472=EDGE_CURVE('',#3591,#3593,#318,.T.);
#4473=EDGE_CURVE('',#3594,#3592,#319,.T.);
#4474=EDGE_CURVE('',#3593,#3594,#1670,.T.);
#4475=EDGE_CURVE('',#3593,#3595,#1671,.T.);
#4476=EDGE_CURVE('',#3596,#3594,#1672,.T.);
#4477=EDGE_CURVE('',#3595,#3596,#1673,.T.);
#4478=EDGE_CURVE('',#3595,#3597,#1674,.T.);
#4479=EDGE_CURVE('',#3598,#3596,#1675,.T.);
#4480=EDGE_CURVE('',#3597,#3598,#1676,.T.);
#4481=EDGE_CURVE('',#3597,#3599,#1677,.T.);
#4482=EDGE_CURVE('',#3600,#3598,#1678,.T.);
#4483=EDGE_CURVE('',#3599,#3600,#1679,.T.);
#4484=EDGE_CURVE('',#3599,#3601,#1680,.T.);
#4485=EDGE_CURVE('',#3602,#3600,#1681,.T.);
#4486=EDGE_CURVE('',#3601,#3602,#1682,.T.);
#4487=EDGE_CURVE('',#3601,#3603,#1683,.T.);
#4488=EDGE_CURVE('',#3604,#3602,#1684,.T.);
#4489=EDGE_CURVE('',#3603,#3604,#1685,.T.);
#4490=EDGE_CURVE('',#3603,#3605,#1686,.T.);
#4491=EDGE_CURVE('',#3606,#3604,#1687,.T.);
#4492=EDGE_CURVE('',#3605,#3606,#1688,.T.);
#4493=EDGE_CURVE('',#3605,#3607,#320,.T.);
#4494=EDGE_CURVE('',#3608,#3606,#321,.T.);
#4495=EDGE_CURVE('',#3607,#3608,#1689,.T.);
#4496=EDGE_CURVE('',#3607,#3609,#322,.T.);
#4497=EDGE_CURVE('',#3610,#3608,#323,.T.);
#4498=EDGE_CURVE('',#3609,#3610,#1690,.T.);
#4499=EDGE_CURVE('',#3609,#3611,#324,.T.);
#4500=EDGE_CURVE('',#3612,#3610,#325,.T.);
#4501=EDGE_CURVE('',#3611,#3612,#1691,.T.);
#4502=EDGE_CURVE('',#3611,#3571,#326,.T.);
#4503=EDGE_CURVE('',#3573,#3612,#327,.T.);
#4504=EDGE_CURVE('',#3613,#3614,#1692,.T.);
#4505=EDGE_CURVE('',#3613,#3615,#1693,.T.);
#4506=EDGE_CURVE('',#3616,#3615,#1694,.T.);
#4507=EDGE_CURVE('',#3614,#3616,#1695,.T.);
#4508=EDGE_CURVE('',#3614,#3617,#1696,.T.);
#4509=EDGE_CURVE('',#3618,#3616,#1697,.T.);
#4510=EDGE_CURVE('',#3617,#3618,#1698,.T.);
#4511=EDGE_CURVE('',#3617,#3619,#1699,.T.);
#4512=EDGE_CURVE('',#3620,#3618,#1700,.T.);
#4513=EDGE_CURVE('',#3619,#3620,#1701,.T.);
#4514=EDGE_CURVE('',#3619,#3613,#1702,.T.);
#4515=EDGE_CURVE('',#3615,#3620,#1703,.T.);
#4516=EDGE_CURVE('',#3621,#3622,#1704,.T.);
#4517=EDGE_CURVE('',#3621,#3623,#1705,.T.);
#4518=EDGE_CURVE('',#3624,#3623,#1706,.T.);
#4519=EDGE_CURVE('',#3622,#3624,#1707,.T.);
#4520=EDGE_CURVE('',#3622,#3625,#1708,.T.);
#4521=EDGE_CURVE('',#3626,#3624,#1709,.T.);
#4522=EDGE_CURVE('',#3625,#3626,#1710,.T.);
#4523=EDGE_CURVE('',#3625,#3627,#1711,.T.);
#4524=EDGE_CURVE('',#3628,#3626,#1712,.T.);
#4525=EDGE_CURVE('',#3627,#3628,#1713,.T.);
#4526=EDGE_CURVE('',#3627,#3621,#1714,.T.);
#4527=EDGE_CURVE('',#3623,#3628,#1715,.T.);
#4528=EDGE_CURVE('',#3629,#3630,#1716,.T.);
#4529=EDGE_CURVE('',#3629,#3631,#1717,.T.);
#4530=EDGE_CURVE('',#3632,#3631,#1718,.T.);
#4531=EDGE_CURVE('',#3630,#3632,#1719,.T.);
#4532=EDGE_CURVE('',#3630,#3633,#1720,.T.);
#4533=EDGE_CURVE('',#3634,#3632,#1721,.T.);
#4534=EDGE_CURVE('',#3633,#3634,#1722,.T.);
#4535=EDGE_CURVE('',#3633,#3635,#1723,.T.);
#4536=EDGE_CURVE('',#3636,#3634,#1724,.T.);
#4537=EDGE_CURVE('',#3635,#3636,#1725,.T.);
#4538=EDGE_CURVE('',#3635,#3629,#1726,.T.);
#4539=EDGE_CURVE('',#3631,#3636,#1727,.T.);
#4540=EDGE_CURVE('',#3637,#3638,#328,.T.);
#4541=EDGE_CURVE('',#3637,#3639,#1728,.T.);
#4542=EDGE_CURVE('',#3640,#3639,#329,.T.);
#4543=EDGE_CURVE('',#3638,#3640,#1729,.T.);
#4544=EDGE_CURVE('',#3641,#3637,#330,.T.);
#4545=EDGE_CURVE('',#3641,#3642,#1730,.T.);
#4546=EDGE_CURVE('',#3639,#3642,#331,.T.);
#4547=EDGE_CURVE('',#3643,#3641,#332,.T.);
#4548=EDGE_CURVE('',#3643,#3644,#1731,.T.);
#4549=EDGE_CURVE('',#3642,#3644,#333,.T.);
#4550=EDGE_CURVE('',#3645,#3643,#1732,.T.);
#4551=EDGE_CURVE('',#3645,#3646,#1733,.T.);
#4552=EDGE_CURVE('',#3644,#3646,#1734,.T.);
#4553=EDGE_CURVE('',#3647,#3645,#1735,.T.);
#4554=EDGE_CURVE('',#3647,#3648,#1736,.T.);
#4555=EDGE_CURVE('',#3646,#3648,#1737,.T.);
#4556=EDGE_CURVE('',#3649,#3647,#1738,.T.);
#4557=EDGE_CURVE('',#3649,#3650,#1739,.T.);
#4558=EDGE_CURVE('',#3648,#3650,#1740,.T.);
#4559=EDGE_CURVE('',#3651,#3649,#334,.T.);
#4560=EDGE_CURVE('',#3651,#3652,#1741,.T.);
#4561=EDGE_CURVE('',#3650,#3652,#335,.T.);
#4562=EDGE_CURVE('',#3638,#3651,#336,.T.);
#4563=EDGE_CURVE('',#3652,#3640,#337,.T.);
#4564=EDGE_CURVE('',#3653,#3654,#338,.T.);
#4565=EDGE_CURVE('',#3653,#3655,#1742,.T.);
#4566=EDGE_CURVE('',#3656,#3655,#339,.T.);
#4567=EDGE_CURVE('',#3654,#3656,#1743,.T.);
#4568=EDGE_CURVE('',#3654,#3657,#340,.T.);
#4569=EDGE_CURVE('',#3658,#3656,#341,.T.);
#4570=EDGE_CURVE('',#3657,#3658,#1744,.T.);
#4571=EDGE_CURVE('',#3657,#3659,#1745,.T.);
#4572=EDGE_CURVE('',#3660,#3658,#1746,.T.);
#4573=EDGE_CURVE('',#3659,#3660,#1747,.T.);
#4574=EDGE_CURVE('',#3659,#3661,#1748,.T.);
#4575=EDGE_CURVE('',#3662,#3660,#1749,.T.);
#4576=EDGE_CURVE('',#3661,#3662,#1750,.T.);
#4577=EDGE_CURVE('',#3661,#3663,#1751,.T.);
#4578=EDGE_CURVE('',#3664,#3662,#1752,.T.);
#4579=EDGE_CURVE('',#3663,#3664,#1753,.T.);
#4580=EDGE_CURVE('',#3663,#3665,#1754,.T.);
#4581=EDGE_CURVE('',#3666,#3664,#1755,.T.);
#4582=EDGE_CURVE('',#3665,#3666,#1756,.T.);
#4583=EDGE_CURVE('',#3665,#3667,#1757,.T.);
#4584=EDGE_CURVE('',#3668,#3666,#1758,.T.);
#4585=EDGE_CURVE('',#3667,#3668,#1759,.T.);
#4586=EDGE_CURVE('',#3667,#3669,#342,.T.);
#4587=EDGE_CURVE('',#3670,#3668,#343,.T.);
#4588=EDGE_CURVE('',#3669,#3670,#1760,.T.);
#4589=EDGE_CURVE('',#3669,#3671,#344,.T.);
#4590=EDGE_CURVE('',#3672,#3670,#345,.T.);
#4591=EDGE_CURVE('',#3671,#3672,#1761,.T.);
#4592=EDGE_CURVE('',#3671,#3653,#346,.T.);
#4593=EDGE_CURVE('',#3655,#3672,#347,.T.);
#4594=EDGE_CURVE('',#3673,#3674,#1762,.T.);
#4595=EDGE_CURVE('',#3673,#3675,#1763,.T.);
#4596=EDGE_CURVE('',#3676,#3675,#1764,.T.);
#4597=EDGE_CURVE('',#3674,#3676,#1765,.T.);
#4598=EDGE_CURVE('',#3674,#3677,#1766,.T.);
#4599=EDGE_CURVE('',#3678,#3676,#1767,.T.);
#4600=EDGE_CURVE('',#3677,#3678,#1768,.T.);
#4601=EDGE_CURVE('',#3677,#3679,#1769,.T.);
#4602=EDGE_CURVE('',#3680,#3678,#1770,.T.);
#4603=EDGE_CURVE('',#3679,#3680,#1771,.T.);
#4604=EDGE_CURVE('',#3679,#3681,#1772,.T.);
#4605=EDGE_CURVE('',#3682,#3680,#1773,.T.);
#4606=EDGE_CURVE('',#3681,#3682,#1774,.T.);
#4607=EDGE_CURVE('',#3681,#3683,#1775,.T.);
#4608=EDGE_CURVE('',#3684,#3682,#1776,.T.);
#4609=EDGE_CURVE('',#3683,#3684,#1777,.T.);
#4610=EDGE_CURVE('',#3683,#3685,#1778,.T.);
#4611=EDGE_CURVE('',#3686,#3684,#1779,.T.);
#4612=EDGE_CURVE('',#3685,#3686,#1780,.T.);
#4613=EDGE_CURVE('',#3685,#3687,#1781,.T.);
#4614=EDGE_CURVE('',#3688,#3686,#1782,.T.);
#4615=EDGE_CURVE('',#3687,#3688,#1783,.T.);
#4616=EDGE_CURVE('',#3687,#3689,#1784,.T.);
#4617=EDGE_CURVE('',#3690,#3688,#1785,.T.);
#4618=EDGE_CURVE('',#3689,#3690,#1786,.T.);
#4619=EDGE_CURVE('',#3689,#3691,#1787,.T.);
#4620=EDGE_CURVE('',#3692,#3690,#1788,.T.);
#4621=EDGE_CURVE('',#3691,#3692,#1789,.T.);
#4622=EDGE_CURVE('',#3691,#3673,#1790,.T.);
#4623=EDGE_CURVE('',#3675,#3692,#1791,.T.);
#4624=EDGE_CURVE('',#3693,#3694,#348,.T.);
#4625=EDGE_CURVE('',#3693,#3695,#1792,.T.);
#4626=EDGE_CURVE('',#3696,#3695,#349,.T.);
#4627=EDGE_CURVE('',#3694,#3696,#1793,.T.);
#4628=EDGE_CURVE('',#3694,#3697,#350,.T.);
#4629=EDGE_CURVE('',#3698,#3696,#351,.T.);
#4630=EDGE_CURVE('',#3697,#3698,#1794,.T.);
#4631=EDGE_CURVE('',#3697,#3699,#1795,.T.);
#4632=EDGE_CURVE('',#3700,#3698,#1796,.T.);
#4633=EDGE_CURVE('',#3699,#3700,#1797,.T.);
#4634=EDGE_CURVE('',#3699,#3701,#1798,.T.);
#4635=EDGE_CURVE('',#3702,#3700,#1799,.T.);
#4636=EDGE_CURVE('',#3701,#3702,#1800,.T.);
#4637=EDGE_CURVE('',#3701,#3703,#352,.T.);
#4638=EDGE_CURVE('',#3704,#3702,#353,.T.);
#4639=EDGE_CURVE('',#3703,#3704,#1801,.T.);
#4640=EDGE_CURVE('',#3703,#3705,#354,.T.);
#4641=EDGE_CURVE('',#3706,#3704,#355,.T.);
#4642=EDGE_CURVE('',#3705,#3706,#1802,.T.);
#4643=EDGE_CURVE('',#3705,#3707,#356,.T.);
#4644=EDGE_CURVE('',#3708,#3706,#357,.T.);
#4645=EDGE_CURVE('',#3707,#3708,#1803,.T.);
#4646=EDGE_CURVE('',#3707,#3709,#358,.T.);
#4647=EDGE_CURVE('',#3710,#3708,#359,.T.);
#4648=EDGE_CURVE('',#3709,#3710,#1804,.T.);
#4649=EDGE_CURVE('',#3709,#3711,#360,.T.);
#4650=EDGE_CURVE('',#3712,#3710,#361,.T.);
#4651=EDGE_CURVE('',#3711,#3712,#1805,.T.);
#4652=EDGE_CURVE('',#3711,#3713,#1806,.T.);
#4653=EDGE_CURVE('',#3714,#3712,#1807,.T.);
#4654=EDGE_CURVE('',#3713,#3714,#1808,.T.);
#4655=EDGE_CURVE('',#3713,#3715,#1809,.T.);
#4656=EDGE_CURVE('',#3716,#3714,#1810,.T.);
#4657=EDGE_CURVE('',#3715,#3716,#1811,.T.);
#4658=EDGE_CURVE('',#3715,#3717,#1812,.T.);
#4659=EDGE_CURVE('',#3718,#3716,#1813,.T.);
#4660=EDGE_CURVE('',#3717,#3718,#1814,.T.);
#4661=EDGE_CURVE('',#3717,#3719,#362,.T.);
#4662=EDGE_CURVE('',#3720,#3718,#363,.T.);
#4663=EDGE_CURVE('',#3719,#3720,#1815,.T.);
#4664=EDGE_CURVE('',#3719,#3721,#364,.T.);
#4665=EDGE_CURVE('',#3722,#3720,#365,.T.);
#4666=EDGE_CURVE('',#3721,#3722,#1816,.T.);
#4667=EDGE_CURVE('',#3721,#3723,#366,.T.);
#4668=EDGE_CURVE('',#3724,#3722,#367,.T.);
#4669=EDGE_CURVE('',#3723,#3724,#1817,.T.);
#4670=EDGE_CURVE('',#3723,#3725,#368,.T.);
#4671=EDGE_CURVE('',#3726,#3724,#369,.T.);
#4672=EDGE_CURVE('',#3725,#3726,#1818,.T.);
#4673=EDGE_CURVE('',#3725,#3727,#370,.T.);
#4674=EDGE_CURVE('',#3728,#3726,#371,.T.);
#4675=EDGE_CURVE('',#3727,#3728,#1819,.T.);
#4676=EDGE_CURVE('',#3727,#3729,#372,.T.);
#4677=EDGE_CURVE('',#3730,#3728,#373,.T.);
#4678=EDGE_CURVE('',#3729,#3730,#1820,.T.);
#4679=EDGE_CURVE('',#3729,#3731,#1821,.T.);
#4680=EDGE_CURVE('',#3732,#3730,#1822,.T.);
#4681=EDGE_CURVE('',#3731,#3732,#1823,.T.);
#4682=EDGE_CURVE('',#3731,#3733,#1824,.T.);
#4683=EDGE_CURVE('',#3734,#3732,#1825,.T.);
#4684=EDGE_CURVE('',#3733,#3734,#1826,.T.);
#4685=EDGE_CURVE('',#3733,#3735,#374,.T.);
#4686=EDGE_CURVE('',#3736,#3734,#375,.T.);
#4687=EDGE_CURVE('',#3735,#3736,#1827,.T.);
#4688=EDGE_CURVE('',#3735,#3737,#376,.T.);
#4689=EDGE_CURVE('',#3738,#3736,#377,.T.);
#4690=EDGE_CURVE('',#3737,#3738,#1828,.T.);
#4691=EDGE_CURVE('',#3737,#3739,#378,.T.);
#4692=EDGE_CURVE('',#3740,#3738,#379,.T.);
#4693=EDGE_CURVE('',#3739,#3740,#1829,.T.);
#4694=EDGE_CURVE('',#3739,#3741,#380,.T.);
#4695=EDGE_CURVE('',#3742,#3740,#381,.T.);
#4696=EDGE_CURVE('',#3741,#3742,#1830,.T.);
#4697=EDGE_CURVE('',#3741,#3743,#1831,.T.);
#4698=EDGE_CURVE('',#3744,#3742,#1832,.T.);
#4699=EDGE_CURVE('',#3743,#3744,#1833,.T.);
#4700=EDGE_CURVE('',#3743,#3745,#382,.T.);
#4701=EDGE_CURVE('',#3746,#3744,#383,.T.);
#4702=EDGE_CURVE('',#3745,#3746,#1834,.T.);
#4703=EDGE_CURVE('',#3745,#3747,#384,.T.);
#4704=EDGE_CURVE('',#3748,#3746,#385,.T.);
#4705=EDGE_CURVE('',#3747,#3748,#1835,.T.);
#4706=EDGE_CURVE('',#3747,#3693,#386,.T.);
#4707=EDGE_CURVE('',#3695,#3748,#387,.T.);
#4708=EDGE_CURVE('',#3749,#3750,#1836,.T.);
#4709=EDGE_CURVE('',#3749,#3751,#1837,.T.);
#4710=EDGE_CURVE('',#3752,#3751,#1838,.T.);
#4711=EDGE_CURVE('',#3750,#3752,#1839,.T.);
#4712=EDGE_CURVE('',#3750,#3753,#1840,.T.);
#4713=EDGE_CURVE('',#3754,#3752,#1841,.T.);
#4714=EDGE_CURVE('',#3753,#3754,#1842,.T.);
#4715=EDGE_CURVE('',#3753,#3755,#1843,.T.);
#4716=EDGE_CURVE('',#3756,#3754,#1844,.T.);
#4717=EDGE_CURVE('',#3755,#3756,#1845,.T.);
#4718=EDGE_CURVE('',#3755,#3757,#1846,.T.);
#4719=EDGE_CURVE('',#3758,#3756,#1847,.T.);
#4720=EDGE_CURVE('',#3757,#3758,#1848,.T.);
#4721=EDGE_CURVE('',#3757,#3759,#1849,.T.);
#4722=EDGE_CURVE('',#3760,#3758,#1850,.T.);
#4723=EDGE_CURVE('',#3759,#3760,#1851,.T.);
#4724=EDGE_CURVE('',#3759,#3761,#1852,.T.);
#4725=EDGE_CURVE('',#3762,#3760,#1853,.T.);
#4726=EDGE_CURVE('',#3761,#3762,#1854,.T.);
#4727=EDGE_CURVE('',#3761,#3763,#1855,.T.);
#4728=EDGE_CURVE('',#3764,#3762,#1856,.T.);
#4729=EDGE_CURVE('',#3763,#3764,#1857,.T.);
#4730=EDGE_CURVE('',#3763,#3765,#1858,.T.);
#4731=EDGE_CURVE('',#3766,#3764,#1859,.T.);
#4732=EDGE_CURVE('',#3765,#3766,#1860,.T.);
#4733=EDGE_CURVE('',#3765,#3767,#1861,.T.);
#4734=EDGE_CURVE('',#3768,#3766,#1862,.T.);
#4735=EDGE_CURVE('',#3767,#3768,#1863,.T.);
#4736=EDGE_CURVE('',#3767,#3769,#1864,.T.);
#4737=EDGE_CURVE('',#3770,#3768,#1865,.T.);
#4738=EDGE_CURVE('',#3769,#3770,#1866,.T.);
#4739=EDGE_CURVE('',#3769,#3771,#1867,.T.);
#4740=EDGE_CURVE('',#3772,#3770,#1868,.T.);
#4741=EDGE_CURVE('',#3771,#3772,#1869,.T.);
#4742=EDGE_CURVE('',#3771,#3773,#1870,.T.);
#4743=EDGE_CURVE('',#3774,#3772,#1871,.T.);
#4744=EDGE_CURVE('',#3773,#3774,#1872,.T.);
#4745=EDGE_CURVE('',#3773,#3749,#1873,.T.);
#4746=EDGE_CURVE('',#3751,#3774,#1874,.T.);
#4747=EDGE_CURVE('',#3775,#3776,#1875,.T.);
#4748=EDGE_CURVE('',#3775,#3777,#1876,.T.);
#4749=EDGE_CURVE('',#3778,#3777,#1877,.T.);
#4750=EDGE_CURVE('',#3776,#3778,#1878,.T.);
#4751=EDGE_CURVE('',#3776,#3779,#1879,.T.);
#4752=EDGE_CURVE('',#3780,#3778,#1880,.T.);
#4753=EDGE_CURVE('',#3779,#3780,#1881,.T.);
#4754=EDGE_CURVE('',#3779,#3781,#1882,.T.);
#4755=EDGE_CURVE('',#3782,#3780,#1883,.T.);
#4756=EDGE_CURVE('',#3781,#3782,#1884,.T.);
#4757=EDGE_CURVE('',#3781,#3775,#1885,.T.);
#4758=EDGE_CURVE('',#3777,#3782,#1886,.T.);
#4759=EDGE_CURVE('',#3783,#3784,#1887,.T.);
#4760=EDGE_CURVE('',#3784,#3785,#1888,.T.);
#4761=EDGE_CURVE('',#3785,#3786,#1889,.T.);
#4762=EDGE_CURVE('',#3786,#3787,#1890,.T.);
#4763=EDGE_CURVE('',#3787,#3788,#1891,.T.);
#4764=EDGE_CURVE('',#3788,#3789,#1892,.T.);
#4765=EDGE_CURVE('',#3789,#3790,#1893,.T.);
#4766=EDGE_CURVE('',#3790,#3783,#1894,.T.);
#4767=EDGE_CURVE('',#3791,#3791,#47,.T.);
#4768=EDGE_CURVE('',#3792,#3793,#1895,.T.);
#4769=EDGE_CURVE('',#3793,#3794,#1896,.T.);
#4770=EDGE_CURVE('',#3794,#3795,#1897,.T.);
#4771=EDGE_CURVE('',#3795,#3792,#1898,.T.);
#4772=EDGE_CURVE('',#3796,#3797,#1899,.T.);
#4773=EDGE_CURVE('',#3797,#3798,#1900,.T.);
#4774=EDGE_CURVE('',#3798,#3799,#1901,.T.);
#4775=EDGE_CURVE('',#3799,#3796,#1902,.T.);
#4776=EDGE_CURVE('',#3800,#3801,#1903,.T.);
#4777=EDGE_CURVE('',#3801,#3802,#1904,.T.);
#4778=EDGE_CURVE('',#3802,#3803,#1905,.T.);
#4779=EDGE_CURVE('',#3803,#3800,#1906,.T.);
#4780=EDGE_CURVE('',#3804,#3805,#1907,.T.);
#4781=EDGE_CURVE('',#3805,#3806,#1908,.T.);
#4782=EDGE_CURVE('',#3806,#3807,#1909,.T.);
#4783=EDGE_CURVE('',#3807,#3804,#1910,.T.);
#4784=EDGE_CURVE('',#3808,#3809,#48,.T.);
#4785=EDGE_CURVE('',#3809,#3810,#1911,.T.);
#4786=EDGE_CURVE('',#3810,#3811,#49,.T.);
#4787=EDGE_CURVE('',#3811,#3812,#1912,.T.);
#4788=EDGE_CURVE('',#3812,#3813,#50,.T.);
#4789=EDGE_CURVE('',#3813,#3814,#1913,.T.);
#4790=EDGE_CURVE('',#3814,#3815,#51,.T.);
#4791=EDGE_CURVE('',#3815,#3808,#1914,.T.);
#4792=EDGE_CURVE('',#3816,#3816,#52,.T.);
#4793=EDGE_CURVE('',#3817,#3817,#53,.T.);
#4794=EDGE_CURVE('',#3818,#3818,#54,.T.);
#4795=EDGE_CURVE('',#3819,#3819,#55,.T.);
#4796=EDGE_CURVE('',#3820,#3820,#56,.T.);
#4797=EDGE_CURVE('',#3821,#3821,#57,.T.);
#4798=EDGE_CURVE('',#3822,#3822,#58,.T.);
#4799=EDGE_CURVE('',#3823,#3823,#59,.T.);
#4800=EDGE_CURVE('',#3824,#3824,#60,.T.);
#4801=EDGE_CURVE('',#3825,#3825,#61,.T.);
#4802=EDGE_CURVE('',#3826,#3826,#62,.T.);
#4803=EDGE_CURVE('',#3827,#3827,#63,.T.);
#4804=EDGE_CURVE('',#3828,#3828,#64,.T.);
#4805=EDGE_CURVE('',#3829,#3829,#65,.T.);
#4806=EDGE_CURVE('',#3830,#3830,#66,.T.);
#4807=EDGE_CURVE('',#3831,#3831,#67,.T.);
#4808=EDGE_CURVE('',#3832,#3833,#1915,.T.);
#4809=EDGE_CURVE('',#3832,#3834,#1916,.T.);
#4810=EDGE_CURVE('',#3835,#3834,#1917,.T.);
#4811=EDGE_CURVE('',#3833,#3835,#1918,.T.);
#4812=EDGE_CURVE('',#3833,#3836,#1919,.T.);
#4813=EDGE_CURVE('',#3837,#3835,#1920,.T.);
#4814=EDGE_CURVE('',#3836,#3837,#1921,.T.);
#4815=EDGE_CURVE('',#3836,#3838,#1922,.T.);
#4816=EDGE_CURVE('',#3839,#3837,#1923,.T.);
#4817=EDGE_CURVE('',#3838,#3839,#1924,.T.);
#4818=EDGE_CURVE('',#3838,#3840,#1925,.T.);
#4819=EDGE_CURVE('',#3841,#3839,#1926,.T.);
#4820=EDGE_CURVE('',#3840,#3841,#1927,.T.);
#4821=EDGE_CURVE('',#3840,#3842,#1928,.T.);
#4822=EDGE_CURVE('',#3843,#3841,#1929,.T.);
#4823=EDGE_CURVE('',#3842,#3843,#1930,.T.);
#4824=EDGE_CURVE('',#3842,#3844,#1931,.T.);
#4825=EDGE_CURVE('',#3845,#3843,#1932,.T.);
#4826=EDGE_CURVE('',#3844,#3845,#1933,.T.);
#4827=EDGE_CURVE('',#3844,#3846,#1934,.T.);
#4828=EDGE_CURVE('',#3847,#3845,#1935,.T.);
#4829=EDGE_CURVE('',#3846,#3847,#1936,.T.);
#4830=EDGE_CURVE('',#3846,#3848,#1937,.T.);
#4831=EDGE_CURVE('',#3849,#3847,#1938,.T.);
#4832=EDGE_CURVE('',#3848,#3849,#1939,.T.);
#4833=EDGE_CURVE('',#3848,#3850,#1940,.T.);
#4834=EDGE_CURVE('',#3851,#3849,#1941,.T.);
#4835=EDGE_CURVE('',#3850,#3851,#1942,.T.);
#4836=EDGE_CURVE('',#3850,#3832,#1943,.T.);
#4837=EDGE_CURVE('',#3834,#3851,#1944,.T.);
#4838=EDGE_CURVE('',#3852,#3852,#68,.T.);
#4839=EDGE_CURVE('',#3852,#3853,#1945,.T.);
#4840=EDGE_CURVE('',#3853,#3853,#69,.T.);
#4841=EDGE_CURVE('',#3854,#3854,#70,.T.);
#4842=EDGE_CURVE('',#3854,#3791,#1946,.T.);
#4843=EDGE_CURVE('',#3855,#3856,#1947,.T.);
#4844=EDGE_CURVE('',#3855,#3857,#1948,.T.);
#4845=EDGE_CURVE('',#3858,#3857,#1949,.T.);
#4846=EDGE_CURVE('',#3856,#3858,#1950,.T.);
#4847=EDGE_CURVE('',#3856,#3859,#1951,.T.);
#4848=EDGE_CURVE('',#3860,#3858,#1952,.T.);
#4849=EDGE_CURVE('',#3859,#3860,#1953,.T.);
#4850=EDGE_CURVE('',#3859,#3861,#1954,.T.);
#4851=EDGE_CURVE('',#3862,#3860,#1955,.T.);
#4852=EDGE_CURVE('',#3861,#3862,#1956,.T.);
#4853=EDGE_CURVE('',#3861,#3863,#1957,.T.);
#4854=EDGE_CURVE('',#3864,#3862,#1958,.T.);
#4855=EDGE_CURVE('',#3863,#3864,#1959,.T.);
#4856=EDGE_CURVE('',#3863,#3865,#1960,.T.);
#4857=EDGE_CURVE('',#3866,#3864,#1961,.T.);
#4858=EDGE_CURVE('',#3865,#3866,#1962,.T.);
#4859=EDGE_CURVE('',#3865,#3867,#1963,.T.);
#4860=EDGE_CURVE('',#3868,#3866,#1964,.T.);
#4861=EDGE_CURVE('',#3867,#3868,#1965,.T.);
#4862=EDGE_CURVE('',#3867,#3869,#1966,.T.);
#4863=EDGE_CURVE('',#3870,#3868,#1967,.T.);
#4864=EDGE_CURVE('',#3869,#3870,#1968,.T.);
#4865=EDGE_CURVE('',#3869,#3871,#1969,.T.);
#4866=EDGE_CURVE('',#3872,#3870,#1970,.T.);
#4867=EDGE_CURVE('',#3871,#3872,#1971,.T.);
#4868=EDGE_CURVE('',#3871,#3873,#1972,.T.);
#4869=EDGE_CURVE('',#3874,#3872,#1973,.T.);
#4870=EDGE_CURVE('',#3873,#3874,#1974,.T.);
#4871=EDGE_CURVE('',#3873,#3855,#1975,.T.);
#4872=EDGE_CURVE('',#3857,#3874,#1976,.T.);
#4873=EDGE_CURVE('',#3875,#3876,#388,.T.);
#4874=EDGE_CURVE('',#3875,#3877,#1977,.T.);
#4875=EDGE_CURVE('',#3878,#3877,#389,.T.);
#4876=EDGE_CURVE('',#3876,#3878,#1978,.T.);
#4877=EDGE_CURVE('',#3876,#3879,#390,.T.);
#4878=EDGE_CURVE('',#3880,#3878,#391,.T.);
#4879=EDGE_CURVE('',#3879,#3880,#1979,.T.);
#4880=EDGE_CURVE('',#3879,#3881,#392,.T.);
#4881=EDGE_CURVE('',#3882,#3880,#393,.T.);
#4882=EDGE_CURVE('',#3881,#3882,#1980,.T.);
#4883=EDGE_CURVE('',#3881,#3883,#394,.T.);
#4884=EDGE_CURVE('',#3884,#3882,#395,.T.);
#4885=EDGE_CURVE('',#3883,#3884,#1981,.T.);
#4886=EDGE_CURVE('',#3883,#3885,#396,.T.);
#4887=EDGE_CURVE('',#3886,#3884,#397,.T.);
#4888=EDGE_CURVE('',#3885,#3886,#1982,.T.);
#4889=EDGE_CURVE('',#3885,#3887,#1983,.T.);
#4890=EDGE_CURVE('',#3888,#3886,#1984,.T.);
#4891=EDGE_CURVE('',#3887,#3888,#1985,.T.);
#4892=EDGE_CURVE('',#3887,#3889,#398,.T.);
#4893=EDGE_CURVE('',#3890,#3888,#399,.T.);
#4894=EDGE_CURVE('',#3889,#3890,#1986,.T.);
#4895=EDGE_CURVE('',#3889,#3891,#400,.T.);
#4896=EDGE_CURVE('',#3892,#3890,#401,.T.);
#4897=EDGE_CURVE('',#3891,#3892,#1987,.T.);
#4898=EDGE_CURVE('',#3891,#3893,#402,.T.);
#4899=EDGE_CURVE('',#3894,#3892,#403,.T.);
#4900=EDGE_CURVE('',#3893,#3894,#1988,.T.);
#4901=EDGE_CURVE('',#3893,#3895,#404,.T.);
#4902=EDGE_CURVE('',#3896,#3894,#405,.T.);
#4903=EDGE_CURVE('',#3895,#3896,#1989,.T.);
#4904=EDGE_CURVE('',#3895,#3875,#1990,.T.);
#4905=EDGE_CURVE('',#3877,#3896,#1991,.T.);
#4906=EDGE_CURVE('',#3897,#3898,#71,.T.);
#4907=EDGE_CURVE('',#3898,#3899,#72,.T.);
#4908=EDGE_CURVE('',#3899,#3900,#73,.T.);
#4909=EDGE_CURVE('',#3900,#3897,#74,.T.);
#4910=EDGE_CURVE('',#3901,#3902,#75,.T.);
#4911=EDGE_CURVE('',#3902,#3900,#1992,.T.);
#4912=EDGE_CURVE('',#3899,#3901,#1993,.T.);
#4913=EDGE_CURVE('',#3903,#3904,#76,.T.);
#4914=EDGE_CURVE('',#3904,#3902,#77,.T.);
#4915=EDGE_CURVE('',#3901,#3903,#78,.T.);
#4916=EDGE_CURVE('',#3905,#3906,#79,.T.);
#4917=EDGE_CURVE('',#3906,#3904,#1994,.T.);
#4918=EDGE_CURVE('',#3903,#3905,#1995,.T.);
#4919=EDGE_CURVE('',#3907,#3908,#80,.T.);
#4920=EDGE_CURVE('',#3908,#3906,#81,.T.);
#4921=EDGE_CURVE('',#3905,#3907,#82,.T.);
#4922=EDGE_CURVE('',#3909,#3910,#83,.T.);
#4923=EDGE_CURVE('',#3910,#3908,#1996,.T.);
#4924=EDGE_CURVE('',#3907,#3909,#1997,.T.);
#4925=EDGE_CURVE('',#3911,#3912,#84,.T.);
#4926=EDGE_CURVE('',#3912,#3910,#85,.T.);
#4927=EDGE_CURVE('',#3909,#3911,#86,.T.);
#4928=EDGE_CURVE('',#3897,#3912,#1998,.T.);
#4929=EDGE_CURVE('',#3911,#3898,#1999,.T.);
#4930=EDGE_CURVE('',#3808,#3903,#2000,.T.);
#4931=EDGE_CURVE('',#3815,#3905,#2001,.T.);
#4932=EDGE_CURVE('',#3809,#3901,#2002,.T.);
#4933=EDGE_CURVE('',#3810,#3899,#2003,.T.);
#4934=EDGE_CURVE('',#3811,#3898,#2004,.T.);
#4935=EDGE_CURVE('',#3913,#3914,#2005,.T.);
#4936=EDGE_CURVE('',#3913,#3915,#2006,.T.);
#4937=EDGE_CURVE('',#3916,#3915,#2007,.T.);
#4938=EDGE_CURVE('',#3914,#3916,#2008,.T.);
#4939=EDGE_CURVE('',#3917,#3913,#2009,.T.);
#4940=EDGE_CURVE('',#3917,#3918,#2010,.T.);
#4941=EDGE_CURVE('',#3915,#3918,#2011,.T.);
#4942=EDGE_CURVE('',#3914,#3919,#2012,.T.);
#4943=EDGE_CURVE('',#3920,#3916,#2013,.T.);
#4944=EDGE_CURVE('',#3919,#3920,#2014,.T.);
#4945=EDGE_CURVE('',#3919,#3917,#2015,.T.);
#4946=EDGE_CURVE('',#3918,#3920,#2016,.T.);
#4947=EDGE_CURVE('',#3921,#3922,#2017,.T.);
#4948=EDGE_CURVE('',#3921,#3923,#2018,.T.);
#4949=EDGE_CURVE('',#3924,#3923,#2019,.T.);
#4950=EDGE_CURVE('',#3922,#3924,#2020,.T.);
#4951=EDGE_CURVE('',#3925,#3921,#2021,.T.);
#4952=EDGE_CURVE('',#3925,#3926,#2022,.T.);
#4953=EDGE_CURVE('',#3923,#3926,#2023,.T.);
#4954=EDGE_CURVE('',#3922,#3927,#2024,.T.);
#4955=EDGE_CURVE('',#3928,#3924,#2025,.T.);
#4956=EDGE_CURVE('',#3927,#3928,#2026,.T.);
#4957=EDGE_CURVE('',#3927,#3925,#2027,.T.);
#4958=EDGE_CURVE('',#3926,#3928,#2028,.T.);
#4959=EDGE_CURVE('',#3929,#3930,#2029,.T.);
#4960=EDGE_CURVE('',#3929,#3931,#2030,.T.);
#4961=EDGE_CURVE('',#3932,#3931,#2031,.T.);
#4962=EDGE_CURVE('',#3930,#3932,#2032,.T.);
#4963=EDGE_CURVE('',#3933,#3929,#2033,.T.);
#4964=EDGE_CURVE('',#3933,#3934,#2034,.T.);
#4965=EDGE_CURVE('',#3931,#3934,#2035,.T.);
#4966=EDGE_CURVE('',#3930,#3935,#2036,.T.);
#4967=EDGE_CURVE('',#3936,#3932,#2037,.T.);
#4968=EDGE_CURVE('',#3935,#3936,#2038,.T.);
#4969=EDGE_CURVE('',#3935,#3933,#2039,.T.);
#4970=EDGE_CURVE('',#3934,#3936,#2040,.T.);
#4971=EDGE_CURVE('',#3937,#3938,#2041,.T.);
#4972=EDGE_CURVE('',#3937,#3939,#2042,.T.);
#4973=EDGE_CURVE('',#3940,#3939,#2043,.T.);
#4974=EDGE_CURVE('',#3938,#3940,#2044,.T.);
#4975=EDGE_CURVE('',#3941,#3937,#2045,.T.);
#4976=EDGE_CURVE('',#3941,#3942,#2046,.T.);
#4977=EDGE_CURVE('',#3939,#3942,#2047,.T.);
#4978=EDGE_CURVE('',#3938,#3943,#2048,.T.);
#4979=EDGE_CURVE('',#3944,#3940,#2049,.T.);
#4980=EDGE_CURVE('',#3943,#3944,#2050,.T.);
#4981=EDGE_CURVE('',#3943,#3941,#2051,.T.);
#4982=EDGE_CURVE('',#3942,#3944,#2052,.T.);
#4983=EDGE_CURVE('',#3945,#3946,#2053,.T.);
#4984=EDGE_CURVE('',#3945,#3947,#2054,.T.);
#4985=EDGE_CURVE('',#3948,#3947,#2055,.T.);
#4986=EDGE_CURVE('',#3946,#3948,#2056,.T.);
#4987=EDGE_CURVE('',#3949,#3945,#2057,.T.);
#4988=EDGE_CURVE('',#3949,#3950,#2058,.T.);
#4989=EDGE_CURVE('',#3947,#3950,#2059,.T.);
#4990=EDGE_CURVE('',#3946,#3951,#2060,.T.);
#4991=EDGE_CURVE('',#3952,#3948,#2061,.T.);
#4992=EDGE_CURVE('',#3951,#3952,#2062,.T.);
#4993=EDGE_CURVE('',#3951,#3949,#2063,.T.);
#4994=EDGE_CURVE('',#3950,#3952,#2064,.T.);
#4995=EDGE_CURVE('',#3953,#3954,#2065,.T.);
#4996=EDGE_CURVE('',#3953,#3955,#2066,.T.);
#4997=EDGE_CURVE('',#3956,#3955,#2067,.T.);
#4998=EDGE_CURVE('',#3954,#3956,#2068,.T.);
#4999=EDGE_CURVE('',#3957,#3953,#2069,.T.);
#5000=EDGE_CURVE('',#3957,#3958,#2070,.T.);
#5001=EDGE_CURVE('',#3955,#3958,#2071,.T.);
#5002=EDGE_CURVE('',#3954,#3959,#2072,.T.);
#5003=EDGE_CURVE('',#3960,#3956,#2073,.T.);
#5004=EDGE_CURVE('',#3959,#3960,#2074,.T.);
#5005=EDGE_CURVE('',#3959,#3957,#2075,.T.);
#5006=EDGE_CURVE('',#3958,#3960,#2076,.T.);
#5007=EDGE_CURVE('',#3961,#3962,#2077,.T.);
#5008=EDGE_CURVE('',#3961,#3963,#2078,.T.);
#5009=EDGE_CURVE('',#3964,#3963,#2079,.T.);
#5010=EDGE_CURVE('',#3962,#3964,#2080,.T.);
#5011=EDGE_CURVE('',#3965,#3961,#2081,.T.);
#5012=EDGE_CURVE('',#3965,#3966,#2082,.T.);
#5013=EDGE_CURVE('',#3963,#3966,#2083,.T.);
#5014=EDGE_CURVE('',#3962,#3967,#2084,.T.);
#5015=EDGE_CURVE('',#3968,#3964,#2085,.T.);
#5016=EDGE_CURVE('',#3967,#3968,#2086,.T.);
#5017=EDGE_CURVE('',#3967,#3965,#2087,.T.);
#5018=EDGE_CURVE('',#3966,#3968,#2088,.T.);
#5019=EDGE_CURVE('',#3969,#3970,#2089,.T.);
#5020=EDGE_CURVE('',#3969,#3971,#2090,.T.);
#5021=EDGE_CURVE('',#3972,#3971,#2091,.T.);
#5022=EDGE_CURVE('',#3970,#3972,#2092,.T.);
#5023=EDGE_CURVE('',#3973,#3969,#2093,.T.);
#5024=EDGE_CURVE('',#3973,#3974,#2094,.T.);
#5025=EDGE_CURVE('',#3971,#3974,#2095,.T.);
#5026=EDGE_CURVE('',#3970,#3975,#2096,.T.);
#5027=EDGE_CURVE('',#3976,#3972,#2097,.T.);
#5028=EDGE_CURVE('',#3975,#3976,#2098,.T.);
#5029=EDGE_CURVE('',#3975,#3973,#2099,.T.);
#5030=EDGE_CURVE('',#3974,#3976,#2100,.T.);
#5031=EDGE_CURVE('',#3977,#3978,#2101,.T.);
#5032=EDGE_CURVE('',#3977,#3979,#2102,.T.);
#5033=EDGE_CURVE('',#3980,#3979,#2103,.T.);
#5034=EDGE_CURVE('',#3978,#3980,#2104,.T.);
#5035=EDGE_CURVE('',#3981,#3977,#2105,.T.);
#5036=EDGE_CURVE('',#3981,#3982,#2106,.T.);
#5037=EDGE_CURVE('',#3979,#3982,#2107,.T.);
#5038=EDGE_CURVE('',#3978,#3983,#2108,.T.);
#5039=EDGE_CURVE('',#3984,#3980,#2109,.T.);
#5040=EDGE_CURVE('',#3983,#3984,#2110,.T.);
#5041=EDGE_CURVE('',#3983,#3981,#2111,.T.);
#5042=EDGE_CURVE('',#3982,#3984,#2112,.T.);
#5043=EDGE_CURVE('',#3985,#3986,#2113,.T.);
#5044=EDGE_CURVE('',#3985,#3987,#2114,.T.);
#5045=EDGE_CURVE('',#3988,#3987,#2115,.T.);
#5046=EDGE_CURVE('',#3986,#3988,#2116,.T.);
#5047=EDGE_CURVE('',#3989,#3985,#2117,.T.);
#5048=EDGE_CURVE('',#3989,#3990,#2118,.T.);
#5049=EDGE_CURVE('',#3987,#3990,#2119,.T.);
#5050=EDGE_CURVE('',#3986,#3991,#2120,.T.);
#5051=EDGE_CURVE('',#3992,#3988,#2121,.T.);
#5052=EDGE_CURVE('',#3991,#3992,#2122,.T.);
#5053=EDGE_CURVE('',#3991,#3989,#2123,.T.);
#5054=EDGE_CURVE('',#3990,#3992,#2124,.T.);
#5055=EDGE_CURVE('',#3993,#3994,#2125,.T.);
#5056=EDGE_CURVE('',#3993,#3995,#2126,.T.);
#5057=EDGE_CURVE('',#3996,#3995,#2127,.T.);
#5058=EDGE_CURVE('',#3994,#3996,#2128,.T.);
#5059=EDGE_CURVE('',#3997,#3993,#2129,.T.);
#5060=EDGE_CURVE('',#3997,#3998,#2130,.T.);
#5061=EDGE_CURVE('',#3995,#3998,#2131,.T.);
#5062=EDGE_CURVE('',#3994,#3999,#2132,.T.);
#5063=EDGE_CURVE('',#4000,#3996,#2133,.T.);
#5064=EDGE_CURVE('',#3999,#4000,#2134,.T.);
#5065=EDGE_CURVE('',#3999,#3997,#2135,.T.);
#5066=EDGE_CURVE('',#3998,#4000,#2136,.T.);
#5067=EDGE_CURVE('',#4001,#4002,#2137,.T.);
#5068=EDGE_CURVE('',#4001,#4003,#2138,.T.);
#5069=EDGE_CURVE('',#4004,#4003,#2139,.T.);
#5070=EDGE_CURVE('',#4002,#4004,#2140,.T.);
#5071=EDGE_CURVE('',#4005,#4001,#2141,.T.);
#5072=EDGE_CURVE('',#4005,#4006,#2142,.T.);
#5073=EDGE_CURVE('',#4003,#4006,#2143,.T.);
#5074=EDGE_CURVE('',#4002,#4007,#2144,.T.);
#5075=EDGE_CURVE('',#4008,#4004,#2145,.T.);
#5076=EDGE_CURVE('',#4007,#4008,#2146,.T.);
#5077=EDGE_CURVE('',#4007,#4005,#2147,.T.);
#5078=EDGE_CURVE('',#4006,#4008,#2148,.T.);
#5079=EDGE_CURVE('',#4009,#4010,#2149,.T.);
#5080=EDGE_CURVE('',#4009,#4011,#2150,.T.);
#5081=EDGE_CURVE('',#4012,#4011,#2151,.T.);
#5082=EDGE_CURVE('',#4010,#4012,#2152,.T.);
#5083=EDGE_CURVE('',#4013,#4009,#2153,.T.);
#5084=EDGE_CURVE('',#4013,#4014,#2154,.T.);
#5085=EDGE_CURVE('',#4011,#4014,#2155,.T.);
#5086=EDGE_CURVE('',#4010,#4015,#2156,.T.);
#5087=EDGE_CURVE('',#4016,#4012,#2157,.T.);
#5088=EDGE_CURVE('',#4015,#4016,#2158,.T.);
#5089=EDGE_CURVE('',#4015,#4013,#2159,.T.);
#5090=EDGE_CURVE('',#4014,#4016,#2160,.T.);
#5091=EDGE_CURVE('',#4017,#4018,#2161,.T.);
#5092=EDGE_CURVE('',#4017,#4019,#2162,.T.);
#5093=EDGE_CURVE('',#4020,#4019,#2163,.T.);
#5094=EDGE_CURVE('',#4018,#4020,#2164,.T.);
#5095=EDGE_CURVE('',#4021,#4017,#2165,.T.);
#5096=EDGE_CURVE('',#4021,#4022,#2166,.T.);
#5097=EDGE_CURVE('',#4019,#4022,#2167,.T.);
#5098=EDGE_CURVE('',#4018,#4023,#2168,.T.);
#5099=EDGE_CURVE('',#4024,#4020,#2169,.T.);
#5100=EDGE_CURVE('',#4023,#4024,#2170,.T.);
#5101=EDGE_CURVE('',#4023,#4021,#2171,.T.);
#5102=EDGE_CURVE('',#4022,#4024,#2172,.T.);
#5103=EDGE_CURVE('',#4025,#4026,#2173,.T.);
#5104=EDGE_CURVE('',#4025,#4027,#2174,.T.);
#5105=EDGE_CURVE('',#4028,#4027,#2175,.T.);
#5106=EDGE_CURVE('',#4026,#4028,#2176,.T.);
#5107=EDGE_CURVE('',#4029,#4025,#2177,.T.);
#5108=EDGE_CURVE('',#4029,#4030,#2178,.T.);
#5109=EDGE_CURVE('',#4027,#4030,#2179,.T.);
#5110=EDGE_CURVE('',#4026,#4031,#2180,.T.);
#5111=EDGE_CURVE('',#4032,#4028,#2181,.T.);
#5112=EDGE_CURVE('',#4031,#4032,#2182,.T.);
#5113=EDGE_CURVE('',#4031,#4029,#2183,.T.);
#5114=EDGE_CURVE('',#4030,#4032,#2184,.T.);
#5115=EDGE_CURVE('',#4033,#4034,#2185,.T.);
#5116=EDGE_CURVE('',#4033,#4035,#2186,.T.);
#5117=EDGE_CURVE('',#4036,#4035,#2187,.T.);
#5118=EDGE_CURVE('',#4034,#4036,#2188,.T.);
#5119=EDGE_CURVE('',#4037,#4033,#2189,.T.);
#5120=EDGE_CURVE('',#4037,#4038,#2190,.T.);
#5121=EDGE_CURVE('',#4035,#4038,#2191,.T.);
#5122=EDGE_CURVE('',#4034,#4039,#2192,.T.);
#5123=EDGE_CURVE('',#4040,#4036,#2193,.T.);
#5124=EDGE_CURVE('',#4039,#4040,#2194,.T.);
#5125=EDGE_CURVE('',#4039,#4037,#2195,.T.);
#5126=EDGE_CURVE('',#4038,#4040,#2196,.T.);
#5127=EDGE_CURVE('',#4041,#4042,#2197,.T.);
#5128=EDGE_CURVE('',#4041,#4043,#2198,.T.);
#5129=EDGE_CURVE('',#4044,#4043,#2199,.T.);
#5130=EDGE_CURVE('',#4042,#4044,#2200,.T.);
#5131=EDGE_CURVE('',#4045,#4041,#2201,.T.);
#5132=EDGE_CURVE('',#4045,#4046,#2202,.T.);
#5133=EDGE_CURVE('',#4043,#4046,#2203,.T.);
#5134=EDGE_CURVE('',#4042,#4047,#2204,.T.);
#5135=EDGE_CURVE('',#4048,#4044,#2205,.T.);
#5136=EDGE_CURVE('',#4047,#4048,#2206,.T.);
#5137=EDGE_CURVE('',#4047,#4045,#2207,.T.);
#5138=EDGE_CURVE('',#4046,#4048,#2208,.T.);
#5139=EDGE_CURVE('',#4049,#4050,#2209,.T.);
#5140=EDGE_CURVE('',#4049,#4051,#2210,.T.);
#5141=EDGE_CURVE('',#4052,#4051,#2211,.T.);
#5142=EDGE_CURVE('',#4050,#4052,#2212,.T.);
#5143=EDGE_CURVE('',#4053,#4049,#2213,.T.);
#5144=EDGE_CURVE('',#4053,#4054,#2214,.T.);
#5145=EDGE_CURVE('',#4051,#4054,#2215,.T.);
#5146=EDGE_CURVE('',#4050,#4055,#2216,.T.);
#5147=EDGE_CURVE('',#4056,#4052,#2217,.T.);
#5148=EDGE_CURVE('',#4055,#4056,#2218,.T.);
#5149=EDGE_CURVE('',#4055,#4053,#2219,.T.);
#5150=EDGE_CURVE('',#4054,#4056,#2220,.T.);
#5151=EDGE_CURVE('',#4057,#4058,#2221,.T.);
#5152=EDGE_CURVE('',#4057,#4059,#2222,.T.);
#5153=EDGE_CURVE('',#4060,#4059,#2223,.T.);
#5154=EDGE_CURVE('',#4058,#4060,#2224,.T.);
#5155=EDGE_CURVE('',#4061,#4057,#2225,.T.);
#5156=EDGE_CURVE('',#4061,#4062,#2226,.T.);
#5157=EDGE_CURVE('',#4059,#4062,#2227,.T.);
#5158=EDGE_CURVE('',#4058,#4063,#2228,.T.);
#5159=EDGE_CURVE('',#4064,#4060,#2229,.T.);
#5160=EDGE_CURVE('',#4063,#4064,#2230,.T.);
#5161=EDGE_CURVE('',#4063,#4061,#2231,.T.);
#5162=EDGE_CURVE('',#4062,#4064,#2232,.T.);
#5163=EDGE_CURVE('',#4065,#4066,#2233,.T.);
#5164=EDGE_CURVE('',#4065,#4067,#2234,.T.);
#5165=EDGE_CURVE('',#4068,#4067,#2235,.T.);
#5166=EDGE_CURVE('',#4066,#4068,#2236,.T.);
#5167=EDGE_CURVE('',#4069,#4065,#2237,.T.);
#5168=EDGE_CURVE('',#4069,#4070,#2238,.T.);
#5169=EDGE_CURVE('',#4067,#4070,#2239,.T.);
#5170=EDGE_CURVE('',#4066,#4071,#2240,.T.);
#5171=EDGE_CURVE('',#4072,#4068,#2241,.T.);
#5172=EDGE_CURVE('',#4071,#4072,#2242,.T.);
#5173=EDGE_CURVE('',#4071,#4069,#2243,.T.);
#5174=EDGE_CURVE('',#4070,#4072,#2244,.T.);
#5175=EDGE_CURVE('',#4073,#4074,#2245,.T.);
#5176=EDGE_CURVE('',#4073,#4075,#2246,.T.);
#5177=EDGE_CURVE('',#4076,#4075,#2247,.T.);
#5178=EDGE_CURVE('',#4074,#4076,#2248,.T.);
#5179=EDGE_CURVE('',#4077,#4073,#2249,.T.);
#5180=EDGE_CURVE('',#4077,#4078,#2250,.T.);
#5181=EDGE_CURVE('',#4075,#4078,#2251,.T.);
#5182=EDGE_CURVE('',#4074,#4079,#2252,.T.);
#5183=EDGE_CURVE('',#4080,#4076,#2253,.T.);
#5184=EDGE_CURVE('',#4079,#4080,#2254,.T.);
#5185=EDGE_CURVE('',#4079,#4077,#2255,.T.);
#5186=EDGE_CURVE('',#4078,#4080,#2256,.T.);
#5187=EDGE_CURVE('',#4081,#4082,#2257,.T.);
#5188=EDGE_CURVE('',#4081,#4083,#2258,.T.);
#5189=EDGE_CURVE('',#4084,#4083,#2259,.T.);
#5190=EDGE_CURVE('',#4082,#4084,#2260,.T.);
#5191=EDGE_CURVE('',#4085,#4081,#2261,.T.);
#5192=EDGE_CURVE('',#4085,#4086,#2262,.T.);
#5193=EDGE_CURVE('',#4083,#4086,#2263,.T.);
#5194=EDGE_CURVE('',#4082,#4087,#2264,.T.);
#5195=EDGE_CURVE('',#4088,#4084,#2265,.T.);
#5196=EDGE_CURVE('',#4087,#4088,#2266,.T.);
#5197=EDGE_CURVE('',#4087,#4085,#2267,.T.);
#5198=EDGE_CURVE('',#4086,#4088,#2268,.T.);
#5199=EDGE_CURVE('',#4089,#4090,#2269,.T.);
#5200=EDGE_CURVE('',#4089,#4091,#2270,.T.);
#5201=EDGE_CURVE('',#4092,#4091,#2271,.T.);
#5202=EDGE_CURVE('',#4090,#4092,#2272,.T.);
#5203=EDGE_CURVE('',#4093,#4089,#2273,.T.);
#5204=EDGE_CURVE('',#4093,#4094,#2274,.T.);
#5205=EDGE_CURVE('',#4091,#4094,#2275,.T.);
#5206=EDGE_CURVE('',#4090,#4095,#2276,.T.);
#5207=EDGE_CURVE('',#4096,#4092,#2277,.T.);
#5208=EDGE_CURVE('',#4095,#4096,#2278,.T.);
#5209=EDGE_CURVE('',#4095,#4093,#2279,.T.);
#5210=EDGE_CURVE('',#4094,#4096,#2280,.T.);
#5211=EDGE_CURVE('',#4097,#4098,#2281,.T.);
#5212=EDGE_CURVE('',#4097,#4099,#2282,.T.);
#5213=EDGE_CURVE('',#4100,#4099,#2283,.T.);
#5214=EDGE_CURVE('',#4098,#4100,#2284,.T.);
#5215=EDGE_CURVE('',#4101,#4097,#2285,.T.);
#5216=EDGE_CURVE('',#4101,#4102,#2286,.T.);
#5217=EDGE_CURVE('',#4099,#4102,#2287,.T.);
#5218=EDGE_CURVE('',#4098,#4103,#2288,.T.);
#5219=EDGE_CURVE('',#4104,#4100,#2289,.T.);
#5220=EDGE_CURVE('',#4103,#4104,#2290,.T.);
#5221=EDGE_CURVE('',#4103,#4101,#2291,.T.);
#5222=EDGE_CURVE('',#4102,#4104,#2292,.T.);
#5223=EDGE_CURVE('',#4105,#4106,#2293,.T.);
#5224=EDGE_CURVE('',#4105,#4107,#2294,.T.);
#5225=EDGE_CURVE('',#4108,#4107,#2295,.T.);
#5226=EDGE_CURVE('',#4106,#4108,#2296,.T.);
#5227=EDGE_CURVE('',#4109,#4105,#2297,.T.);
#5228=EDGE_CURVE('',#4109,#4110,#2298,.T.);
#5229=EDGE_CURVE('',#4107,#4110,#2299,.T.);
#5230=EDGE_CURVE('',#4106,#4111,#2300,.T.);
#5231=EDGE_CURVE('',#4112,#4108,#2301,.T.);
#5232=EDGE_CURVE('',#4111,#4112,#2302,.T.);
#5233=EDGE_CURVE('',#4111,#4109,#2303,.T.);
#5234=EDGE_CURVE('',#4110,#4112,#2304,.T.);
#5235=EDGE_CURVE('',#4113,#4114,#2305,.T.);
#5236=EDGE_CURVE('',#4113,#4115,#2306,.T.);
#5237=EDGE_CURVE('',#4116,#4115,#2307,.T.);
#5238=EDGE_CURVE('',#4114,#4116,#2308,.T.);
#5239=EDGE_CURVE('',#4117,#4113,#2309,.T.);
#5240=EDGE_CURVE('',#4117,#4118,#2310,.T.);
#5241=EDGE_CURVE('',#4115,#4118,#2311,.T.);
#5242=EDGE_CURVE('',#4114,#4119,#2312,.T.);
#5243=EDGE_CURVE('',#4120,#4116,#2313,.T.);
#5244=EDGE_CURVE('',#4119,#4120,#2314,.T.);
#5245=EDGE_CURVE('',#4119,#4117,#2315,.T.);
#5246=EDGE_CURVE('',#4118,#4120,#2316,.T.);
#5247=EDGE_CURVE('',#4121,#4122,#2317,.T.);
#5248=EDGE_CURVE('',#4121,#4123,#2318,.T.);
#5249=EDGE_CURVE('',#4124,#4123,#2319,.T.);
#5250=EDGE_CURVE('',#4122,#4124,#2320,.T.);
#5251=EDGE_CURVE('',#4125,#4121,#2321,.T.);
#5252=EDGE_CURVE('',#4125,#4126,#2322,.T.);
#5253=EDGE_CURVE('',#4123,#4126,#2323,.T.);
#5254=EDGE_CURVE('',#4122,#4127,#2324,.T.);
#5255=EDGE_CURVE('',#4128,#4124,#2325,.T.);
#5256=EDGE_CURVE('',#4127,#4128,#2326,.T.);
#5257=EDGE_CURVE('',#4127,#4125,#2327,.T.);
#5258=EDGE_CURVE('',#4126,#4128,#2328,.T.);
#5259=EDGE_CURVE('',#4129,#4130,#2329,.T.);
#5260=EDGE_CURVE('',#4129,#4131,#2330,.T.);
#5261=EDGE_CURVE('',#4132,#4131,#2331,.T.);
#5262=EDGE_CURVE('',#4130,#4132,#2332,.T.);
#5263=EDGE_CURVE('',#4133,#4129,#2333,.T.);
#5264=EDGE_CURVE('',#4133,#4134,#2334,.T.);
#5265=EDGE_CURVE('',#4131,#4134,#2335,.T.);
#5266=EDGE_CURVE('',#4130,#4135,#2336,.T.);
#5267=EDGE_CURVE('',#4136,#4132,#2337,.T.);
#5268=EDGE_CURVE('',#4135,#4136,#2338,.T.);
#5269=EDGE_CURVE('',#4135,#4133,#2339,.T.);
#5270=EDGE_CURVE('',#4134,#4136,#2340,.T.);
#5271=EDGE_CURVE('',#4137,#4138,#2341,.T.);
#5272=EDGE_CURVE('',#4137,#4139,#2342,.T.);
#5273=EDGE_CURVE('',#4140,#4139,#2343,.T.);
#5274=EDGE_CURVE('',#4138,#4140,#2344,.T.);
#5275=EDGE_CURVE('',#4141,#4137,#2345,.T.);
#5276=EDGE_CURVE('',#4141,#4142,#2346,.T.);
#5277=EDGE_CURVE('',#4139,#4142,#2347,.T.);
#5278=EDGE_CURVE('',#4138,#4143,#2348,.T.);
#5279=EDGE_CURVE('',#4144,#4140,#2349,.T.);
#5280=EDGE_CURVE('',#4143,#4144,#2350,.T.);
#5281=EDGE_CURVE('',#4143,#4141,#2351,.T.);
#5282=EDGE_CURVE('',#4142,#4144,#2352,.T.);
#5283=EDGE_CURVE('',#4145,#4146,#2353,.T.);
#5284=EDGE_CURVE('',#4145,#4147,#2354,.T.);
#5285=EDGE_CURVE('',#4148,#4147,#2355,.T.);
#5286=EDGE_CURVE('',#4146,#4148,#2356,.T.);
#5287=EDGE_CURVE('',#4149,#4145,#2357,.T.);
#5288=EDGE_CURVE('',#4149,#4150,#2358,.T.);
#5289=EDGE_CURVE('',#4147,#4150,#2359,.T.);
#5290=EDGE_CURVE('',#4146,#4151,#2360,.T.);
#5291=EDGE_CURVE('',#4152,#4148,#2361,.T.);
#5292=EDGE_CURVE('',#4151,#4152,#2362,.T.);
#5293=EDGE_CURVE('',#4151,#4149,#2363,.T.);
#5294=EDGE_CURVE('',#4150,#4152,#2364,.T.);
#5295=EDGE_CURVE('',#4153,#4154,#2365,.T.);
#5296=EDGE_CURVE('',#4153,#4155,#2366,.T.);
#5297=EDGE_CURVE('',#4156,#4155,#2367,.T.);
#5298=EDGE_CURVE('',#4154,#4156,#2368,.T.);
#5299=EDGE_CURVE('',#4157,#4153,#2369,.T.);
#5300=EDGE_CURVE('',#4157,#4158,#2370,.T.);
#5301=EDGE_CURVE('',#4155,#4158,#2371,.T.);
#5302=EDGE_CURVE('',#4154,#4159,#2372,.T.);
#5303=EDGE_CURVE('',#4160,#4156,#2373,.T.);
#5304=EDGE_CURVE('',#4159,#4160,#2374,.T.);
#5305=EDGE_CURVE('',#4159,#4157,#2375,.T.);
#5306=EDGE_CURVE('',#4158,#4160,#2376,.T.);
#5307=EDGE_CURVE('',#4161,#4162,#2377,.T.);
#5308=EDGE_CURVE('',#4161,#4163,#2378,.T.);
#5309=EDGE_CURVE('',#4164,#4163,#2379,.T.);
#5310=EDGE_CURVE('',#4162,#4164,#2380,.T.);
#5311=EDGE_CURVE('',#4165,#4161,#2381,.T.);
#5312=EDGE_CURVE('',#4165,#4166,#2382,.T.);
#5313=EDGE_CURVE('',#4163,#4166,#2383,.T.);
#5314=EDGE_CURVE('',#4162,#4167,#2384,.T.);
#5315=EDGE_CURVE('',#4168,#4164,#2385,.T.);
#5316=EDGE_CURVE('',#4167,#4168,#2386,.T.);
#5317=EDGE_CURVE('',#4167,#4165,#2387,.T.);
#5318=EDGE_CURVE('',#4166,#4168,#2388,.T.);
#5319=EDGE_CURVE('',#4169,#4170,#2389,.T.);
#5320=EDGE_CURVE('',#4169,#4171,#2390,.T.);
#5321=EDGE_CURVE('',#4172,#4171,#2391,.T.);
#5322=EDGE_CURVE('',#4170,#4172,#2392,.T.);
#5323=EDGE_CURVE('',#4173,#4169,#2393,.T.);
#5324=EDGE_CURVE('',#4173,#4174,#2394,.T.);
#5325=EDGE_CURVE('',#4171,#4174,#2395,.T.);
#5326=EDGE_CURVE('',#4170,#4175,#2396,.T.);
#5327=EDGE_CURVE('',#4176,#4172,#2397,.T.);
#5328=EDGE_CURVE('',#4175,#4176,#2398,.T.);
#5329=EDGE_CURVE('',#4175,#4173,#2399,.T.);
#5330=EDGE_CURVE('',#4174,#4176,#2400,.T.);
#5331=EDGE_CURVE('',#4177,#4178,#2401,.T.);
#5332=EDGE_CURVE('',#4177,#4179,#2402,.T.);
#5333=EDGE_CURVE('',#4180,#4179,#2403,.T.);
#5334=EDGE_CURVE('',#4178,#4180,#2404,.T.);
#5335=EDGE_CURVE('',#4181,#4177,#2405,.T.);
#5336=EDGE_CURVE('',#4181,#4182,#2406,.T.);
#5337=EDGE_CURVE('',#4179,#4182,#2407,.T.);
#5338=EDGE_CURVE('',#4178,#4183,#2408,.T.);
#5339=EDGE_CURVE('',#4184,#4180,#2409,.T.);
#5340=EDGE_CURVE('',#4183,#4184,#2410,.T.);
#5341=EDGE_CURVE('',#4183,#4181,#2411,.T.);
#5342=EDGE_CURVE('',#4182,#4184,#2412,.T.);
#5343=EDGE_CURVE('',#3820,#4185,#2413,.T.);
#5344=EDGE_CURVE('',#4185,#4185,#87,.T.);
#5345=EDGE_CURVE('',#3821,#4186,#2414,.T.);
#5346=EDGE_CURVE('',#4186,#4186,#88,.T.);
#5347=EDGE_CURVE('',#3822,#4187,#2415,.T.);
#5348=EDGE_CURVE('',#4187,#4187,#89,.T.);
#5349=EDGE_CURVE('',#3823,#4188,#2416,.T.);
#5350=EDGE_CURVE('',#4188,#4188,#90,.T.);
#5351=EDGE_CURVE('',#3824,#4189,#2417,.T.);
#5352=EDGE_CURVE('',#4189,#4189,#91,.T.);
#5353=EDGE_CURVE('',#3825,#4190,#2418,.T.);
#5354=EDGE_CURVE('',#4190,#4190,#92,.T.);
#5355=EDGE_CURVE('',#3826,#4191,#2419,.T.);
#5356=EDGE_CURVE('',#4191,#4191,#93,.T.);
#5357=EDGE_CURVE('',#3827,#4192,#2420,.T.);
#5358=EDGE_CURVE('',#4192,#4192,#94,.T.);
#5359=EDGE_CURVE('',#3828,#4193,#2421,.T.);
#5360=EDGE_CURVE('',#4193,#4193,#95,.T.);
#5361=EDGE_CURVE('',#3829,#4194,#2422,.T.);
#5362=EDGE_CURVE('',#4194,#4194,#96,.T.);
#5363=EDGE_CURVE('',#3830,#4195,#2423,.T.);
#5364=EDGE_CURVE('',#4195,#4195,#97,.T.);
#5365=EDGE_CURVE('',#3831,#4196,#2424,.T.);
#5366=EDGE_CURVE('',#4196,#4196,#98,.T.);
#5367=EDGE_CURVE('',#3792,#4197,#2425,.T.);
#5368=EDGE_CURVE('',#4198,#4197,#2426,.T.);
#5369=EDGE_CURVE('',#3793,#4198,#2427,.T.);
#5370=EDGE_CURVE('',#4199,#4198,#2428,.T.);
#5371=EDGE_CURVE('',#3794,#4199,#2429,.T.);
#5372=EDGE_CURVE('',#4200,#4199,#2430,.T.);
#5373=EDGE_CURVE('',#3795,#4200,#2431,.T.);
#5374=EDGE_CURVE('',#4197,#4200,#2432,.T.);
#5375=EDGE_CURVE('',#3796,#4201,#2433,.T.);
#5376=EDGE_CURVE('',#4202,#4201,#2434,.T.);
#5377=EDGE_CURVE('',#3797,#4202,#2435,.T.);
#5378=EDGE_CURVE('',#4203,#4202,#2436,.T.);
#5379=EDGE_CURVE('',#3798,#4203,#2437,.T.);
#5380=EDGE_CURVE('',#4204,#4203,#2438,.T.);
#5381=EDGE_CURVE('',#3799,#4204,#2439,.T.);
#5382=EDGE_CURVE('',#4201,#4204,#2440,.T.);
#5383=EDGE_CURVE('',#3790,#4205,#2441,.T.);
#5384=EDGE_CURVE('',#4206,#4205,#2442,.T.);
#5385=EDGE_CURVE('',#3783,#4206,#2443,.T.);
#5386=EDGE_CURVE('',#4207,#4206,#2444,.T.);
#5387=EDGE_CURVE('',#3784,#4207,#2445,.T.);
#5388=EDGE_CURVE('',#3789,#4208,#2446,.T.);
#5389=EDGE_CURVE('',#4205,#4208,#2447,.T.);
#5390=EDGE_CURVE('',#4208,#4207,#2448,.T.);
#5391=EDGE_CURVE('',#3800,#4209,#2449,.T.);
#5392=EDGE_CURVE('',#4210,#4209,#2450,.T.);
#5393=EDGE_CURVE('',#3801,#4210,#2451,.T.);
#5394=EDGE_CURVE('',#4211,#4210,#2452,.T.);
#5395=EDGE_CURVE('',#3802,#4211,#2453,.T.);
#5396=EDGE_CURVE('',#4212,#4211,#2454,.T.);
#5397=EDGE_CURVE('',#3803,#4212,#2455,.T.);
#5398=EDGE_CURVE('',#4209,#4212,#2456,.T.);
#5399=EDGE_CURVE('',#3804,#4213,#2457,.T.);
#5400=EDGE_CURVE('',#4214,#4213,#2458,.T.);
#5401=EDGE_CURVE('',#3805,#4214,#2459,.T.);
#5402=EDGE_CURVE('',#4215,#4214,#2460,.T.);
#5403=EDGE_CURVE('',#3806,#4215,#2461,.T.);
#5404=EDGE_CURVE('',#4216,#4215,#2462,.T.);
#5405=EDGE_CURVE('',#3807,#4216,#2463,.T.);
#5406=EDGE_CURVE('',#4213,#4216,#2464,.T.);
#5407=EDGE_CURVE('',#3812,#3911,#2465,.T.);
#5408=EDGE_CURVE('',#3813,#3909,#2466,.T.);
#5409=EDGE_CURVE('',#3814,#3907,#2467,.T.);
#5410=EDGE_CURVE('',#3819,#4217,#2468,.T.);
#5411=EDGE_CURVE('',#4217,#4217,#99,.T.);
#5412=EDGE_CURVE('',#3818,#4218,#2469,.T.);
#5413=EDGE_CURVE('',#4218,#4218,#100,.T.);
#5414=EDGE_CURVE('',#3817,#4219,#2470,.T.);
#5415=EDGE_CURVE('',#4219,#4219,#101,.T.);
#5416=EDGE_CURVE('',#3816,#4220,#2471,.T.);
#5417=EDGE_CURVE('',#4220,#4220,#102,.T.);
#5418=EDGE_CURVE('',#4221,#4222,#2472,.T.);
#5419=EDGE_CURVE('',#4222,#3786,#2473,.T.);
#5420=EDGE_CURVE('',#4221,#3785,#2474,.T.);
#5421=EDGE_CURVE('',#4223,#4221,#2475,.T.);
#5422=EDGE_CURVE('',#4223,#3788,#2476,.T.);
#5423=EDGE_CURVE('',#4224,#4223,#2477,.T.);
#5424=EDGE_CURVE('',#4224,#3787,#2478,.T.);
#5425=EDGE_CURVE('',#4222,#4224,#2479,.T.);
#5426=ORIENTED_EDGE('',*,*,#4225,.F.);
#5427=ORIENTED_EDGE('',*,*,#4226,.T.);
#5428=ORIENTED_EDGE('',*,*,#4227,.F.);
#5429=ORIENTED_EDGE('',*,*,#4228,.F.);
#5430=ORIENTED_EDGE('',*,*,#4229,.F.);
#5431=ORIENTED_EDGE('',*,*,#4230,.T.);
#5432=ORIENTED_EDGE('',*,*,#4231,.F.);
#5433=ORIENTED_EDGE('',*,*,#4226,.F.);
#5434=ORIENTED_EDGE('',*,*,#4232,.F.);
#5435=ORIENTED_EDGE('',*,*,#4228,.T.);
#5436=ORIENTED_EDGE('',*,*,#4233,.F.);
#5437=ORIENTED_EDGE('',*,*,#4230,.F.);
#5438=ORIENTED_EDGE('',*,*,#4234,.F.);
#5439=ORIENTED_EDGE('',*,*,#4235,.T.);
#5440=ORIENTED_EDGE('',*,*,#4236,.F.);
#5441=ORIENTED_EDGE('',*,*,#4237,.F.);
#5442=ORIENTED_EDGE('',*,*,#4238,.F.);
#5443=ORIENTED_EDGE('',*,*,#4237,.T.);
#5444=ORIENTED_EDGE('',*,*,#4239,.F.);
#5445=ORIENTED_EDGE('',*,*,#4240,.F.);
#5446=ORIENTED_EDGE('',*,*,#4241,.F.);
#5447=ORIENTED_EDGE('',*,*,#4240,.T.);
#5448=ORIENTED_EDGE('',*,*,#4242,.F.);
#5449=ORIENTED_EDGE('',*,*,#4243,.F.);
#5450=ORIENTED_EDGE('',*,*,#4244,.F.);
#5451=ORIENTED_EDGE('',*,*,#4243,.T.);
#5452=ORIENTED_EDGE('',*,*,#4245,.F.);
#5453=ORIENTED_EDGE('',*,*,#4246,.F.);
#5454=ORIENTED_EDGE('',*,*,#4247,.F.);
#5455=ORIENTED_EDGE('',*,*,#4246,.T.);
#5456=ORIENTED_EDGE('',*,*,#4248,.F.);
#5457=ORIENTED_EDGE('',*,*,#4249,.F.);
#5458=ORIENTED_EDGE('',*,*,#4250,.F.);
#5459=ORIENTED_EDGE('',*,*,#4249,.T.);
#5460=ORIENTED_EDGE('',*,*,#4251,.F.);
#5461=ORIENTED_EDGE('',*,*,#4252,.F.);
#5462=ORIENTED_EDGE('',*,*,#4253,.F.);
#5463=ORIENTED_EDGE('',*,*,#4252,.T.);
#5464=ORIENTED_EDGE('',*,*,#4254,.F.);
#5465=ORIENTED_EDGE('',*,*,#4255,.F.);
#5466=ORIENTED_EDGE('',*,*,#4256,.F.);
#5467=ORIENTED_EDGE('',*,*,#4255,.T.);
#5468=ORIENTED_EDGE('',*,*,#4257,.F.);
#5469=ORIENTED_EDGE('',*,*,#4258,.F.);
#5470=ORIENTED_EDGE('',*,*,#4259,.F.);
#5471=ORIENTED_EDGE('',*,*,#4258,.T.);
#5472=ORIENTED_EDGE('',*,*,#4260,.F.);
#5473=ORIENTED_EDGE('',*,*,#4261,.F.);
#5474=ORIENTED_EDGE('',*,*,#4262,.F.);
#5475=ORIENTED_EDGE('',*,*,#4261,.T.);
#5476=ORIENTED_EDGE('',*,*,#4263,.F.);
#5477=ORIENTED_EDGE('',*,*,#4264,.F.);
#5478=ORIENTED_EDGE('',*,*,#4265,.F.);
#5479=ORIENTED_EDGE('',*,*,#4264,.T.);
#5480=ORIENTED_EDGE('',*,*,#4266,.F.);
#5481=ORIENTED_EDGE('',*,*,#4267,.F.);
#5482=ORIENTED_EDGE('',*,*,#4268,.F.);
#5483=ORIENTED_EDGE('',*,*,#4267,.T.);
#5484=ORIENTED_EDGE('',*,*,#4269,.F.);
#5485=ORIENTED_EDGE('',*,*,#4270,.F.);
#5486=ORIENTED_EDGE('',*,*,#4271,.F.);
#5487=ORIENTED_EDGE('',*,*,#4270,.T.);
#5488=ORIENTED_EDGE('',*,*,#4272,.F.);
#5489=ORIENTED_EDGE('',*,*,#4235,.F.);
#5490=ORIENTED_EDGE('',*,*,#4272,.T.);
#5491=ORIENTED_EDGE('',*,*,#4269,.T.);
#5492=ORIENTED_EDGE('',*,*,#4266,.T.);
#5493=ORIENTED_EDGE('',*,*,#4263,.T.);
#5494=ORIENTED_EDGE('',*,*,#4260,.T.);
#5495=ORIENTED_EDGE('',*,*,#4257,.T.);
#5496=ORIENTED_EDGE('',*,*,#4254,.T.);
#5497=ORIENTED_EDGE('',*,*,#4251,.T.);
#5498=ORIENTED_EDGE('',*,*,#4248,.T.);
#5499=ORIENTED_EDGE('',*,*,#4245,.T.);
#5500=ORIENTED_EDGE('',*,*,#4242,.T.);
#5501=ORIENTED_EDGE('',*,*,#4239,.T.);
#5502=ORIENTED_EDGE('',*,*,#4236,.T.);
#5503=ORIENTED_EDGE('',*,*,#4227,.T.);
#5504=ORIENTED_EDGE('',*,*,#4231,.T.);
#5505=ORIENTED_EDGE('',*,*,#4233,.T.);
#5506=ORIENTED_EDGE('',*,*,#4273,.F.);
#5507=ORIENTED_EDGE('',*,*,#4274,.T.);
#5508=ORIENTED_EDGE('',*,*,#4275,.F.);
#5509=ORIENTED_EDGE('',*,*,#4276,.F.);
#5510=ORIENTED_EDGE('',*,*,#4277,.F.);
#5511=ORIENTED_EDGE('',*,*,#4276,.T.);
#5512=ORIENTED_EDGE('',*,*,#4278,.F.);
#5513=ORIENTED_EDGE('',*,*,#4279,.F.);
#5514=ORIENTED_EDGE('',*,*,#4280,.F.);
#5515=ORIENTED_EDGE('',*,*,#4279,.T.);
#5516=ORIENTED_EDGE('',*,*,#4281,.F.);
#5517=ORIENTED_EDGE('',*,*,#4282,.F.);
#5518=ORIENTED_EDGE('',*,*,#4283,.F.);
#5519=ORIENTED_EDGE('',*,*,#4282,.T.);
#5520=ORIENTED_EDGE('',*,*,#4284,.F.);
#5521=ORIENTED_EDGE('',*,*,#4285,.F.);
#5522=ORIENTED_EDGE('',*,*,#4286,.F.);
#5523=ORIENTED_EDGE('',*,*,#4285,.T.);
#5524=ORIENTED_EDGE('',*,*,#4287,.F.);
#5525=ORIENTED_EDGE('',*,*,#4288,.F.);
#5526=ORIENTED_EDGE('',*,*,#4289,.F.);
#5527=ORIENTED_EDGE('',*,*,#4288,.T.);
#5528=ORIENTED_EDGE('',*,*,#4290,.F.);
#5529=ORIENTED_EDGE('',*,*,#4291,.F.);
#5530=ORIENTED_EDGE('',*,*,#4292,.F.);
#5531=ORIENTED_EDGE('',*,*,#4291,.T.);
#5532=ORIENTED_EDGE('',*,*,#4293,.F.);
#5533=ORIENTED_EDGE('',*,*,#4294,.F.);
#5534=ORIENTED_EDGE('',*,*,#4295,.F.);
#5535=ORIENTED_EDGE('',*,*,#4294,.T.);
#5536=ORIENTED_EDGE('',*,*,#4296,.F.);
#5537=ORIENTED_EDGE('',*,*,#4297,.F.);
#5538=ORIENTED_EDGE('',*,*,#4298,.F.);
#5539=ORIENTED_EDGE('',*,*,#4297,.T.);
#5540=ORIENTED_EDGE('',*,*,#4299,.F.);
#5541=ORIENTED_EDGE('',*,*,#4300,.F.);
#5542=ORIENTED_EDGE('',*,*,#4301,.F.);
#5543=ORIENTED_EDGE('',*,*,#4300,.T.);
#5544=ORIENTED_EDGE('',*,*,#4302,.F.);
#5545=ORIENTED_EDGE('',*,*,#4303,.F.);
#5546=ORIENTED_EDGE('',*,*,#4304,.F.);
#5547=ORIENTED_EDGE('',*,*,#4303,.T.);
#5548=ORIENTED_EDGE('',*,*,#4305,.F.);
#5549=ORIENTED_EDGE('',*,*,#4306,.F.);
#5550=ORIENTED_EDGE('',*,*,#4307,.F.);
#5551=ORIENTED_EDGE('',*,*,#4306,.T.);
#5552=ORIENTED_EDGE('',*,*,#4308,.F.);
#5553=ORIENTED_EDGE('',*,*,#4309,.F.);
#5554=ORIENTED_EDGE('',*,*,#4310,.F.);
#5555=ORIENTED_EDGE('',*,*,#4309,.T.);
#5556=ORIENTED_EDGE('',*,*,#4311,.F.);
#5557=ORIENTED_EDGE('',*,*,#4274,.F.);
#5558=ORIENTED_EDGE('',*,*,#4311,.T.);
#5559=ORIENTED_EDGE('',*,*,#4308,.T.);
#5560=ORIENTED_EDGE('',*,*,#4305,.T.);
#5561=ORIENTED_EDGE('',*,*,#4302,.T.);
#5562=ORIENTED_EDGE('',*,*,#4299,.T.);
#5563=ORIENTED_EDGE('',*,*,#4296,.T.);
#5564=ORIENTED_EDGE('',*,*,#4293,.T.);
#5565=ORIENTED_EDGE('',*,*,#4290,.T.);
#5566=ORIENTED_EDGE('',*,*,#4287,.T.);
#5567=ORIENTED_EDGE('',*,*,#4284,.T.);
#5568=ORIENTED_EDGE('',*,*,#4281,.T.);
#5569=ORIENTED_EDGE('',*,*,#4278,.T.);
#5570=ORIENTED_EDGE('',*,*,#4275,.T.);
#5571=ORIENTED_EDGE('',*,*,#4312,.F.);
#5572=ORIENTED_EDGE('',*,*,#4313,.T.);
#5573=ORIENTED_EDGE('',*,*,#4314,.F.);
#5574=ORIENTED_EDGE('',*,*,#4315,.F.);
#5575=ORIENTED_EDGE('',*,*,#4316,.F.);
#5576=ORIENTED_EDGE('',*,*,#4317,.T.);
#5577=ORIENTED_EDGE('',*,*,#4318,.F.);
#5578=ORIENTED_EDGE('',*,*,#4313,.F.);
#5579=ORIENTED_EDGE('',*,*,#4319,.F.);
#5580=ORIENTED_EDGE('',*,*,#4320,.T.);
#5581=ORIENTED_EDGE('',*,*,#4321,.F.);
#5582=ORIENTED_EDGE('',*,*,#4317,.F.);
#5583=ORIENTED_EDGE('',*,*,#4322,.F.);
#5584=ORIENTED_EDGE('',*,*,#4323,.T.);
#5585=ORIENTED_EDGE('',*,*,#4324,.F.);
#5586=ORIENTED_EDGE('',*,*,#4320,.F.);
#5587=ORIENTED_EDGE('',*,*,#4325,.F.);
#5588=ORIENTED_EDGE('',*,*,#4315,.T.);
#5589=ORIENTED_EDGE('',*,*,#4326,.F.);
#5590=ORIENTED_EDGE('',*,*,#4323,.F.);
#5591=ORIENTED_EDGE('',*,*,#4327,.F.);
#5592=ORIENTED_EDGE('',*,*,#4328,.T.);
#5593=ORIENTED_EDGE('',*,*,#4329,.F.);
#5594=ORIENTED_EDGE('',*,*,#4330,.F.);
#5595=ORIENTED_EDGE('',*,*,#4331,.F.);
#5596=ORIENTED_EDGE('',*,*,#4330,.T.);
#5597=ORIENTED_EDGE('',*,*,#4332,.F.);
#5598=ORIENTED_EDGE('',*,*,#4333,.F.);
#5599=ORIENTED_EDGE('',*,*,#4334,.F.);
#5600=ORIENTED_EDGE('',*,*,#4333,.T.);
#5601=ORIENTED_EDGE('',*,*,#4335,.F.);
#5602=ORIENTED_EDGE('',*,*,#4336,.F.);
#5603=ORIENTED_EDGE('',*,*,#4337,.F.);
#5604=ORIENTED_EDGE('',*,*,#4336,.T.);
#5605=ORIENTED_EDGE('',*,*,#4338,.F.);
#5606=ORIENTED_EDGE('',*,*,#4339,.F.);
#5607=ORIENTED_EDGE('',*,*,#4340,.F.);
#5608=ORIENTED_EDGE('',*,*,#4339,.T.);
#5609=ORIENTED_EDGE('',*,*,#4341,.F.);
#5610=ORIENTED_EDGE('',*,*,#4342,.F.);
#5611=ORIENTED_EDGE('',*,*,#4343,.F.);
#5612=ORIENTED_EDGE('',*,*,#4342,.T.);
#5613=ORIENTED_EDGE('',*,*,#4344,.F.);
#5614=ORIENTED_EDGE('',*,*,#4345,.F.);
#5615=ORIENTED_EDGE('',*,*,#4346,.F.);
#5616=ORIENTED_EDGE('',*,*,#4345,.T.);
#5617=ORIENTED_EDGE('',*,*,#4347,.F.);
#5618=ORIENTED_EDGE('',*,*,#4348,.F.);
#5619=ORIENTED_EDGE('',*,*,#4349,.F.);
#5620=ORIENTED_EDGE('',*,*,#4348,.T.);
#5621=ORIENTED_EDGE('',*,*,#4350,.F.);
#5622=ORIENTED_EDGE('',*,*,#4351,.F.);
#5623=ORIENTED_EDGE('',*,*,#4352,.F.);
#5624=ORIENTED_EDGE('',*,*,#4351,.T.);
#5625=ORIENTED_EDGE('',*,*,#4353,.F.);
#5626=ORIENTED_EDGE('',*,*,#4354,.F.);
#5627=ORIENTED_EDGE('',*,*,#4355,.F.);
#5628=ORIENTED_EDGE('',*,*,#4354,.T.);
#5629=ORIENTED_EDGE('',*,*,#4356,.F.);
#5630=ORIENTED_EDGE('',*,*,#4357,.F.);
#5631=ORIENTED_EDGE('',*,*,#4358,.F.);
#5632=ORIENTED_EDGE('',*,*,#4357,.T.);
#5633=ORIENTED_EDGE('',*,*,#4359,.F.);
#5634=ORIENTED_EDGE('',*,*,#4328,.F.);
#5635=ORIENTED_EDGE('',*,*,#4359,.T.);
#5636=ORIENTED_EDGE('',*,*,#4356,.T.);
#5637=ORIENTED_EDGE('',*,*,#4353,.T.);
#5638=ORIENTED_EDGE('',*,*,#4350,.T.);
#5639=ORIENTED_EDGE('',*,*,#4347,.T.);
#5640=ORIENTED_EDGE('',*,*,#4344,.T.);
#5641=ORIENTED_EDGE('',*,*,#4341,.T.);
#5642=ORIENTED_EDGE('',*,*,#4338,.T.);
#5643=ORIENTED_EDGE('',*,*,#4335,.T.);
#5644=ORIENTED_EDGE('',*,*,#4332,.T.);
#5645=ORIENTED_EDGE('',*,*,#4329,.T.);
#5646=ORIENTED_EDGE('',*,*,#4314,.T.);
#5647=ORIENTED_EDGE('',*,*,#4318,.T.);
#5648=ORIENTED_EDGE('',*,*,#4321,.T.);
#5649=ORIENTED_EDGE('',*,*,#4324,.T.);
#5650=ORIENTED_EDGE('',*,*,#4326,.T.);
#5651=ORIENTED_EDGE('',*,*,#4360,.F.);
#5652=ORIENTED_EDGE('',*,*,#4361,.T.);
#5653=ORIENTED_EDGE('',*,*,#4362,.F.);
#5654=ORIENTED_EDGE('',*,*,#4363,.F.);
#5655=ORIENTED_EDGE('',*,*,#4364,.F.);
#5656=ORIENTED_EDGE('',*,*,#4365,.T.);
#5657=ORIENTED_EDGE('',*,*,#4366,.F.);
#5658=ORIENTED_EDGE('',*,*,#4361,.F.);
#5659=ORIENTED_EDGE('',*,*,#4367,.F.);
#5660=ORIENTED_EDGE('',*,*,#4368,.T.);
#5661=ORIENTED_EDGE('',*,*,#4369,.F.);
#5662=ORIENTED_EDGE('',*,*,#4365,.F.);
#5663=ORIENTED_EDGE('',*,*,#4370,.F.);
#5664=ORIENTED_EDGE('',*,*,#4371,.T.);
#5665=ORIENTED_EDGE('',*,*,#4372,.F.);
#5666=ORIENTED_EDGE('',*,*,#4368,.F.);
#5667=ORIENTED_EDGE('',*,*,#4373,.F.);
#5668=ORIENTED_EDGE('',*,*,#4374,.T.);
#5669=ORIENTED_EDGE('',*,*,#4375,.F.);
#5670=ORIENTED_EDGE('',*,*,#4371,.F.);
#5671=ORIENTED_EDGE('',*,*,#4376,.F.);
#5672=ORIENTED_EDGE('',*,*,#4377,.T.);
#5673=ORIENTED_EDGE('',*,*,#4378,.F.);
#5674=ORIENTED_EDGE('',*,*,#4374,.F.);
#5675=ORIENTED_EDGE('',*,*,#4379,.F.);
#5676=ORIENTED_EDGE('',*,*,#4380,.T.);
#5677=ORIENTED_EDGE('',*,*,#4381,.F.);
#5678=ORIENTED_EDGE('',*,*,#4377,.F.);
#5679=ORIENTED_EDGE('',*,*,#4382,.F.);
#5680=ORIENTED_EDGE('',*,*,#4363,.T.);
#5681=ORIENTED_EDGE('',*,*,#4383,.F.);
#5682=ORIENTED_EDGE('',*,*,#4380,.F.);
#5683=ORIENTED_EDGE('',*,*,#4384,.F.);
#5684=ORIENTED_EDGE('',*,*,#4385,.T.);
#5685=ORIENTED_EDGE('',*,*,#4386,.F.);
#5686=ORIENTED_EDGE('',*,*,#4387,.F.);
#5687=ORIENTED_EDGE('',*,*,#4388,.F.);
#5688=ORIENTED_EDGE('',*,*,#4387,.T.);
#5689=ORIENTED_EDGE('',*,*,#4389,.F.);
#5690=ORIENTED_EDGE('',*,*,#4390,.F.);
#5691=ORIENTED_EDGE('',*,*,#4391,.F.);
#5692=ORIENTED_EDGE('',*,*,#4390,.T.);
#5693=ORIENTED_EDGE('',*,*,#4392,.F.);
#5694=ORIENTED_EDGE('',*,*,#4393,.F.);
#5695=ORIENTED_EDGE('',*,*,#4394,.F.);
#5696=ORIENTED_EDGE('',*,*,#4393,.T.);
#5697=ORIENTED_EDGE('',*,*,#4395,.F.);
#5698=ORIENTED_EDGE('',*,*,#4385,.F.);
#5699=ORIENTED_EDGE('',*,*,#4395,.T.);
#5700=ORIENTED_EDGE('',*,*,#4392,.T.);
#5701=ORIENTED_EDGE('',*,*,#4389,.T.);
#5702=ORIENTED_EDGE('',*,*,#4386,.T.);
#5703=ORIENTED_EDGE('',*,*,#4362,.T.);
#5704=ORIENTED_EDGE('',*,*,#4366,.T.);
#5705=ORIENTED_EDGE('',*,*,#4369,.T.);
#5706=ORIENTED_EDGE('',*,*,#4372,.T.);
#5707=ORIENTED_EDGE('',*,*,#4375,.T.);
#5708=ORIENTED_EDGE('',*,*,#4378,.T.);
#5709=ORIENTED_EDGE('',*,*,#4381,.T.);
#5710=ORIENTED_EDGE('',*,*,#4383,.T.);
#5711=ORIENTED_EDGE('',*,*,#4396,.F.);
#5712=ORIENTED_EDGE('',*,*,#4397,.T.);
#5713=ORIENTED_EDGE('',*,*,#4398,.F.);
#5714=ORIENTED_EDGE('',*,*,#4399,.F.);
#5715=ORIENTED_EDGE('',*,*,#4400,.F.);
#5716=ORIENTED_EDGE('',*,*,#4399,.T.);
#5717=ORIENTED_EDGE('',*,*,#4401,.F.);
#5718=ORIENTED_EDGE('',*,*,#4402,.F.);
#5719=ORIENTED_EDGE('',*,*,#4403,.F.);
#5720=ORIENTED_EDGE('',*,*,#4402,.T.);
#5721=ORIENTED_EDGE('',*,*,#4404,.F.);
#5722=ORIENTED_EDGE('',*,*,#4405,.F.);
#5723=ORIENTED_EDGE('',*,*,#4406,.F.);
#5724=ORIENTED_EDGE('',*,*,#4405,.T.);
#5725=ORIENTED_EDGE('',*,*,#4407,.F.);
#5726=ORIENTED_EDGE('',*,*,#4408,.F.);
#5727=ORIENTED_EDGE('',*,*,#4409,.F.);
#5728=ORIENTED_EDGE('',*,*,#4408,.T.);
#5729=ORIENTED_EDGE('',*,*,#4410,.F.);
#5730=ORIENTED_EDGE('',*,*,#4411,.F.);
#5731=ORIENTED_EDGE('',*,*,#4412,.F.);
#5732=ORIENTED_EDGE('',*,*,#4411,.T.);
#5733=ORIENTED_EDGE('',*,*,#4413,.F.);
#5734=ORIENTED_EDGE('',*,*,#4414,.F.);
#5735=ORIENTED_EDGE('',*,*,#4415,.F.);
#5736=ORIENTED_EDGE('',*,*,#4414,.T.);
#5737=ORIENTED_EDGE('',*,*,#4416,.F.);
#5738=ORIENTED_EDGE('',*,*,#4417,.F.);
#5739=ORIENTED_EDGE('',*,*,#4418,.F.);
#5740=ORIENTED_EDGE('',*,*,#4417,.T.);
#5741=ORIENTED_EDGE('',*,*,#4419,.F.);
#5742=ORIENTED_EDGE('',*,*,#4420,.F.);
#5743=ORIENTED_EDGE('',*,*,#4421,.F.);
#5744=ORIENTED_EDGE('',*,*,#4420,.T.);
#5745=ORIENTED_EDGE('',*,*,#4422,.F.);
#5746=ORIENTED_EDGE('',*,*,#4423,.F.);
#5747=ORIENTED_EDGE('',*,*,#4424,.F.);
#5748=ORIENTED_EDGE('',*,*,#4423,.T.);
#5749=ORIENTED_EDGE('',*,*,#4425,.F.);
#5750=ORIENTED_EDGE('',*,*,#4426,.F.);
#5751=ORIENTED_EDGE('',*,*,#4427,.F.);
#5752=ORIENTED_EDGE('',*,*,#4426,.T.);
#5753=ORIENTED_EDGE('',*,*,#4428,.F.);
#5754=ORIENTED_EDGE('',*,*,#4429,.F.);
#5755=ORIENTED_EDGE('',*,*,#4430,.F.);
#5756=ORIENTED_EDGE('',*,*,#4429,.T.);
#5757=ORIENTED_EDGE('',*,*,#4431,.F.);
#5758=ORIENTED_EDGE('',*,*,#4432,.F.);
#5759=ORIENTED_EDGE('',*,*,#4433,.F.);
#5760=ORIENTED_EDGE('',*,*,#4432,.T.);
#5761=ORIENTED_EDGE('',*,*,#4434,.F.);
#5762=ORIENTED_EDGE('',*,*,#4435,.F.);
#5763=ORIENTED_EDGE('',*,*,#4436,.F.);
#5764=ORIENTED_EDGE('',*,*,#4435,.T.);
#5765=ORIENTED_EDGE('',*,*,#4437,.F.);
#5766=ORIENTED_EDGE('',*,*,#4438,.F.);
#5767=ORIENTED_EDGE('',*,*,#4439,.F.);
#5768=ORIENTED_EDGE('',*,*,#4438,.T.);
#5769=ORIENTED_EDGE('',*,*,#4440,.F.);
#5770=ORIENTED_EDGE('',*,*,#4397,.F.);
#5771=ORIENTED_EDGE('',*,*,#4440,.T.);
#5772=ORIENTED_EDGE('',*,*,#4437,.T.);
#5773=ORIENTED_EDGE('',*,*,#4434,.T.);
#5774=ORIENTED_EDGE('',*,*,#4431,.T.);
#5775=ORIENTED_EDGE('',*,*,#4428,.T.);
#5776=ORIENTED_EDGE('',*,*,#4425,.T.);
#5777=ORIENTED_EDGE('',*,*,#4422,.T.);
#5778=ORIENTED_EDGE('',*,*,#4419,.T.);
#5779=ORIENTED_EDGE('',*,*,#4416,.T.);
#5780=ORIENTED_EDGE('',*,*,#4413,.T.);
#5781=ORIENTED_EDGE('',*,*,#4410,.T.);
#5782=ORIENTED_EDGE('',*,*,#4407,.T.);
#5783=ORIENTED_EDGE('',*,*,#4404,.T.);
#5784=ORIENTED_EDGE('',*,*,#4401,.T.);
#5785=ORIENTED_EDGE('',*,*,#4398,.T.);
#5786=ORIENTED_EDGE('',*,*,#4441,.F.);
#5787=ORIENTED_EDGE('',*,*,#4442,.T.);
#5788=ORIENTED_EDGE('',*,*,#4443,.F.);
#5789=ORIENTED_EDGE('',*,*,#4444,.F.);
#5790=ORIENTED_EDGE('',*,*,#4445,.F.);
#5791=ORIENTED_EDGE('',*,*,#4444,.T.);
#5792=ORIENTED_EDGE('',*,*,#4446,.F.);
#5793=ORIENTED_EDGE('',*,*,#4447,.F.);
#5794=ORIENTED_EDGE('',*,*,#4448,.F.);
#5795=ORIENTED_EDGE('',*,*,#4447,.T.);
#5796=ORIENTED_EDGE('',*,*,#4449,.F.);
#5797=ORIENTED_EDGE('',*,*,#4450,.F.);
#5798=ORIENTED_EDGE('',*,*,#4451,.F.);
#5799=ORIENTED_EDGE('',*,*,#4450,.T.);
#5800=ORIENTED_EDGE('',*,*,#4452,.F.);
#5801=ORIENTED_EDGE('',*,*,#4453,.F.);
#5802=ORIENTED_EDGE('',*,*,#4454,.F.);
#5803=ORIENTED_EDGE('',*,*,#4453,.T.);
#5804=ORIENTED_EDGE('',*,*,#4455,.F.);
#5805=ORIENTED_EDGE('',*,*,#4456,.F.);
#5806=ORIENTED_EDGE('',*,*,#4457,.F.);
#5807=ORIENTED_EDGE('',*,*,#4456,.T.);
#5808=ORIENTED_EDGE('',*,*,#4458,.F.);
#5809=ORIENTED_EDGE('',*,*,#4459,.F.);
#5810=ORIENTED_EDGE('',*,*,#4460,.F.);
#5811=ORIENTED_EDGE('',*,*,#4459,.T.);
#5812=ORIENTED_EDGE('',*,*,#4461,.F.);
#5813=ORIENTED_EDGE('',*,*,#4462,.F.);
#5814=ORIENTED_EDGE('',*,*,#4463,.F.);
#5815=ORIENTED_EDGE('',*,*,#4462,.T.);
#5816=ORIENTED_EDGE('',*,*,#4464,.F.);
#5817=ORIENTED_EDGE('',*,*,#4465,.F.);
#5818=ORIENTED_EDGE('',*,*,#4466,.F.);
#5819=ORIENTED_EDGE('',*,*,#4465,.T.);
#5820=ORIENTED_EDGE('',*,*,#4467,.F.);
#5821=ORIENTED_EDGE('',*,*,#4468,.F.);
#5822=ORIENTED_EDGE('',*,*,#4469,.F.);
#5823=ORIENTED_EDGE('',*,*,#4468,.T.);
#5824=ORIENTED_EDGE('',*,*,#4470,.F.);
#5825=ORIENTED_EDGE('',*,*,#4471,.F.);
#5826=ORIENTED_EDGE('',*,*,#4472,.F.);
#5827=ORIENTED_EDGE('',*,*,#4471,.T.);
#5828=ORIENTED_EDGE('',*,*,#4473,.F.);
#5829=ORIENTED_EDGE('',*,*,#4474,.F.);
#5830=ORIENTED_EDGE('',*,*,#4475,.F.);
#5831=ORIENTED_EDGE('',*,*,#4474,.T.);
#5832=ORIENTED_EDGE('',*,*,#4476,.F.);
#5833=ORIENTED_EDGE('',*,*,#4477,.F.);
#5834=ORIENTED_EDGE('',*,*,#4478,.F.);
#5835=ORIENTED_EDGE('',*,*,#4477,.T.);
#5836=ORIENTED_EDGE('',*,*,#4479,.F.);
#5837=ORIENTED_EDGE('',*,*,#4480,.F.);
#5838=ORIENTED_EDGE('',*,*,#4481,.F.);
#5839=ORIENTED_EDGE('',*,*,#4480,.T.);
#5840=ORIENTED_EDGE('',*,*,#4482,.F.);
#5841=ORIENTED_EDGE('',*,*,#4483,.F.);
#5842=ORIENTED_EDGE('',*,*,#4484,.F.);
#5843=ORIENTED_EDGE('',*,*,#4483,.T.);
#5844=ORIENTED_EDGE('',*,*,#4485,.F.);
#5845=ORIENTED_EDGE('',*,*,#4486,.F.);
#5846=ORIENTED_EDGE('',*,*,#4487,.F.);
#5847=ORIENTED_EDGE('',*,*,#4486,.T.);
#5848=ORIENTED_EDGE('',*,*,#4488,.F.);
#5849=ORIENTED_EDGE('',*,*,#4489,.F.);
#5850=ORIENTED_EDGE('',*,*,#4490,.F.);
#5851=ORIENTED_EDGE('',*,*,#4489,.T.);
#5852=ORIENTED_EDGE('',*,*,#4491,.F.);
#5853=ORIENTED_EDGE('',*,*,#4492,.F.);
#5854=ORIENTED_EDGE('',*,*,#4493,.F.);
#5855=ORIENTED_EDGE('',*,*,#4492,.T.);
#5856=ORIENTED_EDGE('',*,*,#4494,.F.);
#5857=ORIENTED_EDGE('',*,*,#4495,.F.);
#5858=ORIENTED_EDGE('',*,*,#4496,.F.);
#5859=ORIENTED_EDGE('',*,*,#4495,.T.);
#5860=ORIENTED_EDGE('',*,*,#4497,.F.);
#5861=ORIENTED_EDGE('',*,*,#4498,.F.);
#5862=ORIENTED_EDGE('',*,*,#4499,.F.);
#5863=ORIENTED_EDGE('',*,*,#4498,.T.);
#5864=ORIENTED_EDGE('',*,*,#4500,.F.);
#5865=ORIENTED_EDGE('',*,*,#4501,.F.);
#5866=ORIENTED_EDGE('',*,*,#4502,.F.);
#5867=ORIENTED_EDGE('',*,*,#4501,.T.);
#5868=ORIENTED_EDGE('',*,*,#4503,.F.);
#5869=ORIENTED_EDGE('',*,*,#4442,.F.);
#5870=ORIENTED_EDGE('',*,*,#4503,.T.);
#5871=ORIENTED_EDGE('',*,*,#4500,.T.);
#5872=ORIENTED_EDGE('',*,*,#4497,.T.);
#5873=ORIENTED_EDGE('',*,*,#4494,.T.);
#5874=ORIENTED_EDGE('',*,*,#4491,.T.);
#5875=ORIENTED_EDGE('',*,*,#4488,.T.);
#5876=ORIENTED_EDGE('',*,*,#4485,.T.);
#5877=ORIENTED_EDGE('',*,*,#4482,.T.);
#5878=ORIENTED_EDGE('',*,*,#4479,.T.);
#5879=ORIENTED_EDGE('',*,*,#4476,.T.);
#5880=ORIENTED_EDGE('',*,*,#4473,.T.);
#5881=ORIENTED_EDGE('',*,*,#4470,.T.);
#5882=ORIENTED_EDGE('',*,*,#4467,.T.);
#5883=ORIENTED_EDGE('',*,*,#4464,.T.);
#5884=ORIENTED_EDGE('',*,*,#4461,.T.);
#5885=ORIENTED_EDGE('',*,*,#4458,.T.);
#5886=ORIENTED_EDGE('',*,*,#4455,.T.);
#5887=ORIENTED_EDGE('',*,*,#4452,.T.);
#5888=ORIENTED_EDGE('',*,*,#4449,.T.);
#5889=ORIENTED_EDGE('',*,*,#4446,.T.);
#5890=ORIENTED_EDGE('',*,*,#4443,.T.);
#5891=ORIENTED_EDGE('',*,*,#4504,.F.);
#5892=ORIENTED_EDGE('',*,*,#4505,.T.);
#5893=ORIENTED_EDGE('',*,*,#4506,.F.);
#5894=ORIENTED_EDGE('',*,*,#4507,.F.);
#5895=ORIENTED_EDGE('',*,*,#4508,.F.);
#5896=ORIENTED_EDGE('',*,*,#4507,.T.);
#5897=ORIENTED_EDGE('',*,*,#4509,.F.);
#5898=ORIENTED_EDGE('',*,*,#4510,.F.);
#5899=ORIENTED_EDGE('',*,*,#4511,.F.);
#5900=ORIENTED_EDGE('',*,*,#4510,.T.);
#5901=ORIENTED_EDGE('',*,*,#4512,.F.);
#5902=ORIENTED_EDGE('',*,*,#4513,.F.);
#5903=ORIENTED_EDGE('',*,*,#4514,.F.);
#5904=ORIENTED_EDGE('',*,*,#4513,.T.);
#5905=ORIENTED_EDGE('',*,*,#4515,.F.);
#5906=ORIENTED_EDGE('',*,*,#4505,.F.);
#5907=ORIENTED_EDGE('',*,*,#4515,.T.);
#5908=ORIENTED_EDGE('',*,*,#4512,.T.);
#5909=ORIENTED_EDGE('',*,*,#4509,.T.);
#5910=ORIENTED_EDGE('',*,*,#4506,.T.);
#5911=ORIENTED_EDGE('',*,*,#4516,.F.);
#5912=ORIENTED_EDGE('',*,*,#4517,.T.);
#5913=ORIENTED_EDGE('',*,*,#4518,.F.);
#5914=ORIENTED_EDGE('',*,*,#4519,.F.);
#5915=ORIENTED_EDGE('',*,*,#4520,.F.);
#5916=ORIENTED_EDGE('',*,*,#4519,.T.);
#5917=ORIENTED_EDGE('',*,*,#4521,.F.);
#5918=ORIENTED_EDGE('',*,*,#4522,.F.);
#5919=ORIENTED_EDGE('',*,*,#4523,.F.);
#5920=ORIENTED_EDGE('',*,*,#4522,.T.);
#5921=ORIENTED_EDGE('',*,*,#4524,.F.);
#5922=ORIENTED_EDGE('',*,*,#4525,.F.);
#5923=ORIENTED_EDGE('',*,*,#4526,.F.);
#5924=ORIENTED_EDGE('',*,*,#4525,.T.);
#5925=ORIENTED_EDGE('',*,*,#4527,.F.);
#5926=ORIENTED_EDGE('',*,*,#4517,.F.);
#5927=ORIENTED_EDGE('',*,*,#4528,.F.);
#5928=ORIENTED_EDGE('',*,*,#4529,.T.);
#5929=ORIENTED_EDGE('',*,*,#4530,.F.);
#5930=ORIENTED_EDGE('',*,*,#4531,.F.);
#5931=ORIENTED_EDGE('',*,*,#4532,.F.);
#5932=ORIENTED_EDGE('',*,*,#4531,.T.);
#5933=ORIENTED_EDGE('',*,*,#4533,.F.);
#5934=ORIENTED_EDGE('',*,*,#4534,.F.);
#5935=ORIENTED_EDGE('',*,*,#4535,.F.);
#5936=ORIENTED_EDGE('',*,*,#4534,.T.);
#5937=ORIENTED_EDGE('',*,*,#4536,.F.);
#5938=ORIENTED_EDGE('',*,*,#4537,.F.);
#5939=ORIENTED_EDGE('',*,*,#4538,.F.);
#5940=ORIENTED_EDGE('',*,*,#4537,.T.);
#5941=ORIENTED_EDGE('',*,*,#4539,.F.);
#5942=ORIENTED_EDGE('',*,*,#4529,.F.);
#5943=ORIENTED_EDGE('',*,*,#4539,.T.);
#5944=ORIENTED_EDGE('',*,*,#4536,.T.);
#5945=ORIENTED_EDGE('',*,*,#4533,.T.);
#5946=ORIENTED_EDGE('',*,*,#4530,.T.);
#5947=ORIENTED_EDGE('',*,*,#4527,.T.);
#5948=ORIENTED_EDGE('',*,*,#4524,.T.);
#5949=ORIENTED_EDGE('',*,*,#4521,.T.);
#5950=ORIENTED_EDGE('',*,*,#4518,.T.);
#5951=ORIENTED_EDGE('',*,*,#4540,.F.);
#5952=ORIENTED_EDGE('',*,*,#4541,.T.);
#5953=ORIENTED_EDGE('',*,*,#4542,.F.);
#5954=ORIENTED_EDGE('',*,*,#4543,.F.);
#5955=ORIENTED_EDGE('',*,*,#4544,.F.);
#5956=ORIENTED_EDGE('',*,*,#4545,.T.);
#5957=ORIENTED_EDGE('',*,*,#4546,.F.);
#5958=ORIENTED_EDGE('',*,*,#4541,.F.);
#5959=ORIENTED_EDGE('',*,*,#4547,.F.);
#5960=ORIENTED_EDGE('',*,*,#4548,.T.);
#5961=ORIENTED_EDGE('',*,*,#4549,.F.);
#5962=ORIENTED_EDGE('',*,*,#4545,.F.);
#5963=ORIENTED_EDGE('',*,*,#4550,.F.);
#5964=ORIENTED_EDGE('',*,*,#4551,.T.);
#5965=ORIENTED_EDGE('',*,*,#4552,.F.);
#5966=ORIENTED_EDGE('',*,*,#4548,.F.);
#5967=ORIENTED_EDGE('',*,*,#4553,.F.);
#5968=ORIENTED_EDGE('',*,*,#4554,.T.);
#5969=ORIENTED_EDGE('',*,*,#4555,.F.);
#5970=ORIENTED_EDGE('',*,*,#4551,.F.);
#5971=ORIENTED_EDGE('',*,*,#4556,.F.);
#5972=ORIENTED_EDGE('',*,*,#4557,.T.);
#5973=ORIENTED_EDGE('',*,*,#4558,.F.);
#5974=ORIENTED_EDGE('',*,*,#4554,.F.);
#5975=ORIENTED_EDGE('',*,*,#4559,.F.);
#5976=ORIENTED_EDGE('',*,*,#4560,.T.);
#5977=ORIENTED_EDGE('',*,*,#4561,.F.);
#5978=ORIENTED_EDGE('',*,*,#4557,.F.);
#5979=ORIENTED_EDGE('',*,*,#4562,.F.);
#5980=ORIENTED_EDGE('',*,*,#4543,.T.);
#5981=ORIENTED_EDGE('',*,*,#4563,.F.);
#5982=ORIENTED_EDGE('',*,*,#4560,.F.);
#5983=ORIENTED_EDGE('',*,*,#4564,.F.);
#5984=ORIENTED_EDGE('',*,*,#4565,.T.);
#5985=ORIENTED_EDGE('',*,*,#4566,.F.);
#5986=ORIENTED_EDGE('',*,*,#4567,.F.);
#5987=ORIENTED_EDGE('',*,*,#4568,.F.);
#5988=ORIENTED_EDGE('',*,*,#4567,.T.);
#5989=ORIENTED_EDGE('',*,*,#4569,.F.);
#5990=ORIENTED_EDGE('',*,*,#4570,.F.);
#5991=ORIENTED_EDGE('',*,*,#4571,.F.);
#5992=ORIENTED_EDGE('',*,*,#4570,.T.);
#5993=ORIENTED_EDGE('',*,*,#4572,.F.);
#5994=ORIENTED_EDGE('',*,*,#4573,.F.);
#5995=ORIENTED_EDGE('',*,*,#4574,.F.);
#5996=ORIENTED_EDGE('',*,*,#4573,.T.);
#5997=ORIENTED_EDGE('',*,*,#4575,.F.);
#5998=ORIENTED_EDGE('',*,*,#4576,.F.);
#5999=ORIENTED_EDGE('',*,*,#4577,.F.);
#6000=ORIENTED_EDGE('',*,*,#4576,.T.);
#6001=ORIENTED_EDGE('',*,*,#4578,.F.);
#6002=ORIENTED_EDGE('',*,*,#4579,.F.);
#6003=ORIENTED_EDGE('',*,*,#4580,.F.);
#6004=ORIENTED_EDGE('',*,*,#4579,.T.);
#6005=ORIENTED_EDGE('',*,*,#4581,.F.);
#6006=ORIENTED_EDGE('',*,*,#4582,.F.);
#6007=ORIENTED_EDGE('',*,*,#4583,.F.);
#6008=ORIENTED_EDGE('',*,*,#4582,.T.);
#6009=ORIENTED_EDGE('',*,*,#4584,.F.);
#6010=ORIENTED_EDGE('',*,*,#4585,.F.);
#6011=ORIENTED_EDGE('',*,*,#4586,.F.);
#6012=ORIENTED_EDGE('',*,*,#4585,.T.);
#6013=ORIENTED_EDGE('',*,*,#4587,.F.);
#6014=ORIENTED_EDGE('',*,*,#4588,.F.);
#6015=ORIENTED_EDGE('',*,*,#4589,.F.);
#6016=ORIENTED_EDGE('',*,*,#4588,.T.);
#6017=ORIENTED_EDGE('',*,*,#4590,.F.);
#6018=ORIENTED_EDGE('',*,*,#4591,.F.);
#6019=ORIENTED_EDGE('',*,*,#4592,.F.);
#6020=ORIENTED_EDGE('',*,*,#4591,.T.);
#6021=ORIENTED_EDGE('',*,*,#4593,.F.);
#6022=ORIENTED_EDGE('',*,*,#4565,.F.);
#6023=ORIENTED_EDGE('',*,*,#4593,.T.);
#6024=ORIENTED_EDGE('',*,*,#4590,.T.);
#6025=ORIENTED_EDGE('',*,*,#4587,.T.);
#6026=ORIENTED_EDGE('',*,*,#4584,.T.);
#6027=ORIENTED_EDGE('',*,*,#4581,.T.);
#6028=ORIENTED_EDGE('',*,*,#4578,.T.);
#6029=ORIENTED_EDGE('',*,*,#4575,.T.);
#6030=ORIENTED_EDGE('',*,*,#4572,.T.);
#6031=ORIENTED_EDGE('',*,*,#4569,.T.);
#6032=ORIENTED_EDGE('',*,*,#4566,.T.);
#6033=ORIENTED_EDGE('',*,*,#4542,.T.);
#6034=ORIENTED_EDGE('',*,*,#4546,.T.);
#6035=ORIENTED_EDGE('',*,*,#4549,.T.);
#6036=ORIENTED_EDGE('',*,*,#4552,.T.);
#6037=ORIENTED_EDGE('',*,*,#4555,.T.);
#6038=ORIENTED_EDGE('',*,*,#4558,.T.);
#6039=ORIENTED_EDGE('',*,*,#4561,.T.);
#6040=ORIENTED_EDGE('',*,*,#4563,.T.);
#6041=ORIENTED_EDGE('',*,*,#4594,.F.);
#6042=ORIENTED_EDGE('',*,*,#4595,.T.);
#6043=ORIENTED_EDGE('',*,*,#4596,.F.);
#6044=ORIENTED_EDGE('',*,*,#4597,.F.);
#6045=ORIENTED_EDGE('',*,*,#4598,.F.);
#6046=ORIENTED_EDGE('',*,*,#4597,.T.);
#6047=ORIENTED_EDGE('',*,*,#4599,.F.);
#6048=ORIENTED_EDGE('',*,*,#4600,.F.);
#6049=ORIENTED_EDGE('',*,*,#4601,.F.);
#6050=ORIENTED_EDGE('',*,*,#4600,.T.);
#6051=ORIENTED_EDGE('',*,*,#4602,.F.);
#6052=ORIENTED_EDGE('',*,*,#4603,.F.);
#6053=ORIENTED_EDGE('',*,*,#4604,.F.);
#6054=ORIENTED_EDGE('',*,*,#4603,.T.);
#6055=ORIENTED_EDGE('',*,*,#4605,.F.);
#6056=ORIENTED_EDGE('',*,*,#4606,.F.);
#6057=ORIENTED_EDGE('',*,*,#4607,.F.);
#6058=ORIENTED_EDGE('',*,*,#4606,.T.);
#6059=ORIENTED_EDGE('',*,*,#4608,.F.);
#6060=ORIENTED_EDGE('',*,*,#4609,.F.);
#6061=ORIENTED_EDGE('',*,*,#4610,.F.);
#6062=ORIENTED_EDGE('',*,*,#4609,.T.);
#6063=ORIENTED_EDGE('',*,*,#4611,.F.);
#6064=ORIENTED_EDGE('',*,*,#4612,.F.);
#6065=ORIENTED_EDGE('',*,*,#4613,.F.);
#6066=ORIENTED_EDGE('',*,*,#4612,.T.);
#6067=ORIENTED_EDGE('',*,*,#4614,.F.);
#6068=ORIENTED_EDGE('',*,*,#4615,.F.);
#6069=ORIENTED_EDGE('',*,*,#4616,.F.);
#6070=ORIENTED_EDGE('',*,*,#4615,.T.);
#6071=ORIENTED_EDGE('',*,*,#4617,.F.);
#6072=ORIENTED_EDGE('',*,*,#4618,.F.);
#6073=ORIENTED_EDGE('',*,*,#4619,.F.);
#6074=ORIENTED_EDGE('',*,*,#4618,.T.);
#6075=ORIENTED_EDGE('',*,*,#4620,.F.);
#6076=ORIENTED_EDGE('',*,*,#4621,.F.);
#6077=ORIENTED_EDGE('',*,*,#4622,.F.);
#6078=ORIENTED_EDGE('',*,*,#4621,.T.);
#6079=ORIENTED_EDGE('',*,*,#4623,.F.);
#6080=ORIENTED_EDGE('',*,*,#4595,.F.);
#6081=ORIENTED_EDGE('',*,*,#4623,.T.);
#6082=ORIENTED_EDGE('',*,*,#4620,.T.);
#6083=ORIENTED_EDGE('',*,*,#4617,.T.);
#6084=ORIENTED_EDGE('',*,*,#4614,.T.);
#6085=ORIENTED_EDGE('',*,*,#4611,.T.);
#6086=ORIENTED_EDGE('',*,*,#4608,.T.);
#6087=ORIENTED_EDGE('',*,*,#4605,.T.);
#6088=ORIENTED_EDGE('',*,*,#4602,.T.);
#6089=ORIENTED_EDGE('',*,*,#4599,.T.);
#6090=ORIENTED_EDGE('',*,*,#4596,.T.);
#6091=ORIENTED_EDGE('',*,*,#4624,.F.);
#6092=ORIENTED_EDGE('',*,*,#4625,.T.);
#6093=ORIENTED_EDGE('',*,*,#4626,.F.);
#6094=ORIENTED_EDGE('',*,*,#4627,.F.);
#6095=ORIENTED_EDGE('',*,*,#4628,.F.);
#6096=ORIENTED_EDGE('',*,*,#4627,.T.);
#6097=ORIENTED_EDGE('',*,*,#4629,.F.);
#6098=ORIENTED_EDGE('',*,*,#4630,.F.);
#6099=ORIENTED_EDGE('',*,*,#4631,.F.);
#6100=ORIENTED_EDGE('',*,*,#4630,.T.);
#6101=ORIENTED_EDGE('',*,*,#4632,.F.);
#6102=ORIENTED_EDGE('',*,*,#4633,.F.);
#6103=ORIENTED_EDGE('',*,*,#4634,.F.);
#6104=ORIENTED_EDGE('',*,*,#4633,.T.);
#6105=ORIENTED_EDGE('',*,*,#4635,.F.);
#6106=ORIENTED_EDGE('',*,*,#4636,.F.);
#6107=ORIENTED_EDGE('',*,*,#4637,.F.);
#6108=ORIENTED_EDGE('',*,*,#4636,.T.);
#6109=ORIENTED_EDGE('',*,*,#4638,.F.);
#6110=ORIENTED_EDGE('',*,*,#4639,.F.);
#6111=ORIENTED_EDGE('',*,*,#4640,.F.);
#6112=ORIENTED_EDGE('',*,*,#4639,.T.);
#6113=ORIENTED_EDGE('',*,*,#4641,.F.);
#6114=ORIENTED_EDGE('',*,*,#4642,.F.);
#6115=ORIENTED_EDGE('',*,*,#4643,.F.);
#6116=ORIENTED_EDGE('',*,*,#4642,.T.);
#6117=ORIENTED_EDGE('',*,*,#4644,.F.);
#6118=ORIENTED_EDGE('',*,*,#4645,.F.);
#6119=ORIENTED_EDGE('',*,*,#4646,.F.);
#6120=ORIENTED_EDGE('',*,*,#4645,.T.);
#6121=ORIENTED_EDGE('',*,*,#4647,.F.);
#6122=ORIENTED_EDGE('',*,*,#4648,.F.);
#6123=ORIENTED_EDGE('',*,*,#4649,.F.);
#6124=ORIENTED_EDGE('',*,*,#4648,.T.);
#6125=ORIENTED_EDGE('',*,*,#4650,.F.);
#6126=ORIENTED_EDGE('',*,*,#4651,.F.);
#6127=ORIENTED_EDGE('',*,*,#4652,.F.);
#6128=ORIENTED_EDGE('',*,*,#4651,.T.);
#6129=ORIENTED_EDGE('',*,*,#4653,.F.);
#6130=ORIENTED_EDGE('',*,*,#4654,.F.);
#6131=ORIENTED_EDGE('',*,*,#4655,.F.);
#6132=ORIENTED_EDGE('',*,*,#4654,.T.);
#6133=ORIENTED_EDGE('',*,*,#4656,.F.);
#6134=ORIENTED_EDGE('',*,*,#4657,.F.);
#6135=ORIENTED_EDGE('',*,*,#4658,.F.);
#6136=ORIENTED_EDGE('',*,*,#4657,.T.);
#6137=ORIENTED_EDGE('',*,*,#4659,.F.);
#6138=ORIENTED_EDGE('',*,*,#4660,.F.);
#6139=ORIENTED_EDGE('',*,*,#4661,.F.);
#6140=ORIENTED_EDGE('',*,*,#4660,.T.);
#6141=ORIENTED_EDGE('',*,*,#4662,.F.);
#6142=ORIENTED_EDGE('',*,*,#4663,.F.);
#6143=ORIENTED_EDGE('',*,*,#4664,.F.);
#6144=ORIENTED_EDGE('',*,*,#4663,.T.);
#6145=ORIENTED_EDGE('',*,*,#4665,.F.);
#6146=ORIENTED_EDGE('',*,*,#4666,.F.);
#6147=ORIENTED_EDGE('',*,*,#4667,.F.);
#6148=ORIENTED_EDGE('',*,*,#4666,.T.);
#6149=ORIENTED_EDGE('',*,*,#4668,.F.);
#6150=ORIENTED_EDGE('',*,*,#4669,.F.);
#6151=ORIENTED_EDGE('',*,*,#4670,.F.);
#6152=ORIENTED_EDGE('',*,*,#4669,.T.);
#6153=ORIENTED_EDGE('',*,*,#4671,.F.);
#6154=ORIENTED_EDGE('',*,*,#4672,.F.);
#6155=ORIENTED_EDGE('',*,*,#4673,.F.);
#6156=ORIENTED_EDGE('',*,*,#4672,.T.);
#6157=ORIENTED_EDGE('',*,*,#4674,.F.);
#6158=ORIENTED_EDGE('',*,*,#4675,.F.);
#6159=ORIENTED_EDGE('',*,*,#4676,.F.);
#6160=ORIENTED_EDGE('',*,*,#4675,.T.);
#6161=ORIENTED_EDGE('',*,*,#4677,.F.);
#6162=ORIENTED_EDGE('',*,*,#4678,.F.);
#6163=ORIENTED_EDGE('',*,*,#4679,.F.);
#6164=ORIENTED_EDGE('',*,*,#4678,.T.);
#6165=ORIENTED_EDGE('',*,*,#4680,.F.);
#6166=ORIENTED_EDGE('',*,*,#4681,.F.);
#6167=ORIENTED_EDGE('',*,*,#4682,.F.);
#6168=ORIENTED_EDGE('',*,*,#4681,.T.);
#6169=ORIENTED_EDGE('',*,*,#4683,.F.);
#6170=ORIENTED_EDGE('',*,*,#4684,.F.);
#6171=ORIENTED_EDGE('',*,*,#4685,.F.);
#6172=ORIENTED_EDGE('',*,*,#4684,.T.);
#6173=ORIENTED_EDGE('',*,*,#4686,.F.);
#6174=ORIENTED_EDGE('',*,*,#4687,.F.);
#6175=ORIENTED_EDGE('',*,*,#4688,.F.);
#6176=ORIENTED_EDGE('',*,*,#4687,.T.);
#6177=ORIENTED_EDGE('',*,*,#4689,.F.);
#6178=ORIENTED_EDGE('',*,*,#4690,.F.);
#6179=ORIENTED_EDGE('',*,*,#4691,.F.);
#6180=ORIENTED_EDGE('',*,*,#4690,.T.);
#6181=ORIENTED_EDGE('',*,*,#4692,.F.);
#6182=ORIENTED_EDGE('',*,*,#4693,.F.);
#6183=ORIENTED_EDGE('',*,*,#4694,.F.);
#6184=ORIENTED_EDGE('',*,*,#4693,.T.);
#6185=ORIENTED_EDGE('',*,*,#4695,.F.);
#6186=ORIENTED_EDGE('',*,*,#4696,.F.);
#6187=ORIENTED_EDGE('',*,*,#4697,.F.);
#6188=ORIENTED_EDGE('',*,*,#4696,.T.);
#6189=ORIENTED_EDGE('',*,*,#4698,.F.);
#6190=ORIENTED_EDGE('',*,*,#4699,.F.);
#6191=ORIENTED_EDGE('',*,*,#4700,.F.);
#6192=ORIENTED_EDGE('',*,*,#4699,.T.);
#6193=ORIENTED_EDGE('',*,*,#4701,.F.);
#6194=ORIENTED_EDGE('',*,*,#4702,.F.);
#6195=ORIENTED_EDGE('',*,*,#4703,.F.);
#6196=ORIENTED_EDGE('',*,*,#4702,.T.);
#6197=ORIENTED_EDGE('',*,*,#4704,.F.);
#6198=ORIENTED_EDGE('',*,*,#4705,.F.);
#6199=ORIENTED_EDGE('',*,*,#4706,.F.);
#6200=ORIENTED_EDGE('',*,*,#4705,.T.);
#6201=ORIENTED_EDGE('',*,*,#4707,.F.);
#6202=ORIENTED_EDGE('',*,*,#4625,.F.);
#6203=ORIENTED_EDGE('',*,*,#4707,.T.);
#6204=ORIENTED_EDGE('',*,*,#4704,.T.);
#6205=ORIENTED_EDGE('',*,*,#4701,.T.);
#6206=ORIENTED_EDGE('',*,*,#4698,.T.);
#6207=ORIENTED_EDGE('',*,*,#4695,.T.);
#6208=ORIENTED_EDGE('',*,*,#4692,.T.);
#6209=ORIENTED_EDGE('',*,*,#4689,.T.);
#6210=ORIENTED_EDGE('',*,*,#4686,.T.);
#6211=ORIENTED_EDGE('',*,*,#4683,.T.);
#6212=ORIENTED_EDGE('',*,*,#4680,.T.);
#6213=ORIENTED_EDGE('',*,*,#4677,.T.);
#6214=ORIENTED_EDGE('',*,*,#4674,.T.);
#6215=ORIENTED_EDGE('',*,*,#4671,.T.);
#6216=ORIENTED_EDGE('',*,*,#4668,.T.);
#6217=ORIENTED_EDGE('',*,*,#4665,.T.);
#6218=ORIENTED_EDGE('',*,*,#4662,.T.);
#6219=ORIENTED_EDGE('',*,*,#4659,.T.);
#6220=ORIENTED_EDGE('',*,*,#4656,.T.);
#6221=ORIENTED_EDGE('',*,*,#4653,.T.);
#6222=ORIENTED_EDGE('',*,*,#4650,.T.);
#6223=ORIENTED_EDGE('',*,*,#4647,.T.);
#6224=ORIENTED_EDGE('',*,*,#4644,.T.);
#6225=ORIENTED_EDGE('',*,*,#4641,.T.);
#6226=ORIENTED_EDGE('',*,*,#4638,.T.);
#6227=ORIENTED_EDGE('',*,*,#4635,.T.);
#6228=ORIENTED_EDGE('',*,*,#4632,.T.);
#6229=ORIENTED_EDGE('',*,*,#4629,.T.);
#6230=ORIENTED_EDGE('',*,*,#4626,.T.);
#6231=ORIENTED_EDGE('',*,*,#4708,.F.);
#6232=ORIENTED_EDGE('',*,*,#4709,.T.);
#6233=ORIENTED_EDGE('',*,*,#4710,.F.);
#6234=ORIENTED_EDGE('',*,*,#4711,.F.);
#6235=ORIENTED_EDGE('',*,*,#4712,.F.);
#6236=ORIENTED_EDGE('',*,*,#4711,.T.);
#6237=ORIENTED_EDGE('',*,*,#4713,.F.);
#6238=ORIENTED_EDGE('',*,*,#4714,.F.);
#6239=ORIENTED_EDGE('',*,*,#4715,.F.);
#6240=ORIENTED_EDGE('',*,*,#4714,.T.);
#6241=ORIENTED_EDGE('',*,*,#4716,.F.);
#6242=ORIENTED_EDGE('',*,*,#4717,.F.);
#6243=ORIENTED_EDGE('',*,*,#4718,.F.);
#6244=ORIENTED_EDGE('',*,*,#4717,.T.);
#6245=ORIENTED_EDGE('',*,*,#4719,.F.);
#6246=ORIENTED_EDGE('',*,*,#4720,.F.);
#6247=ORIENTED_EDGE('',*,*,#4721,.F.);
#6248=ORIENTED_EDGE('',*,*,#4720,.T.);
#6249=ORIENTED_EDGE('',*,*,#4722,.F.);
#6250=ORIENTED_EDGE('',*,*,#4723,.F.);
#6251=ORIENTED_EDGE('',*,*,#4724,.F.);
#6252=ORIENTED_EDGE('',*,*,#4723,.T.);
#6253=ORIENTED_EDGE('',*,*,#4725,.F.);
#6254=ORIENTED_EDGE('',*,*,#4726,.F.);
#6255=ORIENTED_EDGE('',*,*,#4727,.F.);
#6256=ORIENTED_EDGE('',*,*,#4726,.T.);
#6257=ORIENTED_EDGE('',*,*,#4728,.F.);
#6258=ORIENTED_EDGE('',*,*,#4729,.F.);
#6259=ORIENTED_EDGE('',*,*,#4730,.F.);
#6260=ORIENTED_EDGE('',*,*,#4729,.T.);
#6261=ORIENTED_EDGE('',*,*,#4731,.F.);
#6262=ORIENTED_EDGE('',*,*,#4732,.F.);
#6263=ORIENTED_EDGE('',*,*,#4733,.F.);
#6264=ORIENTED_EDGE('',*,*,#4732,.T.);
#6265=ORIENTED_EDGE('',*,*,#4734,.F.);
#6266=ORIENTED_EDGE('',*,*,#4735,.F.);
#6267=ORIENTED_EDGE('',*,*,#4736,.F.);
#6268=ORIENTED_EDGE('',*,*,#4735,.T.);
#6269=ORIENTED_EDGE('',*,*,#4737,.F.);
#6270=ORIENTED_EDGE('',*,*,#4738,.F.);
#6271=ORIENTED_EDGE('',*,*,#4739,.F.);
#6272=ORIENTED_EDGE('',*,*,#4738,.T.);
#6273=ORIENTED_EDGE('',*,*,#4740,.F.);
#6274=ORIENTED_EDGE('',*,*,#4741,.F.);
#6275=ORIENTED_EDGE('',*,*,#4742,.F.);
#6276=ORIENTED_EDGE('',*,*,#4741,.T.);
#6277=ORIENTED_EDGE('',*,*,#4743,.F.);
#6278=ORIENTED_EDGE('',*,*,#4744,.F.);
#6279=ORIENTED_EDGE('',*,*,#4745,.F.);
#6280=ORIENTED_EDGE('',*,*,#4744,.T.);
#6281=ORIENTED_EDGE('',*,*,#4746,.F.);
#6282=ORIENTED_EDGE('',*,*,#4709,.F.);
#6283=ORIENTED_EDGE('',*,*,#4746,.T.);
#6284=ORIENTED_EDGE('',*,*,#4743,.T.);
#6285=ORIENTED_EDGE('',*,*,#4740,.T.);
#6286=ORIENTED_EDGE('',*,*,#4737,.T.);
#6287=ORIENTED_EDGE('',*,*,#4734,.T.);
#6288=ORIENTED_EDGE('',*,*,#4731,.T.);
#6289=ORIENTED_EDGE('',*,*,#4728,.T.);
#6290=ORIENTED_EDGE('',*,*,#4725,.T.);
#6291=ORIENTED_EDGE('',*,*,#4722,.T.);
#6292=ORIENTED_EDGE('',*,*,#4719,.T.);
#6293=ORIENTED_EDGE('',*,*,#4716,.T.);
#6294=ORIENTED_EDGE('',*,*,#4713,.T.);
#6295=ORIENTED_EDGE('',*,*,#4710,.T.);
#6296=ORIENTED_EDGE('',*,*,#4747,.F.);
#6297=ORIENTED_EDGE('',*,*,#4748,.T.);
#6298=ORIENTED_EDGE('',*,*,#4749,.F.);
#6299=ORIENTED_EDGE('',*,*,#4750,.F.);
#6300=ORIENTED_EDGE('',*,*,#4751,.F.);
#6301=ORIENTED_EDGE('',*,*,#4750,.T.);
#6302=ORIENTED_EDGE('',*,*,#4752,.F.);
#6303=ORIENTED_EDGE('',*,*,#4753,.F.);
#6304=ORIENTED_EDGE('',*,*,#4754,.F.);
#6305=ORIENTED_EDGE('',*,*,#4753,.T.);
#6306=ORIENTED_EDGE('',*,*,#4755,.F.);
#6307=ORIENTED_EDGE('',*,*,#4756,.F.);
#6308=ORIENTED_EDGE('',*,*,#4757,.F.);
#6309=ORIENTED_EDGE('',*,*,#4756,.T.);
#6310=ORIENTED_EDGE('',*,*,#4758,.F.);
#6311=ORIENTED_EDGE('',*,*,#4748,.F.);
#6312=ORIENTED_EDGE('',*,*,#4758,.T.);
#6313=ORIENTED_EDGE('',*,*,#4755,.T.);
#6314=ORIENTED_EDGE('',*,*,#4752,.T.);
#6315=ORIENTED_EDGE('',*,*,#4749,.T.);
#6316=ORIENTED_EDGE('',*,*,#4759,.T.);
#6317=ORIENTED_EDGE('',*,*,#4760,.T.);
#6318=ORIENTED_EDGE('',*,*,#4761,.T.);
#6319=ORIENTED_EDGE('',*,*,#4762,.T.);
#6320=ORIENTED_EDGE('',*,*,#4763,.T.);
#6321=ORIENTED_EDGE('',*,*,#4764,.T.);
#6322=ORIENTED_EDGE('',*,*,#4765,.T.);
#6323=ORIENTED_EDGE('',*,*,#4766,.T.);
#6324=ORIENTED_EDGE('',*,*,#4767,.T.);
#6325=ORIENTED_EDGE('',*,*,#4768,.T.);
#6326=ORIENTED_EDGE('',*,*,#4769,.T.);
#6327=ORIENTED_EDGE('',*,*,#4770,.T.);
#6328=ORIENTED_EDGE('',*,*,#4771,.T.);
#6329=ORIENTED_EDGE('',*,*,#4772,.T.);
#6330=ORIENTED_EDGE('',*,*,#4773,.T.);
#6331=ORIENTED_EDGE('',*,*,#4774,.T.);
#6332=ORIENTED_EDGE('',*,*,#4775,.T.);
#6333=ORIENTED_EDGE('',*,*,#4776,.T.);
#6334=ORIENTED_EDGE('',*,*,#4777,.T.);
#6335=ORIENTED_EDGE('',*,*,#4778,.T.);
#6336=ORIENTED_EDGE('',*,*,#4779,.T.);
#6337=ORIENTED_EDGE('',*,*,#4780,.T.);
#6338=ORIENTED_EDGE('',*,*,#4781,.T.);
#6339=ORIENTED_EDGE('',*,*,#4782,.T.);
#6340=ORIENTED_EDGE('',*,*,#4783,.T.);
#6341=ORIENTED_EDGE('',*,*,#4784,.T.);
#6342=ORIENTED_EDGE('',*,*,#4785,.T.);
#6343=ORIENTED_EDGE('',*,*,#4786,.T.);
#6344=ORIENTED_EDGE('',*,*,#4787,.T.);
#6345=ORIENTED_EDGE('',*,*,#4788,.T.);
#6346=ORIENTED_EDGE('',*,*,#4789,.T.);
#6347=ORIENTED_EDGE('',*,*,#4790,.T.);
#6348=ORIENTED_EDGE('',*,*,#4791,.T.);
#6349=ORIENTED_EDGE('',*,*,#4792,.T.);
#6350=ORIENTED_EDGE('',*,*,#4793,.T.);
#6351=ORIENTED_EDGE('',*,*,#4794,.T.);
#6352=ORIENTED_EDGE('',*,*,#4795,.T.);
#6353=ORIENTED_EDGE('',*,*,#4747,.T.);
#6354=ORIENTED_EDGE('',*,*,#4751,.T.);
#6355=ORIENTED_EDGE('',*,*,#4754,.T.);
#6356=ORIENTED_EDGE('',*,*,#4757,.T.);
#6357=ORIENTED_EDGE('',*,*,#4708,.T.);
#6358=ORIENTED_EDGE('',*,*,#4712,.T.);
#6359=ORIENTED_EDGE('',*,*,#4715,.T.);
#6360=ORIENTED_EDGE('',*,*,#4718,.T.);
#6361=ORIENTED_EDGE('',*,*,#4721,.T.);
#6362=ORIENTED_EDGE('',*,*,#4724,.T.);
#6363=ORIENTED_EDGE('',*,*,#4727,.T.);
#6364=ORIENTED_EDGE('',*,*,#4730,.T.);
#6365=ORIENTED_EDGE('',*,*,#4733,.T.);
#6366=ORIENTED_EDGE('',*,*,#4736,.T.);
#6367=ORIENTED_EDGE('',*,*,#4739,.T.);
#6368=ORIENTED_EDGE('',*,*,#4742,.T.);
#6369=ORIENTED_EDGE('',*,*,#4745,.T.);
#6370=ORIENTED_EDGE('',*,*,#4624,.T.);
#6371=ORIENTED_EDGE('',*,*,#4628,.T.);
#6372=ORIENTED_EDGE('',*,*,#4631,.T.);
#6373=ORIENTED_EDGE('',*,*,#4634,.T.);
#6374=ORIENTED_EDGE('',*,*,#4637,.T.);
#6375=ORIENTED_EDGE('',*,*,#4640,.T.);
#6376=ORIENTED_EDGE('',*,*,#4643,.T.);
#6377=ORIENTED_EDGE('',*,*,#4646,.T.);
#6378=ORIENTED_EDGE('',*,*,#4649,.T.);
#6379=ORIENTED_EDGE('',*,*,#4652,.T.);
#6380=ORIENTED_EDGE('',*,*,#4655,.T.);
#6381=ORIENTED_EDGE('',*,*,#4658,.T.);
#6382=ORIENTED_EDGE('',*,*,#4661,.T.);
#6383=ORIENTED_EDGE('',*,*,#4664,.T.);
#6384=ORIENTED_EDGE('',*,*,#4667,.T.);
#6385=ORIENTED_EDGE('',*,*,#4670,.T.);
#6386=ORIENTED_EDGE('',*,*,#4673,.T.);
#6387=ORIENTED_EDGE('',*,*,#4676,.T.);
#6388=ORIENTED_EDGE('',*,*,#4679,.T.);
#6389=ORIENTED_EDGE('',*,*,#4682,.T.);
#6390=ORIENTED_EDGE('',*,*,#4685,.T.);
#6391=ORIENTED_EDGE('',*,*,#4688,.T.);
#6392=ORIENTED_EDGE('',*,*,#4691,.T.);
#6393=ORIENTED_EDGE('',*,*,#4694,.T.);
#6394=ORIENTED_EDGE('',*,*,#4697,.T.);
#6395=ORIENTED_EDGE('',*,*,#4700,.T.);
#6396=ORIENTED_EDGE('',*,*,#4703,.T.);
#6397=ORIENTED_EDGE('',*,*,#4706,.T.);
#6398=ORIENTED_EDGE('',*,*,#4594,.T.);
#6399=ORIENTED_EDGE('',*,*,#4598,.T.);
#6400=ORIENTED_EDGE('',*,*,#4601,.T.);
#6401=ORIENTED_EDGE('',*,*,#4604,.T.);
#6402=ORIENTED_EDGE('',*,*,#4607,.T.);
#6403=ORIENTED_EDGE('',*,*,#4610,.T.);
#6404=ORIENTED_EDGE('',*,*,#4613,.T.);
#6405=ORIENTED_EDGE('',*,*,#4616,.T.);
#6406=ORIENTED_EDGE('',*,*,#4619,.T.);
#6407=ORIENTED_EDGE('',*,*,#4622,.T.);
#6408=ORIENTED_EDGE('',*,*,#4564,.T.);
#6409=ORIENTED_EDGE('',*,*,#4568,.T.);
#6410=ORIENTED_EDGE('',*,*,#4571,.T.);
#6411=ORIENTED_EDGE('',*,*,#4574,.T.);
#6412=ORIENTED_EDGE('',*,*,#4577,.T.);
#6413=ORIENTED_EDGE('',*,*,#4580,.T.);
#6414=ORIENTED_EDGE('',*,*,#4583,.T.);
#6415=ORIENTED_EDGE('',*,*,#4586,.T.);
#6416=ORIENTED_EDGE('',*,*,#4589,.T.);
#6417=ORIENTED_EDGE('',*,*,#4592,.T.);
#6418=ORIENTED_EDGE('',*,*,#4528,.T.);
#6419=ORIENTED_EDGE('',*,*,#4532,.T.);
#6420=ORIENTED_EDGE('',*,*,#4535,.T.);
#6421=ORIENTED_EDGE('',*,*,#4538,.T.);
#6422=ORIENTED_EDGE('',*,*,#4504,.T.);
#6423=ORIENTED_EDGE('',*,*,#4508,.T.);
#6424=ORIENTED_EDGE('',*,*,#4511,.T.);
#6425=ORIENTED_EDGE('',*,*,#4514,.T.);
#6426=ORIENTED_EDGE('',*,*,#4441,.T.);
#6427=ORIENTED_EDGE('',*,*,#4445,.T.);
#6428=ORIENTED_EDGE('',*,*,#4448,.T.);
#6429=ORIENTED_EDGE('',*,*,#4451,.T.);
#6430=ORIENTED_EDGE('',*,*,#4454,.T.);
#6431=ORIENTED_EDGE('',*,*,#4457,.T.);
#6432=ORIENTED_EDGE('',*,*,#4460,.T.);
#6433=ORIENTED_EDGE('',*,*,#4463,.T.);
#6434=ORIENTED_EDGE('',*,*,#4466,.T.);
#6435=ORIENTED_EDGE('',*,*,#4469,.T.);
#6436=ORIENTED_EDGE('',*,*,#4472,.T.);
#6437=ORIENTED_EDGE('',*,*,#4475,.T.);
#6438=ORIENTED_EDGE('',*,*,#4478,.T.);
#6439=ORIENTED_EDGE('',*,*,#4481,.T.);
#6440=ORIENTED_EDGE('',*,*,#4484,.T.);
#6441=ORIENTED_EDGE('',*,*,#4487,.T.);
#6442=ORIENTED_EDGE('',*,*,#4490,.T.);
#6443=ORIENTED_EDGE('',*,*,#4493,.T.);
#6444=ORIENTED_EDGE('',*,*,#4496,.T.);
#6445=ORIENTED_EDGE('',*,*,#4499,.T.);
#6446=ORIENTED_EDGE('',*,*,#4502,.T.);
#6447=ORIENTED_EDGE('',*,*,#4396,.T.);
#6448=ORIENTED_EDGE('',*,*,#4400,.T.);
#6449=ORIENTED_EDGE('',*,*,#4403,.T.);
#6450=ORIENTED_EDGE('',*,*,#4406,.T.);
#6451=ORIENTED_EDGE('',*,*,#4409,.T.);
#6452=ORIENTED_EDGE('',*,*,#4412,.T.);
#6453=ORIENTED_EDGE('',*,*,#4415,.T.);
#6454=ORIENTED_EDGE('',*,*,#4418,.T.);
#6455=ORIENTED_EDGE('',*,*,#4421,.T.);
#6456=ORIENTED_EDGE('',*,*,#4424,.T.);
#6457=ORIENTED_EDGE('',*,*,#4427,.T.);
#6458=ORIENTED_EDGE('',*,*,#4430,.T.);
#6459=ORIENTED_EDGE('',*,*,#4433,.T.);
#6460=ORIENTED_EDGE('',*,*,#4436,.T.);
#6461=ORIENTED_EDGE('',*,*,#4439,.T.);
#6462=ORIENTED_EDGE('',*,*,#4384,.T.);
#6463=ORIENTED_EDGE('',*,*,#4388,.T.);
#6464=ORIENTED_EDGE('',*,*,#4391,.T.);
#6465=ORIENTED_EDGE('',*,*,#4394,.T.);
#6466=ORIENTED_EDGE('',*,*,#4327,.T.);
#6467=ORIENTED_EDGE('',*,*,#4331,.T.);
#6468=ORIENTED_EDGE('',*,*,#4334,.T.);
#6469=ORIENTED_EDGE('',*,*,#4337,.T.);
#6470=ORIENTED_EDGE('',*,*,#4340,.T.);
#6471=ORIENTED_EDGE('',*,*,#4343,.T.);
#6472=ORIENTED_EDGE('',*,*,#4346,.T.);
#6473=ORIENTED_EDGE('',*,*,#4349,.T.);
#6474=ORIENTED_EDGE('',*,*,#4352,.T.);
#6475=ORIENTED_EDGE('',*,*,#4355,.T.);
#6476=ORIENTED_EDGE('',*,*,#4358,.T.);
#6477=ORIENTED_EDGE('',*,*,#4273,.T.);
#6478=ORIENTED_EDGE('',*,*,#4277,.T.);
#6479=ORIENTED_EDGE('',*,*,#4280,.T.);
#6480=ORIENTED_EDGE('',*,*,#4283,.T.);
#6481=ORIENTED_EDGE('',*,*,#4286,.T.);
#6482=ORIENTED_EDGE('',*,*,#4289,.T.);
#6483=ORIENTED_EDGE('',*,*,#4292,.T.);
#6484=ORIENTED_EDGE('',*,*,#4295,.T.);
#6485=ORIENTED_EDGE('',*,*,#4298,.T.);
#6486=ORIENTED_EDGE('',*,*,#4301,.T.);
#6487=ORIENTED_EDGE('',*,*,#4304,.T.);
#6488=ORIENTED_EDGE('',*,*,#4307,.T.);
#6489=ORIENTED_EDGE('',*,*,#4310,.T.);
#6490=ORIENTED_EDGE('',*,*,#4234,.T.);
#6491=ORIENTED_EDGE('',*,*,#4238,.T.);
#6492=ORIENTED_EDGE('',*,*,#4241,.T.);
#6493=ORIENTED_EDGE('',*,*,#4244,.T.);
#6494=ORIENTED_EDGE('',*,*,#4247,.T.);
#6495=ORIENTED_EDGE('',*,*,#4250,.T.);
#6496=ORIENTED_EDGE('',*,*,#4253,.T.);
#6497=ORIENTED_EDGE('',*,*,#4256,.T.);
#6498=ORIENTED_EDGE('',*,*,#4259,.T.);
#6499=ORIENTED_EDGE('',*,*,#4262,.T.);
#6500=ORIENTED_EDGE('',*,*,#4265,.T.);
#6501=ORIENTED_EDGE('',*,*,#4268,.T.);
#6502=ORIENTED_EDGE('',*,*,#4271,.T.);
#6503=ORIENTED_EDGE('',*,*,#4540,.T.);
#6504=ORIENTED_EDGE('',*,*,#4562,.T.);
#6505=ORIENTED_EDGE('',*,*,#4559,.T.);
#6506=ORIENTED_EDGE('',*,*,#4556,.T.);
#6507=ORIENTED_EDGE('',*,*,#4553,.T.);
#6508=ORIENTED_EDGE('',*,*,#4550,.T.);
#6509=ORIENTED_EDGE('',*,*,#4547,.T.);
#6510=ORIENTED_EDGE('',*,*,#4544,.T.);
#6511=ORIENTED_EDGE('',*,*,#4516,.T.);
#6512=ORIENTED_EDGE('',*,*,#4520,.T.);
#6513=ORIENTED_EDGE('',*,*,#4523,.T.);
#6514=ORIENTED_EDGE('',*,*,#4526,.T.);
#6515=ORIENTED_EDGE('',*,*,#4796,.T.);
#6516=ORIENTED_EDGE('',*,*,#4797,.T.);
#6517=ORIENTED_EDGE('',*,*,#4798,.T.);
#6518=ORIENTED_EDGE('',*,*,#4799,.T.);
#6519=ORIENTED_EDGE('',*,*,#4800,.T.);
#6520=ORIENTED_EDGE('',*,*,#4801,.T.);
#6521=ORIENTED_EDGE('',*,*,#4802,.T.);
#6522=ORIENTED_EDGE('',*,*,#4803,.T.);
#6523=ORIENTED_EDGE('',*,*,#4804,.T.);
#6524=ORIENTED_EDGE('',*,*,#4805,.T.);
#6525=ORIENTED_EDGE('',*,*,#4806,.T.);
#6526=ORIENTED_EDGE('',*,*,#4807,.T.);
#6527=ORIENTED_EDGE('',*,*,#4360,.T.);
#6528=ORIENTED_EDGE('',*,*,#4382,.T.);
#6529=ORIENTED_EDGE('',*,*,#4379,.T.);
#6530=ORIENTED_EDGE('',*,*,#4376,.T.);
#6531=ORIENTED_EDGE('',*,*,#4373,.T.);
#6532=ORIENTED_EDGE('',*,*,#4370,.T.);
#6533=ORIENTED_EDGE('',*,*,#4367,.T.);
#6534=ORIENTED_EDGE('',*,*,#4364,.T.);
#6535=ORIENTED_EDGE('',*,*,#4312,.T.);
#6536=ORIENTED_EDGE('',*,*,#4325,.T.);
#6537=ORIENTED_EDGE('',*,*,#4322,.T.);
#6538=ORIENTED_EDGE('',*,*,#4319,.T.);
#6539=ORIENTED_EDGE('',*,*,#4316,.T.);
#6540=ORIENTED_EDGE('',*,*,#4808,.F.);
#6541=ORIENTED_EDGE('',*,*,#4809,.T.);
#6542=ORIENTED_EDGE('',*,*,#4810,.F.);
#6543=ORIENTED_EDGE('',*,*,#4811,.F.);
#6544=ORIENTED_EDGE('',*,*,#4812,.F.);
#6545=ORIENTED_EDGE('',*,*,#4811,.T.);
#6546=ORIENTED_EDGE('',*,*,#4813,.F.);
#6547=ORIENTED_EDGE('',*,*,#4814,.F.);
#6548=ORIENTED_EDGE('',*,*,#4815,.F.);
#6549=ORIENTED_EDGE('',*,*,#4814,.T.);
#6550=ORIENTED_EDGE('',*,*,#4816,.F.);
#6551=ORIENTED_EDGE('',*,*,#4817,.F.);
#6552=ORIENTED_EDGE('',*,*,#4818,.F.);
#6553=ORIENTED_EDGE('',*,*,#4817,.T.);
#6554=ORIENTED_EDGE('',*,*,#4819,.F.);
#6555=ORIENTED_EDGE('',*,*,#4820,.F.);
#6556=ORIENTED_EDGE('',*,*,#4821,.F.);
#6557=ORIENTED_EDGE('',*,*,#4820,.T.);
#6558=ORIENTED_EDGE('',*,*,#4822,.F.);
#6559=ORIENTED_EDGE('',*,*,#4823,.F.);
#6560=ORIENTED_EDGE('',*,*,#4824,.F.);
#6561=ORIENTED_EDGE('',*,*,#4823,.T.);
#6562=ORIENTED_EDGE('',*,*,#4825,.F.);
#6563=ORIENTED_EDGE('',*,*,#4826,.F.);
#6564=ORIENTED_EDGE('',*,*,#4827,.F.);
#6565=ORIENTED_EDGE('',*,*,#4826,.T.);
#6566=ORIENTED_EDGE('',*,*,#4828,.F.);
#6567=ORIENTED_EDGE('',*,*,#4829,.F.);
#6568=ORIENTED_EDGE('',*,*,#4830,.F.);
#6569=ORIENTED_EDGE('',*,*,#4829,.T.);
#6570=ORIENTED_EDGE('',*,*,#4831,.F.);
#6571=ORIENTED_EDGE('',*,*,#4832,.F.);
#6572=ORIENTED_EDGE('',*,*,#4833,.F.);
#6573=ORIENTED_EDGE('',*,*,#4832,.T.);
#6574=ORIENTED_EDGE('',*,*,#4834,.F.);
#6575=ORIENTED_EDGE('',*,*,#4835,.F.);
#6576=ORIENTED_EDGE('',*,*,#4836,.F.);
#6577=ORIENTED_EDGE('',*,*,#4835,.T.);
#6578=ORIENTED_EDGE('',*,*,#4837,.F.);
#6579=ORIENTED_EDGE('',*,*,#4809,.F.);
#6580=ORIENTED_EDGE('',*,*,#4837,.T.);
#6581=ORIENTED_EDGE('',*,*,#4834,.T.);
#6582=ORIENTED_EDGE('',*,*,#4831,.T.);
#6583=ORIENTED_EDGE('',*,*,#4828,.T.);
#6584=ORIENTED_EDGE('',*,*,#4825,.T.);
#6585=ORIENTED_EDGE('',*,*,#4822,.T.);
#6586=ORIENTED_EDGE('',*,*,#4819,.T.);
#6587=ORIENTED_EDGE('',*,*,#4816,.T.);
#6588=ORIENTED_EDGE('',*,*,#4813,.T.);
#6589=ORIENTED_EDGE('',*,*,#4810,.T.);
#6590=ORIENTED_EDGE('',*,*,#4838,.F.);
#6591=ORIENTED_EDGE('',*,*,#4839,.T.);
#6592=ORIENTED_EDGE('',*,*,#4840,.F.);
#6593=ORIENTED_EDGE('',*,*,#4839,.F.);
#6594=ORIENTED_EDGE('',*,*,#4841,.F.);
#6595=ORIENTED_EDGE('',*,*,#4842,.T.);
#6596=ORIENTED_EDGE('',*,*,#4767,.F.);
#6597=ORIENTED_EDGE('',*,*,#4842,.F.);
#6598=ORIENTED_EDGE('',*,*,#4841,.T.);
#6599=ORIENTED_EDGE('',*,*,#4838,.T.);
#6600=ORIENTED_EDGE('',*,*,#4843,.F.);
#6601=ORIENTED_EDGE('',*,*,#4844,.T.);
#6602=ORIENTED_EDGE('',*,*,#4845,.F.);
#6603=ORIENTED_EDGE('',*,*,#4846,.F.);
#6604=ORIENTED_EDGE('',*,*,#4847,.F.);
#6605=ORIENTED_EDGE('',*,*,#4846,.T.);
#6606=ORIENTED_EDGE('',*,*,#4848,.F.);
#6607=ORIENTED_EDGE('',*,*,#4849,.F.);
#6608=ORIENTED_EDGE('',*,*,#4850,.F.);
#6609=ORIENTED_EDGE('',*,*,#4849,.T.);
#6610=ORIENTED_EDGE('',*,*,#4851,.F.);
#6611=ORIENTED_EDGE('',*,*,#4852,.F.);
#6612=ORIENTED_EDGE('',*,*,#4853,.F.);
#6613=ORIENTED_EDGE('',*,*,#4852,.T.);
#6614=ORIENTED_EDGE('',*,*,#4854,.F.);
#6615=ORIENTED_EDGE('',*,*,#4855,.F.);
#6616=ORIENTED_EDGE('',*,*,#4856,.F.);
#6617=ORIENTED_EDGE('',*,*,#4855,.T.);
#6618=ORIENTED_EDGE('',*,*,#4857,.F.);
#6619=ORIENTED_EDGE('',*,*,#4858,.F.);
#6620=ORIENTED_EDGE('',*,*,#4859,.F.);
#6621=ORIENTED_EDGE('',*,*,#4858,.T.);
#6622=ORIENTED_EDGE('',*,*,#4860,.F.);
#6623=ORIENTED_EDGE('',*,*,#4861,.F.);
#6624=ORIENTED_EDGE('',*,*,#4862,.F.);
#6625=ORIENTED_EDGE('',*,*,#4861,.T.);
#6626=ORIENTED_EDGE('',*,*,#4863,.F.);
#6627=ORIENTED_EDGE('',*,*,#4864,.F.);
#6628=ORIENTED_EDGE('',*,*,#4865,.F.);
#6629=ORIENTED_EDGE('',*,*,#4864,.T.);
#6630=ORIENTED_EDGE('',*,*,#4866,.F.);
#6631=ORIENTED_EDGE('',*,*,#4867,.F.);
#6632=ORIENTED_EDGE('',*,*,#4868,.F.);
#6633=ORIENTED_EDGE('',*,*,#4867,.T.);
#6634=ORIENTED_EDGE('',*,*,#4869,.F.);
#6635=ORIENTED_EDGE('',*,*,#4870,.F.);
#6636=ORIENTED_EDGE('',*,*,#4871,.F.);
#6637=ORIENTED_EDGE('',*,*,#4870,.T.);
#6638=ORIENTED_EDGE('',*,*,#4872,.F.);
#6639=ORIENTED_EDGE('',*,*,#4844,.F.);
#6640=ORIENTED_EDGE('',*,*,#4872,.T.);
#6641=ORIENTED_EDGE('',*,*,#4869,.T.);
#6642=ORIENTED_EDGE('',*,*,#4866,.T.);
#6643=ORIENTED_EDGE('',*,*,#4863,.T.);
#6644=ORIENTED_EDGE('',*,*,#4860,.T.);
#6645=ORIENTED_EDGE('',*,*,#4857,.T.);
#6646=ORIENTED_EDGE('',*,*,#4854,.T.);
#6647=ORIENTED_EDGE('',*,*,#4851,.T.);
#6648=ORIENTED_EDGE('',*,*,#4848,.T.);
#6649=ORIENTED_EDGE('',*,*,#4845,.T.);
#6650=ORIENTED_EDGE('',*,*,#4873,.F.);
#6651=ORIENTED_EDGE('',*,*,#4874,.T.);
#6652=ORIENTED_EDGE('',*,*,#4875,.F.);
#6653=ORIENTED_EDGE('',*,*,#4876,.F.);
#6654=ORIENTED_EDGE('',*,*,#4877,.F.);
#6655=ORIENTED_EDGE('',*,*,#4876,.T.);
#6656=ORIENTED_EDGE('',*,*,#4878,.F.);
#6657=ORIENTED_EDGE('',*,*,#4879,.F.);
#6658=ORIENTED_EDGE('',*,*,#4880,.F.);
#6659=ORIENTED_EDGE('',*,*,#4879,.T.);
#6660=ORIENTED_EDGE('',*,*,#4881,.F.);
#6661=ORIENTED_EDGE('',*,*,#4882,.F.);
#6662=ORIENTED_EDGE('',*,*,#4883,.F.);
#6663=ORIENTED_EDGE('',*,*,#4882,.T.);
#6664=ORIENTED_EDGE('',*,*,#4884,.F.);
#6665=ORIENTED_EDGE('',*,*,#4885,.F.);
#6666=ORIENTED_EDGE('',*,*,#4886,.F.);
#6667=ORIENTED_EDGE('',*,*,#4885,.T.);
#6668=ORIENTED_EDGE('',*,*,#4887,.F.);
#6669=ORIENTED_EDGE('',*,*,#4888,.F.);
#6670=ORIENTED_EDGE('',*,*,#4889,.F.);
#6671=ORIENTED_EDGE('',*,*,#4888,.T.);
#6672=ORIENTED_EDGE('',*,*,#4890,.F.);
#6673=ORIENTED_EDGE('',*,*,#4891,.F.);
#6674=ORIENTED_EDGE('',*,*,#4892,.F.);
#6675=ORIENTED_EDGE('',*,*,#4891,.T.);
#6676=ORIENTED_EDGE('',*,*,#4893,.F.);
#6677=ORIENTED_EDGE('',*,*,#4894,.F.);
#6678=ORIENTED_EDGE('',*,*,#4895,.F.);
#6679=ORIENTED_EDGE('',*,*,#4894,.T.);
#6680=ORIENTED_EDGE('',*,*,#4896,.F.);
#6681=ORIENTED_EDGE('',*,*,#4897,.F.);
#6682=ORIENTED_EDGE('',*,*,#4898,.F.);
#6683=ORIENTED_EDGE('',*,*,#4897,.T.);
#6684=ORIENTED_EDGE('',*,*,#4899,.F.);
#6685=ORIENTED_EDGE('',*,*,#4900,.F.);
#6686=ORIENTED_EDGE('',*,*,#4901,.F.);
#6687=ORIENTED_EDGE('',*,*,#4900,.T.);
#6688=ORIENTED_EDGE('',*,*,#4902,.F.);
#6689=ORIENTED_EDGE('',*,*,#4903,.F.);
#6690=ORIENTED_EDGE('',*,*,#4904,.F.);
#6691=ORIENTED_EDGE('',*,*,#4903,.T.);
#6692=ORIENTED_EDGE('',*,*,#4905,.F.);
#6693=ORIENTED_EDGE('',*,*,#4874,.F.);
#6694=ORIENTED_EDGE('',*,*,#4905,.T.);
#6695=ORIENTED_EDGE('',*,*,#4902,.T.);
#6696=ORIENTED_EDGE('',*,*,#4899,.T.);
#6697=ORIENTED_EDGE('',*,*,#4896,.T.);
#6698=ORIENTED_EDGE('',*,*,#4893,.T.);
#6699=ORIENTED_EDGE('',*,*,#4890,.T.);
#6700=ORIENTED_EDGE('',*,*,#4887,.T.);
#6701=ORIENTED_EDGE('',*,*,#4884,.T.);
#6702=ORIENTED_EDGE('',*,*,#4881,.T.);
#6703=ORIENTED_EDGE('',*,*,#4878,.T.);
#6704=ORIENTED_EDGE('',*,*,#4875,.T.);
#6705=ORIENTED_EDGE('',*,*,#4225,.T.);
#6706=ORIENTED_EDGE('',*,*,#4232,.T.);
#6707=ORIENTED_EDGE('',*,*,#4229,.T.);
#6708=ORIENTED_EDGE('',*,*,#4906,.T.);
#6709=ORIENTED_EDGE('',*,*,#4907,.T.);
#6710=ORIENTED_EDGE('',*,*,#4908,.T.);
#6711=ORIENTED_EDGE('',*,*,#4909,.T.);
#6712=ORIENTED_EDGE('',*,*,#4910,.T.);
#6713=ORIENTED_EDGE('',*,*,#4911,.T.);
#6714=ORIENTED_EDGE('',*,*,#4908,.F.);
#6715=ORIENTED_EDGE('',*,*,#4912,.T.);
#6716=ORIENTED_EDGE('',*,*,#4913,.T.);
#6717=ORIENTED_EDGE('',*,*,#4914,.T.);
#6718=ORIENTED_EDGE('',*,*,#4910,.F.);
#6719=ORIENTED_EDGE('',*,*,#4915,.T.);
#6720=ORIENTED_EDGE('',*,*,#4916,.T.);
#6721=ORIENTED_EDGE('',*,*,#4917,.T.);
#6722=ORIENTED_EDGE('',*,*,#4913,.F.);
#6723=ORIENTED_EDGE('',*,*,#4918,.T.);
#6724=ORIENTED_EDGE('',*,*,#4919,.T.);
#6725=ORIENTED_EDGE('',*,*,#4920,.T.);
#6726=ORIENTED_EDGE('',*,*,#4916,.F.);
#6727=ORIENTED_EDGE('',*,*,#4921,.T.);
#6728=ORIENTED_EDGE('',*,*,#4922,.T.);
#6729=ORIENTED_EDGE('',*,*,#4923,.T.);
#6730=ORIENTED_EDGE('',*,*,#4919,.F.);
#6731=ORIENTED_EDGE('',*,*,#4924,.T.);
#6732=ORIENTED_EDGE('',*,*,#4925,.T.);
#6733=ORIENTED_EDGE('',*,*,#4926,.T.);
#6734=ORIENTED_EDGE('',*,*,#4922,.F.);
#6735=ORIENTED_EDGE('',*,*,#4927,.T.);
#6736=ORIENTED_EDGE('',*,*,#4906,.F.);
#6737=ORIENTED_EDGE('',*,*,#4928,.T.);
#6738=ORIENTED_EDGE('',*,*,#4925,.F.);
#6739=ORIENTED_EDGE('',*,*,#4929,.T.);
#6740=ORIENTED_EDGE('',*,*,#4918,.F.);
#6741=ORIENTED_EDGE('',*,*,#4930,.F.);
#6742=ORIENTED_EDGE('',*,*,#4791,.F.);
#6743=ORIENTED_EDGE('',*,*,#4931,.T.);
#6744=ORIENTED_EDGE('',*,*,#4915,.F.);
#6745=ORIENTED_EDGE('',*,*,#4932,.F.);
#6746=ORIENTED_EDGE('',*,*,#4784,.F.);
#6747=ORIENTED_EDGE('',*,*,#4930,.T.);
#6748=ORIENTED_EDGE('',*,*,#4912,.F.);
#6749=ORIENTED_EDGE('',*,*,#4933,.F.);
#6750=ORIENTED_EDGE('',*,*,#4785,.F.);
#6751=ORIENTED_EDGE('',*,*,#4932,.T.);
#6752=ORIENTED_EDGE('',*,*,#4907,.F.);
#6753=ORIENTED_EDGE('',*,*,#4934,.F.);
#6754=ORIENTED_EDGE('',*,*,#4786,.F.);
#6755=ORIENTED_EDGE('',*,*,#4933,.T.);
#6756=ORIENTED_EDGE('',*,*,#4909,.F.);
#6757=ORIENTED_EDGE('',*,*,#4911,.F.);
#6758=ORIENTED_EDGE('',*,*,#4914,.F.);
#6759=ORIENTED_EDGE('',*,*,#4917,.F.);
#6760=ORIENTED_EDGE('',*,*,#4920,.F.);
#6761=ORIENTED_EDGE('',*,*,#4923,.F.);
#6762=ORIENTED_EDGE('',*,*,#4926,.F.);
#6763=ORIENTED_EDGE('',*,*,#4928,.F.);
#6764=ORIENTED_EDGE('',*,*,#4935,.F.);
#6765=ORIENTED_EDGE('',*,*,#4936,.T.);
#6766=ORIENTED_EDGE('',*,*,#4937,.F.);
#6767=ORIENTED_EDGE('',*,*,#4938,.F.);
#6768=ORIENTED_EDGE('',*,*,#4939,.F.);
#6769=ORIENTED_EDGE('',*,*,#4940,.T.);
#6770=ORIENTED_EDGE('',*,*,#4941,.F.);
#6771=ORIENTED_EDGE('',*,*,#4936,.F.);
#6772=ORIENTED_EDGE('',*,*,#4942,.F.);
#6773=ORIENTED_EDGE('',*,*,#4938,.T.);
#6774=ORIENTED_EDGE('',*,*,#4943,.F.);
#6775=ORIENTED_EDGE('',*,*,#4944,.F.);
#6776=ORIENTED_EDGE('',*,*,#4945,.F.);
#6777=ORIENTED_EDGE('',*,*,#4944,.T.);
#6778=ORIENTED_EDGE('',*,*,#4946,.F.);
#6779=ORIENTED_EDGE('',*,*,#4940,.F.);
#6780=ORIENTED_EDGE('',*,*,#4941,.T.);
#6781=ORIENTED_EDGE('',*,*,#4946,.T.);
#6782=ORIENTED_EDGE('',*,*,#4943,.T.);
#6783=ORIENTED_EDGE('',*,*,#4937,.T.);
#6784=ORIENTED_EDGE('',*,*,#4947,.F.);
#6785=ORIENTED_EDGE('',*,*,#4948,.T.);
#6786=ORIENTED_EDGE('',*,*,#4949,.F.);
#6787=ORIENTED_EDGE('',*,*,#4950,.F.);
#6788=ORIENTED_EDGE('',*,*,#4951,.F.);
#6789=ORIENTED_EDGE('',*,*,#4952,.T.);
#6790=ORIENTED_EDGE('',*,*,#4953,.F.);
#6791=ORIENTED_EDGE('',*,*,#4948,.F.);
#6792=ORIENTED_EDGE('',*,*,#4954,.F.);
#6793=ORIENTED_EDGE('',*,*,#4950,.T.);
#6794=ORIENTED_EDGE('',*,*,#4955,.F.);
#6795=ORIENTED_EDGE('',*,*,#4956,.F.);
#6796=ORIENTED_EDGE('',*,*,#4957,.F.);
#6797=ORIENTED_EDGE('',*,*,#4956,.T.);
#6798=ORIENTED_EDGE('',*,*,#4958,.F.);
#6799=ORIENTED_EDGE('',*,*,#4952,.F.);
#6800=ORIENTED_EDGE('',*,*,#4953,.T.);
#6801=ORIENTED_EDGE('',*,*,#4958,.T.);
#6802=ORIENTED_EDGE('',*,*,#4955,.T.);
#6803=ORIENTED_EDGE('',*,*,#4949,.T.);
#6804=ORIENTED_EDGE('',*,*,#4959,.F.);
#6805=ORIENTED_EDGE('',*,*,#4960,.T.);
#6806=ORIENTED_EDGE('',*,*,#4961,.F.);
#6807=ORIENTED_EDGE('',*,*,#4962,.F.);
#6808=ORIENTED_EDGE('',*,*,#4963,.F.);
#6809=ORIENTED_EDGE('',*,*,#4964,.T.);
#6810=ORIENTED_EDGE('',*,*,#4965,.F.);
#6811=ORIENTED_EDGE('',*,*,#4960,.F.);
#6812=ORIENTED_EDGE('',*,*,#4966,.F.);
#6813=ORIENTED_EDGE('',*,*,#4962,.T.);
#6814=ORIENTED_EDGE('',*,*,#4967,.F.);
#6815=ORIENTED_EDGE('',*,*,#4968,.F.);
#6816=ORIENTED_EDGE('',*,*,#4969,.F.);
#6817=ORIENTED_EDGE('',*,*,#4968,.T.);
#6818=ORIENTED_EDGE('',*,*,#4970,.F.);
#6819=ORIENTED_EDGE('',*,*,#4964,.F.);
#6820=ORIENTED_EDGE('',*,*,#4965,.T.);
#6821=ORIENTED_EDGE('',*,*,#4970,.T.);
#6822=ORIENTED_EDGE('',*,*,#4967,.T.);
#6823=ORIENTED_EDGE('',*,*,#4961,.T.);
#6824=ORIENTED_EDGE('',*,*,#4971,.F.);
#6825=ORIENTED_EDGE('',*,*,#4972,.T.);
#6826=ORIENTED_EDGE('',*,*,#4973,.F.);
#6827=ORIENTED_EDGE('',*,*,#4974,.F.);
#6828=ORIENTED_EDGE('',*,*,#4975,.F.);
#6829=ORIENTED_EDGE('',*,*,#4976,.T.);
#6830=ORIENTED_EDGE('',*,*,#4977,.F.);
#6831=ORIENTED_EDGE('',*,*,#4972,.F.);
#6832=ORIENTED_EDGE('',*,*,#4978,.F.);
#6833=ORIENTED_EDGE('',*,*,#4974,.T.);
#6834=ORIENTED_EDGE('',*,*,#4979,.F.);
#6835=ORIENTED_EDGE('',*,*,#4980,.F.);
#6836=ORIENTED_EDGE('',*,*,#4981,.F.);
#6837=ORIENTED_EDGE('',*,*,#4980,.T.);
#6838=ORIENTED_EDGE('',*,*,#4982,.F.);
#6839=ORIENTED_EDGE('',*,*,#4976,.F.);
#6840=ORIENTED_EDGE('',*,*,#4977,.T.);
#6841=ORIENTED_EDGE('',*,*,#4982,.T.);
#6842=ORIENTED_EDGE('',*,*,#4979,.T.);
#6843=ORIENTED_EDGE('',*,*,#4973,.T.);
#6844=ORIENTED_EDGE('',*,*,#4983,.F.);
#6845=ORIENTED_EDGE('',*,*,#4984,.T.);
#6846=ORIENTED_EDGE('',*,*,#4985,.F.);
#6847=ORIENTED_EDGE('',*,*,#4986,.F.);
#6848=ORIENTED_EDGE('',*,*,#4987,.F.);
#6849=ORIENTED_EDGE('',*,*,#4988,.T.);
#6850=ORIENTED_EDGE('',*,*,#4989,.F.);
#6851=ORIENTED_EDGE('',*,*,#4984,.F.);
#6852=ORIENTED_EDGE('',*,*,#4990,.F.);
#6853=ORIENTED_EDGE('',*,*,#4986,.T.);
#6854=ORIENTED_EDGE('',*,*,#4991,.F.);
#6855=ORIENTED_EDGE('',*,*,#4992,.F.);
#6856=ORIENTED_EDGE('',*,*,#4993,.F.);
#6857=ORIENTED_EDGE('',*,*,#4992,.T.);
#6858=ORIENTED_EDGE('',*,*,#4994,.F.);
#6859=ORIENTED_EDGE('',*,*,#4988,.F.);
#6860=ORIENTED_EDGE('',*,*,#4989,.T.);
#6861=ORIENTED_EDGE('',*,*,#4994,.T.);
#6862=ORIENTED_EDGE('',*,*,#4991,.T.);
#6863=ORIENTED_EDGE('',*,*,#4985,.T.);
#6864=ORIENTED_EDGE('',*,*,#4995,.F.);
#6865=ORIENTED_EDGE('',*,*,#4996,.T.);
#6866=ORIENTED_EDGE('',*,*,#4997,.F.);
#6867=ORIENTED_EDGE('',*,*,#4998,.F.);
#6868=ORIENTED_EDGE('',*,*,#4999,.F.);
#6869=ORIENTED_EDGE('',*,*,#5000,.T.);
#6870=ORIENTED_EDGE('',*,*,#5001,.F.);
#6871=ORIENTED_EDGE('',*,*,#4996,.F.);
#6872=ORIENTED_EDGE('',*,*,#5002,.F.);
#6873=ORIENTED_EDGE('',*,*,#4998,.T.);
#6874=ORIENTED_EDGE('',*,*,#5003,.F.);
#6875=ORIENTED_EDGE('',*,*,#5004,.F.);
#6876=ORIENTED_EDGE('',*,*,#5005,.F.);
#6877=ORIENTED_EDGE('',*,*,#5004,.T.);
#6878=ORIENTED_EDGE('',*,*,#5006,.F.);
#6879=ORIENTED_EDGE('',*,*,#5000,.F.);
#6880=ORIENTED_EDGE('',*,*,#5001,.T.);
#6881=ORIENTED_EDGE('',*,*,#5006,.T.);
#6882=ORIENTED_EDGE('',*,*,#5003,.T.);
#6883=ORIENTED_EDGE('',*,*,#4997,.T.);
#6884=ORIENTED_EDGE('',*,*,#5007,.F.);
#6885=ORIENTED_EDGE('',*,*,#5008,.T.);
#6886=ORIENTED_EDGE('',*,*,#5009,.F.);
#6887=ORIENTED_EDGE('',*,*,#5010,.F.);
#6888=ORIENTED_EDGE('',*,*,#5011,.F.);
#6889=ORIENTED_EDGE('',*,*,#5012,.T.);
#6890=ORIENTED_EDGE('',*,*,#5013,.F.);
#6891=ORIENTED_EDGE('',*,*,#5008,.F.);
#6892=ORIENTED_EDGE('',*,*,#5014,.F.);
#6893=ORIENTED_EDGE('',*,*,#5010,.T.);
#6894=ORIENTED_EDGE('',*,*,#5015,.F.);
#6895=ORIENTED_EDGE('',*,*,#5016,.F.);
#6896=ORIENTED_EDGE('',*,*,#5017,.F.);
#6897=ORIENTED_EDGE('',*,*,#5016,.T.);
#6898=ORIENTED_EDGE('',*,*,#5018,.F.);
#6899=ORIENTED_EDGE('',*,*,#5012,.F.);
#6900=ORIENTED_EDGE('',*,*,#5013,.T.);
#6901=ORIENTED_EDGE('',*,*,#5018,.T.);
#6902=ORIENTED_EDGE('',*,*,#5015,.T.);
#6903=ORIENTED_EDGE('',*,*,#5009,.T.);
#6904=ORIENTED_EDGE('',*,*,#5019,.F.);
#6905=ORIENTED_EDGE('',*,*,#5020,.T.);
#6906=ORIENTED_EDGE('',*,*,#5021,.F.);
#6907=ORIENTED_EDGE('',*,*,#5022,.F.);
#6908=ORIENTED_EDGE('',*,*,#5023,.F.);
#6909=ORIENTED_EDGE('',*,*,#5024,.T.);
#6910=ORIENTED_EDGE('',*,*,#5025,.F.);
#6911=ORIENTED_EDGE('',*,*,#5020,.F.);
#6912=ORIENTED_EDGE('',*,*,#5026,.F.);
#6913=ORIENTED_EDGE('',*,*,#5022,.T.);
#6914=ORIENTED_EDGE('',*,*,#5027,.F.);
#6915=ORIENTED_EDGE('',*,*,#5028,.F.);
#6916=ORIENTED_EDGE('',*,*,#5029,.F.);
#6917=ORIENTED_EDGE('',*,*,#5028,.T.);
#6918=ORIENTED_EDGE('',*,*,#5030,.F.);
#6919=ORIENTED_EDGE('',*,*,#5024,.F.);
#6920=ORIENTED_EDGE('',*,*,#5025,.T.);
#6921=ORIENTED_EDGE('',*,*,#5030,.T.);
#6922=ORIENTED_EDGE('',*,*,#5027,.T.);
#6923=ORIENTED_EDGE('',*,*,#5021,.T.);
#6924=ORIENTED_EDGE('',*,*,#5031,.F.);
#6925=ORIENTED_EDGE('',*,*,#5032,.T.);
#6926=ORIENTED_EDGE('',*,*,#5033,.F.);
#6927=ORIENTED_EDGE('',*,*,#5034,.F.);
#6928=ORIENTED_EDGE('',*,*,#5035,.F.);
#6929=ORIENTED_EDGE('',*,*,#5036,.T.);
#6930=ORIENTED_EDGE('',*,*,#5037,.F.);
#6931=ORIENTED_EDGE('',*,*,#5032,.F.);
#6932=ORIENTED_EDGE('',*,*,#5038,.F.);
#6933=ORIENTED_EDGE('',*,*,#5034,.T.);
#6934=ORIENTED_EDGE('',*,*,#5039,.F.);
#6935=ORIENTED_EDGE('',*,*,#5040,.F.);
#6936=ORIENTED_EDGE('',*,*,#5041,.F.);
#6937=ORIENTED_EDGE('',*,*,#5040,.T.);
#6938=ORIENTED_EDGE('',*,*,#5042,.F.);
#6939=ORIENTED_EDGE('',*,*,#5036,.F.);
#6940=ORIENTED_EDGE('',*,*,#5037,.T.);
#6941=ORIENTED_EDGE('',*,*,#5042,.T.);
#6942=ORIENTED_EDGE('',*,*,#5039,.T.);
#6943=ORIENTED_EDGE('',*,*,#5033,.T.);
#6944=ORIENTED_EDGE('',*,*,#5043,.F.);
#6945=ORIENTED_EDGE('',*,*,#5044,.T.);
#6946=ORIENTED_EDGE('',*,*,#5045,.F.);
#6947=ORIENTED_EDGE('',*,*,#5046,.F.);
#6948=ORIENTED_EDGE('',*,*,#5047,.F.);
#6949=ORIENTED_EDGE('',*,*,#5048,.T.);
#6950=ORIENTED_EDGE('',*,*,#5049,.F.);
#6951=ORIENTED_EDGE('',*,*,#5044,.F.);
#6952=ORIENTED_EDGE('',*,*,#5050,.F.);
#6953=ORIENTED_EDGE('',*,*,#5046,.T.);
#6954=ORIENTED_EDGE('',*,*,#5051,.F.);
#6955=ORIENTED_EDGE('',*,*,#5052,.F.);
#6956=ORIENTED_EDGE('',*,*,#5053,.F.);
#6957=ORIENTED_EDGE('',*,*,#5052,.T.);
#6958=ORIENTED_EDGE('',*,*,#5054,.F.);
#6959=ORIENTED_EDGE('',*,*,#5048,.F.);
#6960=ORIENTED_EDGE('',*,*,#5049,.T.);
#6961=ORIENTED_EDGE('',*,*,#5054,.T.);
#6962=ORIENTED_EDGE('',*,*,#5051,.T.);
#6963=ORIENTED_EDGE('',*,*,#5045,.T.);
#6964=ORIENTED_EDGE('',*,*,#5055,.F.);
#6965=ORIENTED_EDGE('',*,*,#5056,.T.);
#6966=ORIENTED_EDGE('',*,*,#5057,.F.);
#6967=ORIENTED_EDGE('',*,*,#5058,.F.);
#6968=ORIENTED_EDGE('',*,*,#5059,.F.);
#6969=ORIENTED_EDGE('',*,*,#5060,.T.);
#6970=ORIENTED_EDGE('',*,*,#5061,.F.);
#6971=ORIENTED_EDGE('',*,*,#5056,.F.);
#6972=ORIENTED_EDGE('',*,*,#5062,.F.);
#6973=ORIENTED_EDGE('',*,*,#5058,.T.);
#6974=ORIENTED_EDGE('',*,*,#5063,.F.);
#6975=ORIENTED_EDGE('',*,*,#5064,.F.);
#6976=ORIENTED_EDGE('',*,*,#5065,.F.);
#6977=ORIENTED_EDGE('',*,*,#5064,.T.);
#6978=ORIENTED_EDGE('',*,*,#5066,.F.);
#6979=ORIENTED_EDGE('',*,*,#5060,.F.);
#6980=ORIENTED_EDGE('',*,*,#5061,.T.);
#6981=ORIENTED_EDGE('',*,*,#5066,.T.);
#6982=ORIENTED_EDGE('',*,*,#5063,.T.);
#6983=ORIENTED_EDGE('',*,*,#5057,.T.);
#6984=ORIENTED_EDGE('',*,*,#5067,.F.);
#6985=ORIENTED_EDGE('',*,*,#5068,.T.);
#6986=ORIENTED_EDGE('',*,*,#5069,.F.);
#6987=ORIENTED_EDGE('',*,*,#5070,.F.);
#6988=ORIENTED_EDGE('',*,*,#5071,.F.);
#6989=ORIENTED_EDGE('',*,*,#5072,.T.);
#6990=ORIENTED_EDGE('',*,*,#5073,.F.);
#6991=ORIENTED_EDGE('',*,*,#5068,.F.);
#6992=ORIENTED_EDGE('',*,*,#5074,.F.);
#6993=ORIENTED_EDGE('',*,*,#5070,.T.);
#6994=ORIENTED_EDGE('',*,*,#5075,.F.);
#6995=ORIENTED_EDGE('',*,*,#5076,.F.);
#6996=ORIENTED_EDGE('',*,*,#5077,.F.);
#6997=ORIENTED_EDGE('',*,*,#5076,.T.);
#6998=ORIENTED_EDGE('',*,*,#5078,.F.);
#6999=ORIENTED_EDGE('',*,*,#5072,.F.);
#7000=ORIENTED_EDGE('',*,*,#5073,.T.);
#7001=ORIENTED_EDGE('',*,*,#5078,.T.);
#7002=ORIENTED_EDGE('',*,*,#5075,.T.);
#7003=ORIENTED_EDGE('',*,*,#5069,.T.);
#7004=ORIENTED_EDGE('',*,*,#5079,.F.);
#7005=ORIENTED_EDGE('',*,*,#5080,.T.);
#7006=ORIENTED_EDGE('',*,*,#5081,.F.);
#7007=ORIENTED_EDGE('',*,*,#5082,.F.);
#7008=ORIENTED_EDGE('',*,*,#5083,.F.);
#7009=ORIENTED_EDGE('',*,*,#5084,.T.);
#7010=ORIENTED_EDGE('',*,*,#5085,.F.);
#7011=ORIENTED_EDGE('',*,*,#5080,.F.);
#7012=ORIENTED_EDGE('',*,*,#5086,.F.);
#7013=ORIENTED_EDGE('',*,*,#5082,.T.);
#7014=ORIENTED_EDGE('',*,*,#5087,.F.);
#7015=ORIENTED_EDGE('',*,*,#5088,.F.);
#7016=ORIENTED_EDGE('',*,*,#5089,.F.);
#7017=ORIENTED_EDGE('',*,*,#5088,.T.);
#7018=ORIENTED_EDGE('',*,*,#5090,.F.);
#7019=ORIENTED_EDGE('',*,*,#5084,.F.);
#7020=ORIENTED_EDGE('',*,*,#5085,.T.);
#7021=ORIENTED_EDGE('',*,*,#5090,.T.);
#7022=ORIENTED_EDGE('',*,*,#5087,.T.);
#7023=ORIENTED_EDGE('',*,*,#5081,.T.);
#7024=ORIENTED_EDGE('',*,*,#5091,.F.);
#7025=ORIENTED_EDGE('',*,*,#5092,.T.);
#7026=ORIENTED_EDGE('',*,*,#5093,.F.);
#7027=ORIENTED_EDGE('',*,*,#5094,.F.);
#7028=ORIENTED_EDGE('',*,*,#5095,.F.);
#7029=ORIENTED_EDGE('',*,*,#5096,.T.);
#7030=ORIENTED_EDGE('',*,*,#5097,.F.);
#7031=ORIENTED_EDGE('',*,*,#5092,.F.);
#7032=ORIENTED_EDGE('',*,*,#5098,.F.);
#7033=ORIENTED_EDGE('',*,*,#5094,.T.);
#7034=ORIENTED_EDGE('',*,*,#5099,.F.);
#7035=ORIENTED_EDGE('',*,*,#5100,.F.);
#7036=ORIENTED_EDGE('',*,*,#5101,.F.);
#7037=ORIENTED_EDGE('',*,*,#5100,.T.);
#7038=ORIENTED_EDGE('',*,*,#5102,.F.);
#7039=ORIENTED_EDGE('',*,*,#5096,.F.);
#7040=ORIENTED_EDGE('',*,*,#5097,.T.);
#7041=ORIENTED_EDGE('',*,*,#5102,.T.);
#7042=ORIENTED_EDGE('',*,*,#5099,.T.);
#7043=ORIENTED_EDGE('',*,*,#5093,.T.);
#7044=ORIENTED_EDGE('',*,*,#5103,.F.);
#7045=ORIENTED_EDGE('',*,*,#5104,.T.);
#7046=ORIENTED_EDGE('',*,*,#5105,.F.);
#7047=ORIENTED_EDGE('',*,*,#5106,.F.);
#7048=ORIENTED_EDGE('',*,*,#5107,.F.);
#7049=ORIENTED_EDGE('',*,*,#5108,.T.);
#7050=ORIENTED_EDGE('',*,*,#5109,.F.);
#7051=ORIENTED_EDGE('',*,*,#5104,.F.);
#7052=ORIENTED_EDGE('',*,*,#5110,.F.);
#7053=ORIENTED_EDGE('',*,*,#5106,.T.);
#7054=ORIENTED_EDGE('',*,*,#5111,.F.);
#7055=ORIENTED_EDGE('',*,*,#5112,.F.);
#7056=ORIENTED_EDGE('',*,*,#5113,.F.);
#7057=ORIENTED_EDGE('',*,*,#5112,.T.);
#7058=ORIENTED_EDGE('',*,*,#5114,.F.);
#7059=ORIENTED_EDGE('',*,*,#5108,.F.);
#7060=ORIENTED_EDGE('',*,*,#5109,.T.);
#7061=ORIENTED_EDGE('',*,*,#5114,.T.);
#7062=ORIENTED_EDGE('',*,*,#5111,.T.);
#7063=ORIENTED_EDGE('',*,*,#5105,.T.);
#7064=ORIENTED_EDGE('',*,*,#5115,.F.);
#7065=ORIENTED_EDGE('',*,*,#5116,.T.);
#7066=ORIENTED_EDGE('',*,*,#5117,.F.);
#7067=ORIENTED_EDGE('',*,*,#5118,.F.);
#7068=ORIENTED_EDGE('',*,*,#5119,.F.);
#7069=ORIENTED_EDGE('',*,*,#5120,.T.);
#7070=ORIENTED_EDGE('',*,*,#5121,.F.);
#7071=ORIENTED_EDGE('',*,*,#5116,.F.);
#7072=ORIENTED_EDGE('',*,*,#5122,.F.);
#7073=ORIENTED_EDGE('',*,*,#5118,.T.);
#7074=ORIENTED_EDGE('',*,*,#5123,.F.);
#7075=ORIENTED_EDGE('',*,*,#5124,.F.);
#7076=ORIENTED_EDGE('',*,*,#5125,.F.);
#7077=ORIENTED_EDGE('',*,*,#5124,.T.);
#7078=ORIENTED_EDGE('',*,*,#5126,.F.);
#7079=ORIENTED_EDGE('',*,*,#5120,.F.);
#7080=ORIENTED_EDGE('',*,*,#5121,.T.);
#7081=ORIENTED_EDGE('',*,*,#5126,.T.);
#7082=ORIENTED_EDGE('',*,*,#5123,.T.);
#7083=ORIENTED_EDGE('',*,*,#5117,.T.);
#7084=ORIENTED_EDGE('',*,*,#5127,.F.);
#7085=ORIENTED_EDGE('',*,*,#5128,.T.);
#7086=ORIENTED_EDGE('',*,*,#5129,.F.);
#7087=ORIENTED_EDGE('',*,*,#5130,.F.);
#7088=ORIENTED_EDGE('',*,*,#5131,.F.);
#7089=ORIENTED_EDGE('',*,*,#5132,.T.);
#7090=ORIENTED_EDGE('',*,*,#5133,.F.);
#7091=ORIENTED_EDGE('',*,*,#5128,.F.);
#7092=ORIENTED_EDGE('',*,*,#5134,.F.);
#7093=ORIENTED_EDGE('',*,*,#5130,.T.);
#7094=ORIENTED_EDGE('',*,*,#5135,.F.);
#7095=ORIENTED_EDGE('',*,*,#5136,.F.);
#7096=ORIENTED_EDGE('',*,*,#5137,.F.);
#7097=ORIENTED_EDGE('',*,*,#5136,.T.);
#7098=ORIENTED_EDGE('',*,*,#5138,.F.);
#7099=ORIENTED_EDGE('',*,*,#5132,.F.);
#7100=ORIENTED_EDGE('',*,*,#5133,.T.);
#7101=ORIENTED_EDGE('',*,*,#5138,.T.);
#7102=ORIENTED_EDGE('',*,*,#5135,.T.);
#7103=ORIENTED_EDGE('',*,*,#5129,.T.);
#7104=ORIENTED_EDGE('',*,*,#5139,.F.);
#7105=ORIENTED_EDGE('',*,*,#5140,.T.);
#7106=ORIENTED_EDGE('',*,*,#5141,.F.);
#7107=ORIENTED_EDGE('',*,*,#5142,.F.);
#7108=ORIENTED_EDGE('',*,*,#5143,.F.);
#7109=ORIENTED_EDGE('',*,*,#5144,.T.);
#7110=ORIENTED_EDGE('',*,*,#5145,.F.);
#7111=ORIENTED_EDGE('',*,*,#5140,.F.);
#7112=ORIENTED_EDGE('',*,*,#5146,.F.);
#7113=ORIENTED_EDGE('',*,*,#5142,.T.);
#7114=ORIENTED_EDGE('',*,*,#5147,.F.);
#7115=ORIENTED_EDGE('',*,*,#5148,.F.);
#7116=ORIENTED_EDGE('',*,*,#5149,.F.);
#7117=ORIENTED_EDGE('',*,*,#5148,.T.);
#7118=ORIENTED_EDGE('',*,*,#5150,.F.);
#7119=ORIENTED_EDGE('',*,*,#5144,.F.);
#7120=ORIENTED_EDGE('',*,*,#5145,.T.);
#7121=ORIENTED_EDGE('',*,*,#5150,.T.);
#7122=ORIENTED_EDGE('',*,*,#5147,.T.);
#7123=ORIENTED_EDGE('',*,*,#5141,.T.);
#7124=ORIENTED_EDGE('',*,*,#5151,.F.);
#7125=ORIENTED_EDGE('',*,*,#5152,.T.);
#7126=ORIENTED_EDGE('',*,*,#5153,.F.);
#7127=ORIENTED_EDGE('',*,*,#5154,.F.);
#7128=ORIENTED_EDGE('',*,*,#5155,.F.);
#7129=ORIENTED_EDGE('',*,*,#5156,.T.);
#7130=ORIENTED_EDGE('',*,*,#5157,.F.);
#7131=ORIENTED_EDGE('',*,*,#5152,.F.);
#7132=ORIENTED_EDGE('',*,*,#5158,.F.);
#7133=ORIENTED_EDGE('',*,*,#5154,.T.);
#7134=ORIENTED_EDGE('',*,*,#5159,.F.);
#7135=ORIENTED_EDGE('',*,*,#5160,.F.);
#7136=ORIENTED_EDGE('',*,*,#5161,.F.);
#7137=ORIENTED_EDGE('',*,*,#5160,.T.);
#7138=ORIENTED_EDGE('',*,*,#5162,.F.);
#7139=ORIENTED_EDGE('',*,*,#5156,.F.);
#7140=ORIENTED_EDGE('',*,*,#5157,.T.);
#7141=ORIENTED_EDGE('',*,*,#5162,.T.);
#7142=ORIENTED_EDGE('',*,*,#5159,.T.);
#7143=ORIENTED_EDGE('',*,*,#5153,.T.);
#7144=ORIENTED_EDGE('',*,*,#5163,.F.);
#7145=ORIENTED_EDGE('',*,*,#5164,.T.);
#7146=ORIENTED_EDGE('',*,*,#5165,.F.);
#7147=ORIENTED_EDGE('',*,*,#5166,.F.);
#7148=ORIENTED_EDGE('',*,*,#5167,.F.);
#7149=ORIENTED_EDGE('',*,*,#5168,.T.);
#7150=ORIENTED_EDGE('',*,*,#5169,.F.);
#7151=ORIENTED_EDGE('',*,*,#5164,.F.);
#7152=ORIENTED_EDGE('',*,*,#5170,.F.);
#7153=ORIENTED_EDGE('',*,*,#5166,.T.);
#7154=ORIENTED_EDGE('',*,*,#5171,.F.);
#7155=ORIENTED_EDGE('',*,*,#5172,.F.);
#7156=ORIENTED_EDGE('',*,*,#5173,.F.);
#7157=ORIENTED_EDGE('',*,*,#5172,.T.);
#7158=ORIENTED_EDGE('',*,*,#5174,.F.);
#7159=ORIENTED_EDGE('',*,*,#5168,.F.);
#7160=ORIENTED_EDGE('',*,*,#5169,.T.);
#7161=ORIENTED_EDGE('',*,*,#5174,.T.);
#7162=ORIENTED_EDGE('',*,*,#5171,.T.);
#7163=ORIENTED_EDGE('',*,*,#5165,.T.);
#7164=ORIENTED_EDGE('',*,*,#5175,.F.);
#7165=ORIENTED_EDGE('',*,*,#5176,.T.);
#7166=ORIENTED_EDGE('',*,*,#5177,.F.);
#7167=ORIENTED_EDGE('',*,*,#5178,.F.);
#7168=ORIENTED_EDGE('',*,*,#5179,.F.);
#7169=ORIENTED_EDGE('',*,*,#5180,.T.);
#7170=ORIENTED_EDGE('',*,*,#5181,.F.);
#7171=ORIENTED_EDGE('',*,*,#5176,.F.);
#7172=ORIENTED_EDGE('',*,*,#5182,.F.);
#7173=ORIENTED_EDGE('',*,*,#5178,.T.);
#7174=ORIENTED_EDGE('',*,*,#5183,.F.);
#7175=ORIENTED_EDGE('',*,*,#5184,.F.);
#7176=ORIENTED_EDGE('',*,*,#5185,.F.);
#7177=ORIENTED_EDGE('',*,*,#5184,.T.);
#7178=ORIENTED_EDGE('',*,*,#5186,.F.);
#7179=ORIENTED_EDGE('',*,*,#5180,.F.);
#7180=ORIENTED_EDGE('',*,*,#5181,.T.);
#7181=ORIENTED_EDGE('',*,*,#5186,.T.);
#7182=ORIENTED_EDGE('',*,*,#5183,.T.);
#7183=ORIENTED_EDGE('',*,*,#5177,.T.);
#7184=ORIENTED_EDGE('',*,*,#5187,.F.);
#7185=ORIENTED_EDGE('',*,*,#5188,.T.);
#7186=ORIENTED_EDGE('',*,*,#5189,.F.);
#7187=ORIENTED_EDGE('',*,*,#5190,.F.);
#7188=ORIENTED_EDGE('',*,*,#5191,.F.);
#7189=ORIENTED_EDGE('',*,*,#5192,.T.);
#7190=ORIENTED_EDGE('',*,*,#5193,.F.);
#7191=ORIENTED_EDGE('',*,*,#5188,.F.);
#7192=ORIENTED_EDGE('',*,*,#5194,.F.);
#7193=ORIENTED_EDGE('',*,*,#5190,.T.);
#7194=ORIENTED_EDGE('',*,*,#5195,.F.);
#7195=ORIENTED_EDGE('',*,*,#5196,.F.);
#7196=ORIENTED_EDGE('',*,*,#5197,.F.);
#7197=ORIENTED_EDGE('',*,*,#5196,.T.);
#7198=ORIENTED_EDGE('',*,*,#5198,.F.);
#7199=ORIENTED_EDGE('',*,*,#5192,.F.);
#7200=ORIENTED_EDGE('',*,*,#5193,.T.);
#7201=ORIENTED_EDGE('',*,*,#5198,.T.);
#7202=ORIENTED_EDGE('',*,*,#5195,.T.);
#7203=ORIENTED_EDGE('',*,*,#5189,.T.);
#7204=ORIENTED_EDGE('',*,*,#5199,.F.);
#7205=ORIENTED_EDGE('',*,*,#5200,.T.);
#7206=ORIENTED_EDGE('',*,*,#5201,.F.);
#7207=ORIENTED_EDGE('',*,*,#5202,.F.);
#7208=ORIENTED_EDGE('',*,*,#5203,.F.);
#7209=ORIENTED_EDGE('',*,*,#5204,.T.);
#7210=ORIENTED_EDGE('',*,*,#5205,.F.);
#7211=ORIENTED_EDGE('',*,*,#5200,.F.);
#7212=ORIENTED_EDGE('',*,*,#5206,.F.);
#7213=ORIENTED_EDGE('',*,*,#5202,.T.);
#7214=ORIENTED_EDGE('',*,*,#5207,.F.);
#7215=ORIENTED_EDGE('',*,*,#5208,.F.);
#7216=ORIENTED_EDGE('',*,*,#5209,.F.);
#7217=ORIENTED_EDGE('',*,*,#5208,.T.);
#7218=ORIENTED_EDGE('',*,*,#5210,.F.);
#7219=ORIENTED_EDGE('',*,*,#5204,.F.);
#7220=ORIENTED_EDGE('',*,*,#5205,.T.);
#7221=ORIENTED_EDGE('',*,*,#5210,.T.);
#7222=ORIENTED_EDGE('',*,*,#5207,.T.);
#7223=ORIENTED_EDGE('',*,*,#5201,.T.);
#7224=ORIENTED_EDGE('',*,*,#5211,.F.);
#7225=ORIENTED_EDGE('',*,*,#5212,.T.);
#7226=ORIENTED_EDGE('',*,*,#5213,.F.);
#7227=ORIENTED_EDGE('',*,*,#5214,.F.);
#7228=ORIENTED_EDGE('',*,*,#5215,.F.);
#7229=ORIENTED_EDGE('',*,*,#5216,.T.);
#7230=ORIENTED_EDGE('',*,*,#5217,.F.);
#7231=ORIENTED_EDGE('',*,*,#5212,.F.);
#7232=ORIENTED_EDGE('',*,*,#5218,.F.);
#7233=ORIENTED_EDGE('',*,*,#5214,.T.);
#7234=ORIENTED_EDGE('',*,*,#5219,.F.);
#7235=ORIENTED_EDGE('',*,*,#5220,.F.);
#7236=ORIENTED_EDGE('',*,*,#5221,.F.);
#7237=ORIENTED_EDGE('',*,*,#5220,.T.);
#7238=ORIENTED_EDGE('',*,*,#5222,.F.);
#7239=ORIENTED_EDGE('',*,*,#5216,.F.);
#7240=ORIENTED_EDGE('',*,*,#5217,.T.);
#7241=ORIENTED_EDGE('',*,*,#5222,.T.);
#7242=ORIENTED_EDGE('',*,*,#5219,.T.);
#7243=ORIENTED_EDGE('',*,*,#5213,.T.);
#7244=ORIENTED_EDGE('',*,*,#5223,.F.);
#7245=ORIENTED_EDGE('',*,*,#5224,.T.);
#7246=ORIENTED_EDGE('',*,*,#5225,.F.);
#7247=ORIENTED_EDGE('',*,*,#5226,.F.);
#7248=ORIENTED_EDGE('',*,*,#5227,.F.);
#7249=ORIENTED_EDGE('',*,*,#5228,.T.);
#7250=ORIENTED_EDGE('',*,*,#5229,.F.);
#7251=ORIENTED_EDGE('',*,*,#5224,.F.);
#7252=ORIENTED_EDGE('',*,*,#5230,.F.);
#7253=ORIENTED_EDGE('',*,*,#5226,.T.);
#7254=ORIENTED_EDGE('',*,*,#5231,.F.);
#7255=ORIENTED_EDGE('',*,*,#5232,.F.);
#7256=ORIENTED_EDGE('',*,*,#5233,.F.);
#7257=ORIENTED_EDGE('',*,*,#5232,.T.);
#7258=ORIENTED_EDGE('',*,*,#5234,.F.);
#7259=ORIENTED_EDGE('',*,*,#5228,.F.);
#7260=ORIENTED_EDGE('',*,*,#5229,.T.);
#7261=ORIENTED_EDGE('',*,*,#5234,.T.);
#7262=ORIENTED_EDGE('',*,*,#5231,.T.);
#7263=ORIENTED_EDGE('',*,*,#5225,.T.);
#7264=ORIENTED_EDGE('',*,*,#5235,.F.);
#7265=ORIENTED_EDGE('',*,*,#5236,.T.);
#7266=ORIENTED_EDGE('',*,*,#5237,.F.);
#7267=ORIENTED_EDGE('',*,*,#5238,.F.);
#7268=ORIENTED_EDGE('',*,*,#5239,.F.);
#7269=ORIENTED_EDGE('',*,*,#5240,.T.);
#7270=ORIENTED_EDGE('',*,*,#5241,.F.);
#7271=ORIENTED_EDGE('',*,*,#5236,.F.);
#7272=ORIENTED_EDGE('',*,*,#5242,.F.);
#7273=ORIENTED_EDGE('',*,*,#5238,.T.);
#7274=ORIENTED_EDGE('',*,*,#5243,.F.);
#7275=ORIENTED_EDGE('',*,*,#5244,.F.);
#7276=ORIENTED_EDGE('',*,*,#5245,.F.);
#7277=ORIENTED_EDGE('',*,*,#5244,.T.);
#7278=ORIENTED_EDGE('',*,*,#5246,.F.);
#7279=ORIENTED_EDGE('',*,*,#5240,.F.);
#7280=ORIENTED_EDGE('',*,*,#5241,.T.);
#7281=ORIENTED_EDGE('',*,*,#5246,.T.);
#7282=ORIENTED_EDGE('',*,*,#5243,.T.);
#7283=ORIENTED_EDGE('',*,*,#5237,.T.);
#7284=ORIENTED_EDGE('',*,*,#5247,.F.);
#7285=ORIENTED_EDGE('',*,*,#5248,.T.);
#7286=ORIENTED_EDGE('',*,*,#5249,.F.);
#7287=ORIENTED_EDGE('',*,*,#5250,.F.);
#7288=ORIENTED_EDGE('',*,*,#5251,.F.);
#7289=ORIENTED_EDGE('',*,*,#5252,.T.);
#7290=ORIENTED_EDGE('',*,*,#5253,.F.);
#7291=ORIENTED_EDGE('',*,*,#5248,.F.);
#7292=ORIENTED_EDGE('',*,*,#5254,.F.);
#7293=ORIENTED_EDGE('',*,*,#5250,.T.);
#7294=ORIENTED_EDGE('',*,*,#5255,.F.);
#7295=ORIENTED_EDGE('',*,*,#5256,.F.);
#7296=ORIENTED_EDGE('',*,*,#5257,.F.);
#7297=ORIENTED_EDGE('',*,*,#5256,.T.);
#7298=ORIENTED_EDGE('',*,*,#5258,.F.);
#7299=ORIENTED_EDGE('',*,*,#5252,.F.);
#7300=ORIENTED_EDGE('',*,*,#5253,.T.);
#7301=ORIENTED_EDGE('',*,*,#5258,.T.);
#7302=ORIENTED_EDGE('',*,*,#5255,.T.);
#7303=ORIENTED_EDGE('',*,*,#5249,.T.);
#7304=ORIENTED_EDGE('',*,*,#5259,.F.);
#7305=ORIENTED_EDGE('',*,*,#5260,.T.);
#7306=ORIENTED_EDGE('',*,*,#5261,.F.);
#7307=ORIENTED_EDGE('',*,*,#5262,.F.);
#7308=ORIENTED_EDGE('',*,*,#5263,.F.);
#7309=ORIENTED_EDGE('',*,*,#5264,.T.);
#7310=ORIENTED_EDGE('',*,*,#5265,.F.);
#7311=ORIENTED_EDGE('',*,*,#5260,.F.);
#7312=ORIENTED_EDGE('',*,*,#5266,.F.);
#7313=ORIENTED_EDGE('',*,*,#5262,.T.);
#7314=ORIENTED_EDGE('',*,*,#5267,.F.);
#7315=ORIENTED_EDGE('',*,*,#5268,.F.);
#7316=ORIENTED_EDGE('',*,*,#5269,.F.);
#7317=ORIENTED_EDGE('',*,*,#5268,.T.);
#7318=ORIENTED_EDGE('',*,*,#5270,.F.);
#7319=ORIENTED_EDGE('',*,*,#5264,.F.);
#7320=ORIENTED_EDGE('',*,*,#5265,.T.);
#7321=ORIENTED_EDGE('',*,*,#5270,.T.);
#7322=ORIENTED_EDGE('',*,*,#5267,.T.);
#7323=ORIENTED_EDGE('',*,*,#5261,.T.);
#7324=ORIENTED_EDGE('',*,*,#5271,.F.);
#7325=ORIENTED_EDGE('',*,*,#5272,.T.);
#7326=ORIENTED_EDGE('',*,*,#5273,.F.);
#7327=ORIENTED_EDGE('',*,*,#5274,.F.);
#7328=ORIENTED_EDGE('',*,*,#5275,.F.);
#7329=ORIENTED_EDGE('',*,*,#5276,.T.);
#7330=ORIENTED_EDGE('',*,*,#5277,.F.);
#7331=ORIENTED_EDGE('',*,*,#5272,.F.);
#7332=ORIENTED_EDGE('',*,*,#5278,.F.);
#7333=ORIENTED_EDGE('',*,*,#5274,.T.);
#7334=ORIENTED_EDGE('',*,*,#5279,.F.);
#7335=ORIENTED_EDGE('',*,*,#5280,.F.);
#7336=ORIENTED_EDGE('',*,*,#5281,.F.);
#7337=ORIENTED_EDGE('',*,*,#5280,.T.);
#7338=ORIENTED_EDGE('',*,*,#5282,.F.);
#7339=ORIENTED_EDGE('',*,*,#5276,.F.);
#7340=ORIENTED_EDGE('',*,*,#5277,.T.);
#7341=ORIENTED_EDGE('',*,*,#5282,.T.);
#7342=ORIENTED_EDGE('',*,*,#5279,.T.);
#7343=ORIENTED_EDGE('',*,*,#5273,.T.);
#7344=ORIENTED_EDGE('',*,*,#5283,.F.);
#7345=ORIENTED_EDGE('',*,*,#5284,.T.);
#7346=ORIENTED_EDGE('',*,*,#5285,.F.);
#7347=ORIENTED_EDGE('',*,*,#5286,.F.);
#7348=ORIENTED_EDGE('',*,*,#5287,.F.);
#7349=ORIENTED_EDGE('',*,*,#5288,.T.);
#7350=ORIENTED_EDGE('',*,*,#5289,.F.);
#7351=ORIENTED_EDGE('',*,*,#5284,.F.);
#7352=ORIENTED_EDGE('',*,*,#5290,.F.);
#7353=ORIENTED_EDGE('',*,*,#5286,.T.);
#7354=ORIENTED_EDGE('',*,*,#5291,.F.);
#7355=ORIENTED_EDGE('',*,*,#5292,.F.);
#7356=ORIENTED_EDGE('',*,*,#5293,.F.);
#7357=ORIENTED_EDGE('',*,*,#5292,.T.);
#7358=ORIENTED_EDGE('',*,*,#5294,.F.);
#7359=ORIENTED_EDGE('',*,*,#5288,.F.);
#7360=ORIENTED_EDGE('',*,*,#5289,.T.);
#7361=ORIENTED_EDGE('',*,*,#5294,.T.);
#7362=ORIENTED_EDGE('',*,*,#5291,.T.);
#7363=ORIENTED_EDGE('',*,*,#5285,.T.);
#7364=ORIENTED_EDGE('',*,*,#5295,.F.);
#7365=ORIENTED_EDGE('',*,*,#5296,.T.);
#7366=ORIENTED_EDGE('',*,*,#5297,.F.);
#7367=ORIENTED_EDGE('',*,*,#5298,.F.);
#7368=ORIENTED_EDGE('',*,*,#5299,.F.);
#7369=ORIENTED_EDGE('',*,*,#5300,.T.);
#7370=ORIENTED_EDGE('',*,*,#5301,.F.);
#7371=ORIENTED_EDGE('',*,*,#5296,.F.);
#7372=ORIENTED_EDGE('',*,*,#5302,.F.);
#7373=ORIENTED_EDGE('',*,*,#5298,.T.);
#7374=ORIENTED_EDGE('',*,*,#5303,.F.);
#7375=ORIENTED_EDGE('',*,*,#5304,.F.);
#7376=ORIENTED_EDGE('',*,*,#5305,.F.);
#7377=ORIENTED_EDGE('',*,*,#5304,.T.);
#7378=ORIENTED_EDGE('',*,*,#5306,.F.);
#7379=ORIENTED_EDGE('',*,*,#5300,.F.);
#7380=ORIENTED_EDGE('',*,*,#5301,.T.);
#7381=ORIENTED_EDGE('',*,*,#5306,.T.);
#7382=ORIENTED_EDGE('',*,*,#5303,.T.);
#7383=ORIENTED_EDGE('',*,*,#5297,.T.);
#7384=ORIENTED_EDGE('',*,*,#5307,.F.);
#7385=ORIENTED_EDGE('',*,*,#5308,.T.);
#7386=ORIENTED_EDGE('',*,*,#5309,.F.);
#7387=ORIENTED_EDGE('',*,*,#5310,.F.);
#7388=ORIENTED_EDGE('',*,*,#5311,.F.);
#7389=ORIENTED_EDGE('',*,*,#5312,.T.);
#7390=ORIENTED_EDGE('',*,*,#5313,.F.);
#7391=ORIENTED_EDGE('',*,*,#5308,.F.);
#7392=ORIENTED_EDGE('',*,*,#5314,.F.);
#7393=ORIENTED_EDGE('',*,*,#5310,.T.);
#7394=ORIENTED_EDGE('',*,*,#5315,.F.);
#7395=ORIENTED_EDGE('',*,*,#5316,.F.);
#7396=ORIENTED_EDGE('',*,*,#5317,.F.);
#7397=ORIENTED_EDGE('',*,*,#5316,.T.);
#7398=ORIENTED_EDGE('',*,*,#5318,.F.);
#7399=ORIENTED_EDGE('',*,*,#5312,.F.);
#7400=ORIENTED_EDGE('',*,*,#5313,.T.);
#7401=ORIENTED_EDGE('',*,*,#5318,.T.);
#7402=ORIENTED_EDGE('',*,*,#5315,.T.);
#7403=ORIENTED_EDGE('',*,*,#5309,.T.);
#7404=ORIENTED_EDGE('',*,*,#5319,.F.);
#7405=ORIENTED_EDGE('',*,*,#5320,.T.);
#7406=ORIENTED_EDGE('',*,*,#5321,.F.);
#7407=ORIENTED_EDGE('',*,*,#5322,.F.);
#7408=ORIENTED_EDGE('',*,*,#5323,.F.);
#7409=ORIENTED_EDGE('',*,*,#5324,.T.);
#7410=ORIENTED_EDGE('',*,*,#5325,.F.);
#7411=ORIENTED_EDGE('',*,*,#5320,.F.);
#7412=ORIENTED_EDGE('',*,*,#5326,.F.);
#7413=ORIENTED_EDGE('',*,*,#5322,.T.);
#7414=ORIENTED_EDGE('',*,*,#5327,.F.);
#7415=ORIENTED_EDGE('',*,*,#5328,.F.);
#7416=ORIENTED_EDGE('',*,*,#5329,.F.);
#7417=ORIENTED_EDGE('',*,*,#5328,.T.);
#7418=ORIENTED_EDGE('',*,*,#5330,.F.);
#7419=ORIENTED_EDGE('',*,*,#5324,.F.);
#7420=ORIENTED_EDGE('',*,*,#5325,.T.);
#7421=ORIENTED_EDGE('',*,*,#5330,.T.);
#7422=ORIENTED_EDGE('',*,*,#5327,.T.);
#7423=ORIENTED_EDGE('',*,*,#5321,.T.);
#7424=ORIENTED_EDGE('',*,*,#5331,.F.);
#7425=ORIENTED_EDGE('',*,*,#5332,.T.);
#7426=ORIENTED_EDGE('',*,*,#5333,.F.);
#7427=ORIENTED_EDGE('',*,*,#5334,.F.);
#7428=ORIENTED_EDGE('',*,*,#5335,.F.);
#7429=ORIENTED_EDGE('',*,*,#5336,.T.);
#7430=ORIENTED_EDGE('',*,*,#5337,.F.);
#7431=ORIENTED_EDGE('',*,*,#5332,.F.);
#7432=ORIENTED_EDGE('',*,*,#5338,.F.);
#7433=ORIENTED_EDGE('',*,*,#5334,.T.);
#7434=ORIENTED_EDGE('',*,*,#5339,.F.);
#7435=ORIENTED_EDGE('',*,*,#5340,.F.);
#7436=ORIENTED_EDGE('',*,*,#5341,.F.);
#7437=ORIENTED_EDGE('',*,*,#5340,.T.);
#7438=ORIENTED_EDGE('',*,*,#5342,.F.);
#7439=ORIENTED_EDGE('',*,*,#5336,.F.);
#7440=ORIENTED_EDGE('',*,*,#5337,.T.);
#7441=ORIENTED_EDGE('',*,*,#5342,.T.);
#7442=ORIENTED_EDGE('',*,*,#5339,.T.);
#7443=ORIENTED_EDGE('',*,*,#5333,.T.);
#7444=ORIENTED_EDGE('',*,*,#4796,.F.);
#7445=ORIENTED_EDGE('',*,*,#5343,.T.);
#7446=ORIENTED_EDGE('',*,*,#5344,.F.);
#7447=ORIENTED_EDGE('',*,*,#5343,.F.);
#7448=ORIENTED_EDGE('',*,*,#4797,.F.);
#7449=ORIENTED_EDGE('',*,*,#5345,.T.);
#7450=ORIENTED_EDGE('',*,*,#5346,.F.);
#7451=ORIENTED_EDGE('',*,*,#5345,.F.);
#7452=ORIENTED_EDGE('',*,*,#4798,.F.);
#7453=ORIENTED_EDGE('',*,*,#5347,.T.);
#7454=ORIENTED_EDGE('',*,*,#5348,.F.);
#7455=ORIENTED_EDGE('',*,*,#5347,.F.);
#7456=ORIENTED_EDGE('',*,*,#4799,.F.);
#7457=ORIENTED_EDGE('',*,*,#5349,.T.);
#7458=ORIENTED_EDGE('',*,*,#5350,.F.);
#7459=ORIENTED_EDGE('',*,*,#5349,.F.);
#7460=ORIENTED_EDGE('',*,*,#4800,.F.);
#7461=ORIENTED_EDGE('',*,*,#5351,.T.);
#7462=ORIENTED_EDGE('',*,*,#5352,.F.);
#7463=ORIENTED_EDGE('',*,*,#5351,.F.);
#7464=ORIENTED_EDGE('',*,*,#4801,.F.);
#7465=ORIENTED_EDGE('',*,*,#5353,.T.);
#7466=ORIENTED_EDGE('',*,*,#5354,.F.);
#7467=ORIENTED_EDGE('',*,*,#5353,.F.);
#7468=ORIENTED_EDGE('',*,*,#4802,.F.);
#7469=ORIENTED_EDGE('',*,*,#5355,.T.);
#7470=ORIENTED_EDGE('',*,*,#5356,.F.);
#7471=ORIENTED_EDGE('',*,*,#5355,.F.);
#7472=ORIENTED_EDGE('',*,*,#4803,.F.);
#7473=ORIENTED_EDGE('',*,*,#5357,.T.);
#7474=ORIENTED_EDGE('',*,*,#5358,.F.);
#7475=ORIENTED_EDGE('',*,*,#5357,.F.);
#7476=ORIENTED_EDGE('',*,*,#4804,.F.);
#7477=ORIENTED_EDGE('',*,*,#5359,.T.);
#7478=ORIENTED_EDGE('',*,*,#5360,.F.);
#7479=ORIENTED_EDGE('',*,*,#5359,.F.);
#7480=ORIENTED_EDGE('',*,*,#4805,.F.);
#7481=ORIENTED_EDGE('',*,*,#5361,.T.);
#7482=ORIENTED_EDGE('',*,*,#5362,.F.);
#7483=ORIENTED_EDGE('',*,*,#5361,.F.);
#7484=ORIENTED_EDGE('',*,*,#4806,.F.);
#7485=ORIENTED_EDGE('',*,*,#5363,.T.);
#7486=ORIENTED_EDGE('',*,*,#5364,.F.);
#7487=ORIENTED_EDGE('',*,*,#5363,.F.);
#7488=ORIENTED_EDGE('',*,*,#4807,.F.);
#7489=ORIENTED_EDGE('',*,*,#5365,.T.);
#7490=ORIENTED_EDGE('',*,*,#5366,.F.);
#7491=ORIENTED_EDGE('',*,*,#5365,.F.);
#7492=ORIENTED_EDGE('',*,*,#4768,.F.);
#7493=ORIENTED_EDGE('',*,*,#5367,.T.);
#7494=ORIENTED_EDGE('',*,*,#5368,.F.);
#7495=ORIENTED_EDGE('',*,*,#5369,.F.);
#7496=ORIENTED_EDGE('',*,*,#4769,.F.);
#7497=ORIENTED_EDGE('',*,*,#5369,.T.);
#7498=ORIENTED_EDGE('',*,*,#5370,.F.);
#7499=ORIENTED_EDGE('',*,*,#5371,.F.);
#7500=ORIENTED_EDGE('',*,*,#4770,.F.);
#7501=ORIENTED_EDGE('',*,*,#5371,.T.);
#7502=ORIENTED_EDGE('',*,*,#5372,.F.);
#7503=ORIENTED_EDGE('',*,*,#5373,.F.);
#7504=ORIENTED_EDGE('',*,*,#4771,.F.);
#7505=ORIENTED_EDGE('',*,*,#5373,.T.);
#7506=ORIENTED_EDGE('',*,*,#5374,.F.);
#7507=ORIENTED_EDGE('',*,*,#5367,.F.);
#7508=ORIENTED_EDGE('',*,*,#5374,.T.);
#7509=ORIENTED_EDGE('',*,*,#5372,.T.);
#7510=ORIENTED_EDGE('',*,*,#5370,.T.);
#7511=ORIENTED_EDGE('',*,*,#5368,.T.);
#7512=ORIENTED_EDGE('',*,*,#5038,.T.);
#7513=ORIENTED_EDGE('',*,*,#5041,.T.);
#7514=ORIENTED_EDGE('',*,*,#5035,.T.);
#7515=ORIENTED_EDGE('',*,*,#5031,.T.);
#7516=ORIENTED_EDGE('',*,*,#5242,.T.);
#7517=ORIENTED_EDGE('',*,*,#5245,.T.);
#7518=ORIENTED_EDGE('',*,*,#5239,.T.);
#7519=ORIENTED_EDGE('',*,*,#5235,.T.);
#7520=ORIENTED_EDGE('',*,*,#5230,.T.);
#7521=ORIENTED_EDGE('',*,*,#5233,.T.);
#7522=ORIENTED_EDGE('',*,*,#5227,.T.);
#7523=ORIENTED_EDGE('',*,*,#5223,.T.);
#7524=ORIENTED_EDGE('',*,*,#5026,.T.);
#7525=ORIENTED_EDGE('',*,*,#5029,.T.);
#7526=ORIENTED_EDGE('',*,*,#5023,.T.);
#7527=ORIENTED_EDGE('',*,*,#5019,.T.);
#7528=ORIENTED_EDGE('',*,*,#5050,.T.);
#7529=ORIENTED_EDGE('',*,*,#5053,.T.);
#7530=ORIENTED_EDGE('',*,*,#5047,.T.);
#7531=ORIENTED_EDGE('',*,*,#5043,.T.);
#7532=ORIENTED_EDGE('',*,*,#5254,.T.);
#7533=ORIENTED_EDGE('',*,*,#5257,.T.);
#7534=ORIENTED_EDGE('',*,*,#5251,.T.);
#7535=ORIENTED_EDGE('',*,*,#5247,.T.);
#7536=ORIENTED_EDGE('',*,*,#5218,.T.);
#7537=ORIENTED_EDGE('',*,*,#5221,.T.);
#7538=ORIENTED_EDGE('',*,*,#5215,.T.);
#7539=ORIENTED_EDGE('',*,*,#5211,.T.);
#7540=ORIENTED_EDGE('',*,*,#5014,.T.);
#7541=ORIENTED_EDGE('',*,*,#5017,.T.);
#7542=ORIENTED_EDGE('',*,*,#5011,.T.);
#7543=ORIENTED_EDGE('',*,*,#5007,.T.);
#7544=ORIENTED_EDGE('',*,*,#4772,.F.);
#7545=ORIENTED_EDGE('',*,*,#5375,.T.);
#7546=ORIENTED_EDGE('',*,*,#5376,.F.);
#7547=ORIENTED_EDGE('',*,*,#5377,.F.);
#7548=ORIENTED_EDGE('',*,*,#4773,.F.);
#7549=ORIENTED_EDGE('',*,*,#5377,.T.);
#7550=ORIENTED_EDGE('',*,*,#5378,.F.);
#7551=ORIENTED_EDGE('',*,*,#5379,.F.);
#7552=ORIENTED_EDGE('',*,*,#4774,.F.);
#7553=ORIENTED_EDGE('',*,*,#5379,.T.);
#7554=ORIENTED_EDGE('',*,*,#5380,.F.);
#7555=ORIENTED_EDGE('',*,*,#5381,.F.);
#7556=ORIENTED_EDGE('',*,*,#4775,.F.);
#7557=ORIENTED_EDGE('',*,*,#5381,.T.);
#7558=ORIENTED_EDGE('',*,*,#5382,.F.);
#7559=ORIENTED_EDGE('',*,*,#5375,.F.);
#7560=ORIENTED_EDGE('',*,*,#5382,.T.);
#7561=ORIENTED_EDGE('',*,*,#5380,.T.);
#7562=ORIENTED_EDGE('',*,*,#5378,.T.);
#7563=ORIENTED_EDGE('',*,*,#5376,.T.);
#7564=ORIENTED_EDGE('',*,*,#5062,.T.);
#7565=ORIENTED_EDGE('',*,*,#5065,.T.);
#7566=ORIENTED_EDGE('',*,*,#5059,.T.);
#7567=ORIENTED_EDGE('',*,*,#5055,.T.);
#7568=ORIENTED_EDGE('',*,*,#5266,.T.);
#7569=ORIENTED_EDGE('',*,*,#5269,.T.);
#7570=ORIENTED_EDGE('',*,*,#5263,.T.);
#7571=ORIENTED_EDGE('',*,*,#5259,.T.);
#7572=ORIENTED_EDGE('',*,*,#5206,.T.);
#7573=ORIENTED_EDGE('',*,*,#5209,.T.);
#7574=ORIENTED_EDGE('',*,*,#5203,.T.);
#7575=ORIENTED_EDGE('',*,*,#5199,.T.);
#7576=ORIENTED_EDGE('',*,*,#5002,.T.);
#7577=ORIENTED_EDGE('',*,*,#5005,.T.);
#7578=ORIENTED_EDGE('',*,*,#4999,.T.);
#7579=ORIENTED_EDGE('',*,*,#4995,.T.);
#7580=ORIENTED_EDGE('',*,*,#5074,.T.);
#7581=ORIENTED_EDGE('',*,*,#5077,.T.);
#7582=ORIENTED_EDGE('',*,*,#5071,.T.);
#7583=ORIENTED_EDGE('',*,*,#5067,.T.);
#7584=ORIENTED_EDGE('',*,*,#5278,.T.);
#7585=ORIENTED_EDGE('',*,*,#5281,.T.);
#7586=ORIENTED_EDGE('',*,*,#5275,.T.);
#7587=ORIENTED_EDGE('',*,*,#5271,.T.);
#7588=ORIENTED_EDGE('',*,*,#5194,.T.);
#7589=ORIENTED_EDGE('',*,*,#5197,.T.);
#7590=ORIENTED_EDGE('',*,*,#5191,.T.);
#7591=ORIENTED_EDGE('',*,*,#5187,.T.);
#7592=ORIENTED_EDGE('',*,*,#4990,.T.);
#7593=ORIENTED_EDGE('',*,*,#4993,.T.);
#7594=ORIENTED_EDGE('',*,*,#4987,.T.);
#7595=ORIENTED_EDGE('',*,*,#4983,.T.);
#7596=ORIENTED_EDGE('',*,*,#5086,.T.);
#7597=ORIENTED_EDGE('',*,*,#5089,.T.);
#7598=ORIENTED_EDGE('',*,*,#5083,.T.);
#7599=ORIENTED_EDGE('',*,*,#5079,.T.);
#7600=ORIENTED_EDGE('',*,*,#5290,.T.);
#7601=ORIENTED_EDGE('',*,*,#5293,.T.);
#7602=ORIENTED_EDGE('',*,*,#5287,.T.);
#7603=ORIENTED_EDGE('',*,*,#5283,.T.);
#7604=ORIENTED_EDGE('',*,*,#5182,.T.);
#7605=ORIENTED_EDGE('',*,*,#5185,.T.);
#7606=ORIENTED_EDGE('',*,*,#5179,.T.);
#7607=ORIENTED_EDGE('',*,*,#5175,.T.);
#7608=ORIENTED_EDGE('',*,*,#4978,.T.);
#7609=ORIENTED_EDGE('',*,*,#4981,.T.);
#7610=ORIENTED_EDGE('',*,*,#4975,.T.);
#7611=ORIENTED_EDGE('',*,*,#4971,.T.);
#7612=ORIENTED_EDGE('',*,*,#5098,.T.);
#7613=ORIENTED_EDGE('',*,*,#5101,.T.);
#7614=ORIENTED_EDGE('',*,*,#5095,.T.);
#7615=ORIENTED_EDGE('',*,*,#5091,.T.);
#7616=ORIENTED_EDGE('',*,*,#5302,.T.);
#7617=ORIENTED_EDGE('',*,*,#5305,.T.);
#7618=ORIENTED_EDGE('',*,*,#5299,.T.);
#7619=ORIENTED_EDGE('',*,*,#5295,.T.);
#7620=ORIENTED_EDGE('',*,*,#5170,.T.);
#7621=ORIENTED_EDGE('',*,*,#5173,.T.);
#7622=ORIENTED_EDGE('',*,*,#5167,.T.);
#7623=ORIENTED_EDGE('',*,*,#5163,.T.);
#7624=ORIENTED_EDGE('',*,*,#4966,.T.);
#7625=ORIENTED_EDGE('',*,*,#4969,.T.);
#7626=ORIENTED_EDGE('',*,*,#4963,.T.);
#7627=ORIENTED_EDGE('',*,*,#4959,.T.);
#7628=ORIENTED_EDGE('',*,*,#5110,.T.);
#7629=ORIENTED_EDGE('',*,*,#5113,.T.);
#7630=ORIENTED_EDGE('',*,*,#5107,.T.);
#7631=ORIENTED_EDGE('',*,*,#5103,.T.);
#7632=ORIENTED_EDGE('',*,*,#5314,.T.);
#7633=ORIENTED_EDGE('',*,*,#5317,.T.);
#7634=ORIENTED_EDGE('',*,*,#5311,.T.);
#7635=ORIENTED_EDGE('',*,*,#5307,.T.);
#7636=ORIENTED_EDGE('',*,*,#5158,.T.);
#7637=ORIENTED_EDGE('',*,*,#5161,.T.);
#7638=ORIENTED_EDGE('',*,*,#5155,.T.);
#7639=ORIENTED_EDGE('',*,*,#5151,.T.);
#7640=ORIENTED_EDGE('',*,*,#4954,.T.);
#7641=ORIENTED_EDGE('',*,*,#4957,.T.);
#7642=ORIENTED_EDGE('',*,*,#4951,.T.);
#7643=ORIENTED_EDGE('',*,*,#4947,.T.);
#7644=ORIENTED_EDGE('',*,*,#5122,.T.);
#7645=ORIENTED_EDGE('',*,*,#5125,.T.);
#7646=ORIENTED_EDGE('',*,*,#5119,.T.);
#7647=ORIENTED_EDGE('',*,*,#5115,.T.);
#7648=ORIENTED_EDGE('',*,*,#5326,.T.);
#7649=ORIENTED_EDGE('',*,*,#5329,.T.);
#7650=ORIENTED_EDGE('',*,*,#5323,.T.);
#7651=ORIENTED_EDGE('',*,*,#5319,.T.);
#7652=ORIENTED_EDGE('',*,*,#5146,.T.);
#7653=ORIENTED_EDGE('',*,*,#5149,.T.);
#7654=ORIENTED_EDGE('',*,*,#5143,.T.);
#7655=ORIENTED_EDGE('',*,*,#5139,.T.);
#7656=ORIENTED_EDGE('',*,*,#4942,.T.);
#7657=ORIENTED_EDGE('',*,*,#4945,.T.);
#7658=ORIENTED_EDGE('',*,*,#4939,.T.);
#7659=ORIENTED_EDGE('',*,*,#4935,.T.);
#7660=ORIENTED_EDGE('',*,*,#5134,.T.);
#7661=ORIENTED_EDGE('',*,*,#5137,.T.);
#7662=ORIENTED_EDGE('',*,*,#5131,.T.);
#7663=ORIENTED_EDGE('',*,*,#5127,.T.);
#7664=ORIENTED_EDGE('',*,*,#5338,.T.);
#7665=ORIENTED_EDGE('',*,*,#5341,.T.);
#7666=ORIENTED_EDGE('',*,*,#5335,.T.);
#7667=ORIENTED_EDGE('',*,*,#5331,.T.);
#7668=ORIENTED_EDGE('',*,*,#4840,.T.);
#7669=ORIENTED_EDGE('',*,*,#4808,.T.);
#7670=ORIENTED_EDGE('',*,*,#4812,.T.);
#7671=ORIENTED_EDGE('',*,*,#4815,.T.);
#7672=ORIENTED_EDGE('',*,*,#4818,.T.);
#7673=ORIENTED_EDGE('',*,*,#4821,.T.);
#7674=ORIENTED_EDGE('',*,*,#4824,.T.);
#7675=ORIENTED_EDGE('',*,*,#4827,.T.);
#7676=ORIENTED_EDGE('',*,*,#4830,.T.);
#7677=ORIENTED_EDGE('',*,*,#4833,.T.);
#7678=ORIENTED_EDGE('',*,*,#4836,.T.);
#7679=ORIENTED_EDGE('',*,*,#4843,.T.);
#7680=ORIENTED_EDGE('',*,*,#4847,.T.);
#7681=ORIENTED_EDGE('',*,*,#4850,.T.);
#7682=ORIENTED_EDGE('',*,*,#4853,.T.);
#7683=ORIENTED_EDGE('',*,*,#4856,.T.);
#7684=ORIENTED_EDGE('',*,*,#4859,.T.);
#7685=ORIENTED_EDGE('',*,*,#4862,.T.);
#7686=ORIENTED_EDGE('',*,*,#4865,.T.);
#7687=ORIENTED_EDGE('',*,*,#4868,.T.);
#7688=ORIENTED_EDGE('',*,*,#4871,.T.);
#7689=ORIENTED_EDGE('',*,*,#4873,.T.);
#7690=ORIENTED_EDGE('',*,*,#4877,.T.);
#7691=ORIENTED_EDGE('',*,*,#4880,.T.);
#7692=ORIENTED_EDGE('',*,*,#4883,.T.);
#7693=ORIENTED_EDGE('',*,*,#4886,.T.);
#7694=ORIENTED_EDGE('',*,*,#4889,.T.);
#7695=ORIENTED_EDGE('',*,*,#4892,.T.);
#7696=ORIENTED_EDGE('',*,*,#4895,.T.);
#7697=ORIENTED_EDGE('',*,*,#4898,.T.);
#7698=ORIENTED_EDGE('',*,*,#4901,.T.);
#7699=ORIENTED_EDGE('',*,*,#4904,.T.);
#7700=ORIENTED_EDGE('',*,*,#4766,.F.);
#7701=ORIENTED_EDGE('',*,*,#5383,.T.);
#7702=ORIENTED_EDGE('',*,*,#5384,.F.);
#7703=ORIENTED_EDGE('',*,*,#5385,.F.);
#7704=ORIENTED_EDGE('',*,*,#4759,.F.);
#7705=ORIENTED_EDGE('',*,*,#5385,.T.);
#7706=ORIENTED_EDGE('',*,*,#5386,.F.);
#7707=ORIENTED_EDGE('',*,*,#5387,.F.);
#7708=ORIENTED_EDGE('',*,*,#4765,.F.);
#7709=ORIENTED_EDGE('',*,*,#5388,.T.);
#7710=ORIENTED_EDGE('',*,*,#5389,.F.);
#7711=ORIENTED_EDGE('',*,*,#5383,.F.);
#7712=ORIENTED_EDGE('',*,*,#5389,.T.);
#7713=ORIENTED_EDGE('',*,*,#5390,.T.);
#7714=ORIENTED_EDGE('',*,*,#5386,.T.);
#7715=ORIENTED_EDGE('',*,*,#5384,.T.);
#7716=ORIENTED_EDGE('',*,*,#4776,.F.);
#7717=ORIENTED_EDGE('',*,*,#5391,.T.);
#7718=ORIENTED_EDGE('',*,*,#5392,.F.);
#7719=ORIENTED_EDGE('',*,*,#5393,.F.);
#7720=ORIENTED_EDGE('',*,*,#4777,.F.);
#7721=ORIENTED_EDGE('',*,*,#5393,.T.);
#7722=ORIENTED_EDGE('',*,*,#5394,.F.);
#7723=ORIENTED_EDGE('',*,*,#5395,.F.);
#7724=ORIENTED_EDGE('',*,*,#4778,.F.);
#7725=ORIENTED_EDGE('',*,*,#5395,.T.);
#7726=ORIENTED_EDGE('',*,*,#5396,.F.);
#7727=ORIENTED_EDGE('',*,*,#5397,.F.);
#7728=ORIENTED_EDGE('',*,*,#4779,.F.);
#7729=ORIENTED_EDGE('',*,*,#5397,.T.);
#7730=ORIENTED_EDGE('',*,*,#5398,.F.);
#7731=ORIENTED_EDGE('',*,*,#5391,.F.);
#7732=ORIENTED_EDGE('',*,*,#5398,.T.);
#7733=ORIENTED_EDGE('',*,*,#5396,.T.);
#7734=ORIENTED_EDGE('',*,*,#5394,.T.);
#7735=ORIENTED_EDGE('',*,*,#5392,.T.);
#7736=ORIENTED_EDGE('',*,*,#4780,.F.);
#7737=ORIENTED_EDGE('',*,*,#5399,.T.);
#7738=ORIENTED_EDGE('',*,*,#5400,.F.);
#7739=ORIENTED_EDGE('',*,*,#5401,.F.);
#7740=ORIENTED_EDGE('',*,*,#4781,.F.);
#7741=ORIENTED_EDGE('',*,*,#5401,.T.);
#7742=ORIENTED_EDGE('',*,*,#5402,.F.);
#7743=ORIENTED_EDGE('',*,*,#5403,.F.);
#7744=ORIENTED_EDGE('',*,*,#4782,.F.);
#7745=ORIENTED_EDGE('',*,*,#5403,.T.);
#7746=ORIENTED_EDGE('',*,*,#5404,.F.);
#7747=ORIENTED_EDGE('',*,*,#5405,.F.);
#7748=ORIENTED_EDGE('',*,*,#4783,.F.);
#7749=ORIENTED_EDGE('',*,*,#5405,.T.);
#7750=ORIENTED_EDGE('',*,*,#5406,.F.);
#7751=ORIENTED_EDGE('',*,*,#5399,.F.);
#7752=ORIENTED_EDGE('',*,*,#5406,.T.);
#7753=ORIENTED_EDGE('',*,*,#5404,.T.);
#7754=ORIENTED_EDGE('',*,*,#5402,.T.);
#7755=ORIENTED_EDGE('',*,*,#5400,.T.);
#7756=ORIENTED_EDGE('',*,*,#4929,.F.);
#7757=ORIENTED_EDGE('',*,*,#5407,.F.);
#7758=ORIENTED_EDGE('',*,*,#4787,.F.);
#7759=ORIENTED_EDGE('',*,*,#4934,.T.);
#7760=ORIENTED_EDGE('',*,*,#4927,.F.);
#7761=ORIENTED_EDGE('',*,*,#5408,.F.);
#7762=ORIENTED_EDGE('',*,*,#4788,.F.);
#7763=ORIENTED_EDGE('',*,*,#5407,.T.);
#7764=ORIENTED_EDGE('',*,*,#4924,.F.);
#7765=ORIENTED_EDGE('',*,*,#5409,.F.);
#7766=ORIENTED_EDGE('',*,*,#4789,.F.);
#7767=ORIENTED_EDGE('',*,*,#5408,.T.);
#7768=ORIENTED_EDGE('',*,*,#4921,.F.);
#7769=ORIENTED_EDGE('',*,*,#4931,.F.);
#7770=ORIENTED_EDGE('',*,*,#4790,.F.);
#7771=ORIENTED_EDGE('',*,*,#5409,.T.);
#7772=ORIENTED_EDGE('',*,*,#4795,.F.);
#7773=ORIENTED_EDGE('',*,*,#5410,.T.);
#7774=ORIENTED_EDGE('',*,*,#5411,.T.);
#7775=ORIENTED_EDGE('',*,*,#5410,.F.);
#7776=ORIENTED_EDGE('',*,*,#4794,.F.);
#7777=ORIENTED_EDGE('',*,*,#5412,.T.);
#7778=ORIENTED_EDGE('',*,*,#5413,.T.);
#7779=ORIENTED_EDGE('',*,*,#5412,.F.);
#7780=ORIENTED_EDGE('',*,*,#4793,.F.);
#7781=ORIENTED_EDGE('',*,*,#5414,.T.);
#7782=ORIENTED_EDGE('',*,*,#5415,.T.);
#7783=ORIENTED_EDGE('',*,*,#5414,.F.);
#7784=ORIENTED_EDGE('',*,*,#4792,.F.);
#7785=ORIENTED_EDGE('',*,*,#5416,.T.);
#7786=ORIENTED_EDGE('',*,*,#5417,.T.);
#7787=ORIENTED_EDGE('',*,*,#5416,.F.);
#7788=ORIENTED_EDGE('',*,*,#5418,.T.);
#7789=ORIENTED_EDGE('',*,*,#5419,.T.);
#7790=ORIENTED_EDGE('',*,*,#4761,.F.);
#7791=ORIENTED_EDGE('',*,*,#5420,.F.);
#7792=ORIENTED_EDGE('',*,*,#5421,.T.);
#7793=ORIENTED_EDGE('',*,*,#5420,.T.);
#7794=ORIENTED_EDGE('',*,*,#4760,.F.);
#7795=ORIENTED_EDGE('',*,*,#5387,.T.);
#7796=ORIENTED_EDGE('',*,*,#5390,.F.);
#7797=ORIENTED_EDGE('',*,*,#5388,.F.);
#7798=ORIENTED_EDGE('',*,*,#4764,.F.);
#7799=ORIENTED_EDGE('',*,*,#5422,.F.);
#7800=ORIENTED_EDGE('',*,*,#5423,.T.);
#7801=ORIENTED_EDGE('',*,*,#5422,.T.);
#7802=ORIENTED_EDGE('',*,*,#4763,.F.);
#7803=ORIENTED_EDGE('',*,*,#5424,.F.);
#7804=ORIENTED_EDGE('',*,*,#5425,.T.);
#7805=ORIENTED_EDGE('',*,*,#5424,.T.);
#7806=ORIENTED_EDGE('',*,*,#4762,.F.);
#7807=ORIENTED_EDGE('',*,*,#5419,.F.);
#7808=ORIENTED_EDGE('',*,*,#5425,.F.);
#7809=ORIENTED_EDGE('',*,*,#5418,.F.);
#7810=ORIENTED_EDGE('',*,*,#5421,.F.);
#7811=ORIENTED_EDGE('',*,*,#5423,.F.);
#7812=ORIENTED_EDGE('',*,*,#5344,.T.);
#7813=ORIENTED_EDGE('',*,*,#5346,.T.);
#7814=ORIENTED_EDGE('',*,*,#5348,.T.);
#7815=ORIENTED_EDGE('',*,*,#5350,.T.);
#7816=ORIENTED_EDGE('',*,*,#5352,.T.);
#7817=ORIENTED_EDGE('',*,*,#5354,.T.);
#7818=ORIENTED_EDGE('',*,*,#5356,.T.);
#7819=ORIENTED_EDGE('',*,*,#5358,.T.);
#7820=ORIENTED_EDGE('',*,*,#5360,.T.);
#7821=ORIENTED_EDGE('',*,*,#5362,.T.);
#7822=ORIENTED_EDGE('',*,*,#5364,.T.);
#7823=ORIENTED_EDGE('',*,*,#5366,.T.);
#7824=ORIENTED_EDGE('',*,*,#5417,.F.);
#7825=ORIENTED_EDGE('',*,*,#5415,.F.);
#7826=ORIENTED_EDGE('',*,*,#5413,.F.);
#7827=ORIENTED_EDGE('',*,*,#5411,.F.);
#7828=PLANE('',#8656);
#7829=PLANE('',#8657);
#7830=PLANE('',#8658);
#7831=PLANE('',#8659);
#7832=PLANE('',#8660);
#7833=PLANE('',#8661);
#7834=PLANE('',#8662);
#7835=PLANE('',#8663);
#7836=PLANE('',#8664);
#7837=PLANE('',#8665);
#7838=PLANE('',#8666);
#7839=PLANE('',#8667);
#7840=PLANE('',#8668);
#7841=PLANE('',#8669);
#7842=PLANE('',#8670);
#7843=PLANE('',#8671);
#7844=PLANE('',#8672);
#7845=PLANE('',#8673);
#7846=PLANE('',#8674);
#7847=PLANE('',#8675);
#7848=PLANE('',#8676);
#7849=PLANE('',#8677);
#7850=PLANE('',#8678);
#7851=PLANE('',#8679);
#7852=PLANE('',#8680);
#7853=PLANE('',#8681);
#7854=PLANE('',#8682);
#7855=PLANE('',#8683);
#7856=PLANE('',#8684);
#7857=PLANE('',#8685);
#7858=PLANE('',#8686);
#7859=PLANE('',#8687);
#7860=PLANE('',#8688);
#7861=PLANE('',#8689);
#7862=PLANE('',#8690);
#7863=PLANE('',#8691);
#7864=PLANE('',#8692);
#7865=PLANE('',#8693);
#7866=PLANE('',#8694);
#7867=PLANE('',#8695);
#7868=PLANE('',#8696);
#7869=PLANE('',#8697);
#7870=PLANE('',#8698);
#7871=PLANE('',#8699);
#7872=PLANE('',#8700);
#7873=PLANE('',#8701);
#7874=PLANE('',#8702);
#7875=PLANE('',#8703);
#7876=PLANE('',#8704);
#7877=PLANE('',#8705);
#7878=PLANE('',#8706);
#7879=PLANE('',#8707);
#7880=PLANE('',#8708);
#7881=PLANE('',#8709);
#7882=PLANE('',#8710);
#7883=PLANE('',#8711);
#7884=PLANE('',#8712);
#7885=PLANE('',#8713);
#7886=PLANE('',#8714);
#7887=PLANE('',#8715);
#7888=PLANE('',#8716);
#7889=PLANE('',#8717);
#7890=PLANE('',#8718);
#7891=PLANE('',#8719);
#7892=PLANE('',#8720);
#7893=PLANE('',#8721);
#7894=PLANE('',#8722);
#7895=PLANE('',#8723);
#7896=PLANE('',#8724);
#7897=PLANE('',#8725);
#7898=PLANE('',#8726);
#7899=PLANE('',#8727);
#7900=PLANE('',#8728);
#7901=PLANE('',#8729);
#7902=PLANE('',#8730);
#7903=PLANE('',#8731);
#7904=PLANE('',#8732);
#7905=PLANE('',#8733);
#7906=PLANE('',#8734);
#7907=PLANE('',#8735);
#7908=PLANE('',#8736);
#7909=PLANE('',#8737);
#7910=PLANE('',#8738);
#7911=PLANE('',#8739);
#7912=PLANE('',#8740);
#7913=PLANE('',#8741);
#7914=PLANE('',#8742);
#7915=PLANE('',#8743);
#7916=PLANE('',#8744);
#7917=PLANE('',#8745);
#7918=PLANE('',#8746);
#7919=PLANE('',#8747);
#7920=PLANE('',#8748);
#7921=PLANE('',#8749);
#7922=PLANE('',#8750);
#7923=PLANE('',#8751);
#7924=PLANE('',#8752);
#7925=PLANE('',#8753);
#7926=PLANE('',#8754);
#7927=PLANE('',#8755);
#7928=PLANE('',#8756);
#7929=PLANE('',#8757);
#7930=PLANE('',#8767);
#7931=PLANE('',#8768);
#7932=PLANE('',#8781);
#7933=PLANE('',#8782);
#7934=PLANE('',#8783);
#7935=PLANE('',#8784);
#7936=PLANE('',#8785);
#7937=PLANE('',#8786);
#7938=PLANE('',#8787);
#7939=PLANE('',#8788);
#7940=PLANE('',#8789);
#7941=PLANE('',#8790);
#7942=PLANE('',#8791);
#7943=PLANE('',#8792);
#7944=PLANE('',#8793);
#7945=PLANE('',#8799);
#7946=PLANE('',#8800);
#7947=PLANE('',#8801);
#7948=PLANE('',#8802);
#7949=PLANE('',#8803);
#7950=PLANE('',#8804);
#7951=PLANE('',#8805);
#7952=PLANE('',#8806);
#7953=PLANE('',#8807);
#7954=PLANE('',#8808);
#7955=PLANE('',#8809);
#7956=PLANE('',#8810);
#7957=PLANE('',#8811);
#7958=PLANE('',#8812);
#7959=PLANE('',#8813);
#7960=PLANE('',#8814);
#7961=PLANE('',#8835);
#7962=PLANE('',#8837);
#7963=PLANE('',#8839);
#7964=PLANE('',#8840);
#7965=PLANE('',#8841);
#7966=PLANE('',#8842);
#7967=PLANE('',#8843);
#7968=PLANE('',#8844);
#7969=PLANE('',#8845);
#7970=PLANE('',#8846);
#7971=PLANE('',#8847);
#7972=PLANE('',#8848);
#7973=PLANE('',#8849);
#7974=PLANE('',#8850);
#7975=PLANE('',#8851);
#7976=PLANE('',#8852);
#7977=PLANE('',#8853);
#7978=PLANE('',#8854);
#7979=PLANE('',#8855);
#7980=PLANE('',#8856);
#7981=PLANE('',#8857);
#7982=PLANE('',#8858);
#7983=PLANE('',#8859);
#7984=PLANE('',#8860);
#7985=PLANE('',#8861);
#7986=PLANE('',#8862);
#7987=PLANE('',#8863);
#7988=PLANE('',#8864);
#7989=PLANE('',#8865);
#7990=PLANE('',#8866);
#7991=PLANE('',#8867);
#7992=PLANE('',#8868);
#7993=PLANE('',#8869);
#7994=PLANE('',#8870);
#7995=PLANE('',#8871);
#7996=PLANE('',#8872);
#7997=PLANE('',#8873);
#7998=PLANE('',#8874);
#7999=PLANE('',#8875);
#8000=PLANE('',#8876);
#8001=PLANE('',#8877);
#8002=PLANE('',#8878);
#8003=PLANE('',#8879);
#8004=PLANE('',#8880);
#8005=PLANE('',#8881);
#8006=PLANE('',#8882);
#8007=PLANE('',#8883);
#8008=PLANE('',#8884);
#8009=PLANE('',#8885);
#8010=PLANE('',#8886);
#8011=PLANE('',#8887);
#8012=PLANE('',#8888);
#8013=PLANE('',#8889);
#8014=PLANE('',#8890);
#8015=PLANE('',#8891);
#8016=PLANE('',#8892);
#8017=PLANE('',#8893);
#8018=PLANE('',#8894);
#8019=PLANE('',#8895);
#8020=PLANE('',#8896);
#8021=PLANE('',#8897);
#8022=PLANE('',#8898);
#8023=PLANE('',#8899);
#8024=PLANE('',#8900);
#8025=PLANE('',#8901);
#8026=PLANE('',#8902);
#8027=PLANE('',#8903);
#8028=PLANE('',#8904);
#8029=PLANE('',#8905);
#8030=PLANE('',#8906);
#8031=PLANE('',#8907);
#8032=PLANE('',#8908);
#8033=PLANE('',#8909);
#8034=PLANE('',#8910);
#8035=PLANE('',#8911);
#8036=PLANE('',#8912);
#8037=PLANE('',#8913);
#8038=PLANE('',#8914);
#8039=PLANE('',#8915);
#8040=PLANE('',#8916);
#8041=PLANE('',#8917);
#8042=PLANE('',#8918);
#8043=PLANE('',#8919);
#8044=PLANE('',#8920);
#8045=PLANE('',#8921);
#8046=PLANE('',#8922);
#8047=PLANE('',#8923);
#8048=PLANE('',#8924);
#8049=PLANE('',#8925);
#8050=PLANE('',#8926);
#8051=PLANE('',#8927);
#8052=PLANE('',#8928);
#8053=PLANE('',#8929);
#8054=PLANE('',#8930);
#8055=PLANE('',#8931);
#8056=PLANE('',#8932);
#8057=PLANE('',#8933);
#8058=PLANE('',#8934);
#8059=PLANE('',#8935);
#8060=PLANE('',#8936);
#8061=PLANE('',#8937);
#8062=PLANE('',#8938);
#8063=PLANE('',#8939);
#8064=PLANE('',#8940);
#8065=PLANE('',#8941);
#8066=PLANE('',#8942);
#8067=PLANE('',#8943);
#8068=PLANE('',#8944);
#8069=PLANE('',#8945);
#8070=PLANE('',#8946);
#8071=PLANE('',#8947);
#8072=PLANE('',#8948);
#8073=PLANE('',#8949);
#8074=PLANE('',#8950);
#8075=PLANE('',#8951);
#8076=PLANE('',#8952);
#8077=PLANE('',#8953);
#8078=PLANE('',#8954);
#8079=PLANE('',#8955);
#8080=PLANE('',#8956);
#8081=PLANE('',#8957);
#8082=PLANE('',#8958);
#8083=PLANE('',#8959);
#8084=PLANE('',#8960);
#8085=PLANE('',#8961);
#8086=PLANE('',#8962);
#8087=PLANE('',#8963);
#8088=PLANE('',#8964);
#8089=PLANE('',#8965);
#8090=PLANE('',#8966);
#8091=PLANE('',#8967);
#8092=PLANE('',#8968);
#8093=PLANE('',#8969);
#8094=PLANE('',#8970);
#8095=PLANE('',#8971);
#8096=PLANE('',#8972);
#8097=PLANE('',#8973);
#8098=PLANE('',#8974);
#8099=PLANE('',#8975);
#8100=PLANE('',#8976);
#8101=PLANE('',#8977);
#8102=PLANE('',#8978);
#8103=PLANE('',#8979);
#8104=PLANE('',#8980);
#8105=PLANE('',#8981);
#8106=PLANE('',#8982);
#8107=PLANE('',#8983);
#8108=PLANE('',#8984);
#8109=PLANE('',#8985);
#8110=PLANE('',#8986);
#8111=PLANE('',#8987);
#8112=PLANE('',#8988);
#8113=PLANE('',#8989);
#8114=PLANE('',#8990);
#8115=PLANE('',#8991);
#8116=PLANE('',#8992);
#8117=PLANE('',#8993);
#8118=PLANE('',#8994);
#8119=PLANE('',#8995);
#8120=PLANE('',#8996);
#8121=PLANE('',#8997);
#8122=PLANE('',#8998);
#8123=PLANE('',#8999);
#8124=PLANE('',#9000);
#8125=PLANE('',#9001);
#8126=PLANE('',#9002);
#8127=PLANE('',#9003);
#8128=PLANE('',#9004);
#8129=PLANE('',#9005);
#8130=PLANE('',#9006);
#8131=PLANE('',#9007);
#8132=PLANE('',#9008);
#8133=PLANE('',#9009);
#8134=PLANE('',#9034);
#8135=PLANE('',#9035);
#8136=PLANE('',#9036);
#8137=PLANE('',#9037);
#8138=PLANE('',#9038);
#8139=PLANE('',#9039);
#8140=PLANE('',#9040);
#8141=PLANE('',#9041);
#8142=PLANE('',#9042);
#8143=PLANE('',#9043);
#8144=PLANE('',#9044);
#8145=PLANE('',#9045);
#8146=PLANE('',#9046);
#8147=PLANE('',#9047);
#8148=PLANE('',#9048);
#8149=PLANE('',#9049);
#8150=PLANE('',#9050);
#8151=PLANE('',#9051);
#8152=PLANE('',#9052);
#8153=PLANE('',#9053);
#8154=PLANE('',#9054);
#8155=PLANE('',#9055);
#8156=PLANE('',#9056);
#8157=PLANE('',#9057);
#8158=PLANE('',#9058);
#8159=PLANE('',#9059);
#8160=PLANE('',#9061);
#8161=PLANE('',#9071);
#8162=PLANE('',#9072);
#8163=PLANE('',#9073);
#8164=PLANE('',#9074);
#8165=PLANE('',#9075);
#8166=ADVANCED_FACE('',(#505),#7828,.F.);
#8167=ADVANCED_FACE('',(#506),#406,.F.);
#8168=ADVANCED_FACE('',(#507),#407,.F.);
#8169=ADVANCED_FACE('',(#508),#408,.T.);
#8170=ADVANCED_FACE('',(#509),#409,.T.);
#8171=ADVANCED_FACE('',(#510),#7829,.T.);
#8172=ADVANCED_FACE('',(#511),#7830,.T.);
#8173=ADVANCED_FACE('',(#512),#410,.T.);
#8174=ADVANCED_FACE('',(#513),#411,.T.);
#8175=ADVANCED_FACE('',(#514),#412,.T.);
#8176=ADVANCED_FACE('',(#515),#413,.T.);
#8177=ADVANCED_FACE('',(#516),#7831,.T.);
#8178=ADVANCED_FACE('',(#517),#7832,.T.);
#8179=ADVANCED_FACE('',(#518),#414,.T.);
#8180=ADVANCED_FACE('',(#519),#415,.T.);
#8181=ADVANCED_FACE('',(#520),#416,.T.);
#8182=ADVANCED_FACE('',(#521,#114),#7833,.F.);
#8183=ADVANCED_FACE('',(#522),#7834,.T.);
#8184=ADVANCED_FACE('',(#523),#417,.T.);
#8185=ADVANCED_FACE('',(#524),#418,.T.);
#8186=ADVANCED_FACE('',(#525),#7835,.T.);
#8187=ADVANCED_FACE('',(#526),#7836,.T.);
#8188=ADVANCED_FACE('',(#527),#7837,.T.);
#8189=ADVANCED_FACE('',(#528),#419,.T.);
#8190=ADVANCED_FACE('',(#529),#420,.T.);
#8191=ADVANCED_FACE('',(#530),#421,.T.);
#8192=ADVANCED_FACE('',(#531),#7838,.T.);
#8193=ADVANCED_FACE('',(#532),#7839,.T.);
#8194=ADVANCED_FACE('',(#533),#7840,.T.);
#8195=ADVANCED_FACE('',(#534),#7841,.T.);
#8196=ADVANCED_FACE('',(#535),#7842,.T.);
#8197=ADVANCED_FACE('',(#536),#422,.F.);
#8198=ADVANCED_FACE('',(#537),#423,.F.);
#8199=ADVANCED_FACE('',(#538),#424,.F.);
#8200=ADVANCED_FACE('',(#539),#425,.F.);
#8201=ADVANCED_FACE('',(#540),#7843,.F.);
#8202=ADVANCED_FACE('',(#541),#7844,.T.);
#8203=ADVANCED_FACE('',(#542),#426,.T.);
#8204=ADVANCED_FACE('',(#543),#427,.T.);
#8205=ADVANCED_FACE('',(#544),#428,.T.);
#8206=ADVANCED_FACE('',(#545),#429,.T.);
#8207=ADVANCED_FACE('',(#546),#430,.T.);
#8208=ADVANCED_FACE('',(#547),#431,.T.);
#8209=ADVANCED_FACE('',(#548),#7845,.T.);
#8210=ADVANCED_FACE('',(#549),#7846,.T.);
#8211=ADVANCED_FACE('',(#550),#7847,.T.);
#8212=ADVANCED_FACE('',(#551),#7848,.T.);
#8213=ADVANCED_FACE('',(#552,#115),#7849,.F.);
#8214=ADVANCED_FACE('',(#553),#432,.F.);
#8215=ADVANCED_FACE('',(#554),#433,.F.);
#8216=ADVANCED_FACE('',(#555),#434,.F.);
#8217=ADVANCED_FACE('',(#556),#435,.F.);
#8218=ADVANCED_FACE('',(#557),#436,.F.);
#8219=ADVANCED_FACE('',(#558),#437,.F.);
#8220=ADVANCED_FACE('',(#559),#438,.F.);
#8221=ADVANCED_FACE('',(#560),#439,.F.);
#8222=ADVANCED_FACE('',(#561),#440,.T.);
#8223=ADVANCED_FACE('',(#562),#441,.T.);
#8224=ADVANCED_FACE('',(#563),#442,.T.);
#8225=ADVANCED_FACE('',(#564),#443,.T.);
#8226=ADVANCED_FACE('',(#565,#116),#7850,.T.);
#8227=ADVANCED_FACE('',(#566),#7851,.T.);
#8228=ADVANCED_FACE('',(#567),#444,.T.);
#8229=ADVANCED_FACE('',(#568),#445,.T.);
#8230=ADVANCED_FACE('',(#569),#446,.T.);
#8231=ADVANCED_FACE('',(#570),#447,.T.);
#8232=ADVANCED_FACE('',(#571),#448,.T.);
#8233=ADVANCED_FACE('',(#572),#7852,.T.);
#8234=ADVANCED_FACE('',(#573),#7853,.T.);
#8235=ADVANCED_FACE('',(#574),#449,.T.);
#8236=ADVANCED_FACE('',(#575),#450,.T.);
#8237=ADVANCED_FACE('',(#576),#451,.T.);
#8238=ADVANCED_FACE('',(#577),#452,.T.);
#8239=ADVANCED_FACE('',(#578),#7854,.T.);
#8240=ADVANCED_FACE('',(#579),#7855,.T.);
#8241=ADVANCED_FACE('',(#580),#7856,.T.);
#8242=ADVANCED_FACE('',(#581),#7857,.F.);
#8243=ADVANCED_FACE('',(#582),#453,.T.);
#8244=ADVANCED_FACE('',(#583),#454,.T.);
#8245=ADVANCED_FACE('',(#584),#7858,.T.);
#8246=ADVANCED_FACE('',(#585),#7859,.T.);
#8247=ADVANCED_FACE('',(#586),#455,.T.);
#8248=ADVANCED_FACE('',(#587),#456,.T.);
#8249=ADVANCED_FACE('',(#588),#457,.T.);
#8250=ADVANCED_FACE('',(#589),#458,.T.);
#8251=ADVANCED_FACE('',(#590),#459,.T.);
#8252=ADVANCED_FACE('',(#591),#460,.T.);
#8253=ADVANCED_FACE('',(#592),#461,.T.);
#8254=ADVANCED_FACE('',(#593),#7860,.T.);
#8255=ADVANCED_FACE('',(#594),#7861,.T.);
#8256=ADVANCED_FACE('',(#595),#7862,.T.);
#8257=ADVANCED_FACE('',(#596),#7863,.T.);
#8258=ADVANCED_FACE('',(#597),#7864,.T.);
#8259=ADVANCED_FACE('',(#598),#7865,.T.);
#8260=ADVANCED_FACE('',(#599),#462,.T.);
#8261=ADVANCED_FACE('',(#600),#463,.T.);
#8262=ADVANCED_FACE('',(#601),#464,.T.);
#8263=ADVANCED_FACE('',(#602),#465,.T.);
#8264=ADVANCED_FACE('',(#603),#7866,.T.);
#8265=ADVANCED_FACE('',(#604),#7867,.T.);
#8266=ADVANCED_FACE('',(#605),#7868,.T.);
#8267=ADVANCED_FACE('',(#606),#7869,.T.);
#8268=ADVANCED_FACE('',(#607),#7870,.T.);
#8269=ADVANCED_FACE('',(#608),#7871,.T.);
#8270=ADVANCED_FACE('',(#609),#7872,.T.);
#8271=ADVANCED_FACE('',(#610),#7873,.T.);
#8272=ADVANCED_FACE('',(#611),#7874,.T.);
#8273=ADVANCED_FACE('',(#612),#7875,.T.);
#8274=ADVANCED_FACE('',(#613),#7876,.T.);
#8275=ADVANCED_FACE('',(#614),#7877,.T.);
#8276=ADVANCED_FACE('',(#615),#7878,.T.);
#8277=ADVANCED_FACE('',(#616),#7879,.T.);
#8278=ADVANCED_FACE('',(#617,#117),#7880,.T.);
#8279=ADVANCED_FACE('',(#618),#466,.F.);
#8280=ADVANCED_FACE('',(#619),#467,.F.);
#8281=ADVANCED_FACE('',(#620),#468,.F.);
#8282=ADVANCED_FACE('',(#621),#7881,.F.);
#8283=ADVANCED_FACE('',(#622),#7882,.F.);
#8284=ADVANCED_FACE('',(#623),#7883,.F.);
#8285=ADVANCED_FACE('',(#624),#469,.F.);
#8286=ADVANCED_FACE('',(#625),#470,.F.);
#8287=ADVANCED_FACE('',(#626),#471,.T.);
#8288=ADVANCED_FACE('',(#627),#472,.T.);
#8289=ADVANCED_FACE('',(#628),#7884,.T.);
#8290=ADVANCED_FACE('',(#629),#7885,.T.);
#8291=ADVANCED_FACE('',(#630),#7886,.T.);
#8292=ADVANCED_FACE('',(#631),#7887,.T.);
#8293=ADVANCED_FACE('',(#632),#7888,.T.);
#8294=ADVANCED_FACE('',(#633),#473,.T.);
#8295=ADVANCED_FACE('',(#634),#474,.T.);
#8296=ADVANCED_FACE('',(#635),#475,.T.);
#8297=ADVANCED_FACE('',(#636,#118),#7889,.F.);
#8298=ADVANCED_FACE('',(#637),#7890,.T.);
#8299=ADVANCED_FACE('',(#638),#7891,.T.);
#8300=ADVANCED_FACE('',(#639),#7892,.T.);
#8301=ADVANCED_FACE('',(#640),#7893,.T.);
#8302=ADVANCED_FACE('',(#641),#7894,.T.);
#8303=ADVANCED_FACE('',(#642),#7895,.T.);
#8304=ADVANCED_FACE('',(#643),#7896,.T.);
#8305=ADVANCED_FACE('',(#644),#7897,.T.);
#8306=ADVANCED_FACE('',(#645),#7898,.T.);
#8307=ADVANCED_FACE('',(#646),#7899,.T.);
#8308=ADVANCED_FACE('',(#647),#7900,.T.);
#8309=ADVANCED_FACE('',(#648),#476,.T.);
#8310=ADVANCED_FACE('',(#649),#477,.T.);
#8311=ADVANCED_FACE('',(#650),#7901,.T.);
#8312=ADVANCED_FACE('',(#651),#7902,.T.);
#8313=ADVANCED_FACE('',(#652),#478,.T.);
#8314=ADVANCED_FACE('',(#653),#479,.T.);
#8315=ADVANCED_FACE('',(#654),#480,.T.);
#8316=ADVANCED_FACE('',(#655),#481,.T.);
#8317=ADVANCED_FACE('',(#656),#482,.T.);
#8318=ADVANCED_FACE('',(#657),#7903,.T.);
#8319=ADVANCED_FACE('',(#658),#7904,.T.);
#8320=ADVANCED_FACE('',(#659),#7905,.T.);
#8321=ADVANCED_FACE('',(#660),#483,.T.);
#8322=ADVANCED_FACE('',(#661),#484,.T.);
#8323=ADVANCED_FACE('',(#662),#485,.T.);
#8324=ADVANCED_FACE('',(#663),#486,.T.);
#8325=ADVANCED_FACE('',(#664),#487,.T.);
#8326=ADVANCED_FACE('',(#665),#488,.T.);
#8327=ADVANCED_FACE('',(#666),#7906,.T.);
#8328=ADVANCED_FACE('',(#667),#7907,.T.);
#8329=ADVANCED_FACE('',(#668),#489,.T.);
#8330=ADVANCED_FACE('',(#669),#490,.T.);
#8331=ADVANCED_FACE('',(#670),#491,.T.);
#8332=ADVANCED_FACE('',(#671),#492,.T.);
#8333=ADVANCED_FACE('',(#672),#7908,.T.);
#8334=ADVANCED_FACE('',(#673),#493,.T.);
#8335=ADVANCED_FACE('',(#674),#494,.T.);
#8336=ADVANCED_FACE('',(#675),#495,.T.);
#8337=ADVANCED_FACE('',(#676),#7909,.F.);
#8338=ADVANCED_FACE('',(#677),#7910,.T.);
#8339=ADVANCED_FACE('',(#678),#7911,.T.);
#8340=ADVANCED_FACE('',(#679),#7912,.T.);
#8341=ADVANCED_FACE('',(#680),#7913,.T.);
#8342=ADVANCED_FACE('',(#681),#7914,.T.);
#8343=ADVANCED_FACE('',(#682),#7915,.T.);
#8344=ADVANCED_FACE('',(#683),#7916,.T.);
#8345=ADVANCED_FACE('',(#684),#7917,.T.);
#8346=ADVANCED_FACE('',(#685),#7918,.T.);
#8347=ADVANCED_FACE('',(#686),#7919,.T.);
#8348=ADVANCED_FACE('',(#687),#7920,.T.);
#8349=ADVANCED_FACE('',(#688),#7921,.T.);
#8350=ADVANCED_FACE('',(#689),#7922,.T.);
#8351=ADVANCED_FACE('',(#690),#7923,.T.);
#8352=ADVANCED_FACE('',(#691),#7924,.T.);
#8353=ADVANCED_FACE('',(#692),#7925,.T.);
#8354=ADVANCED_FACE('',(#693),#7926,.T.);
#8355=ADVANCED_FACE('',(#694),#7927,.T.);
#8356=ADVANCED_FACE('',(#695),#7928,.T.);
#8357=ADVANCED_FACE('',(#696,#119,#120,#121,#122,#123,#124,#125,#126,#127,
#128,#129,#130,#131,#132,#133,#134,#135,#136,#137,#138,#139,#140,#141),
#7929,.T.);
#8358=ADVANCED_FACE('',(#697),#7930,.T.);
#8359=ADVANCED_FACE('',(#698,#142,#143,#144,#145,#146,#147,#148,#149,#150,
#151,#152,#153),#7931,.T.);
#8360=ADVANCED_FACE('',(#699),#7932,.T.);
#8361=ADVANCED_FACE('',(#700),#7933,.T.);
#8362=ADVANCED_FACE('',(#701),#7934,.T.);
#8363=ADVANCED_FACE('',(#702),#7935,.T.);
#8364=ADVANCED_FACE('',(#703),#7936,.T.);
#8365=ADVANCED_FACE('',(#704),#7937,.T.);
#8366=ADVANCED_FACE('',(#705),#7938,.T.);
#8367=ADVANCED_FACE('',(#706),#7939,.T.);
#8368=ADVANCED_FACE('',(#707),#7940,.T.);
#8369=ADVANCED_FACE('',(#708),#7941,.T.);
#8370=ADVANCED_FACE('',(#709),#7942,.T.);
#8371=ADVANCED_FACE('',(#710),#7943,.T.);
#8372=ADVANCED_FACE('',(#711),#7944,.T.);
#8373=ADVANCED_FACE('',(#712),#21,.F.);
#8374=ADVANCED_FACE('',(#713),#22,.T.);
#8375=ADVANCED_FACE('',(#714,#154),#7945,.T.);
#8376=ADVANCED_FACE('',(#715),#7946,.T.);
#8377=ADVANCED_FACE('',(#716),#7947,.T.);
#8378=ADVANCED_FACE('',(#717),#7948,.T.);
#8379=ADVANCED_FACE('',(#718),#7949,.T.);
#8380=ADVANCED_FACE('',(#719),#7950,.T.);
#8381=ADVANCED_FACE('',(#720),#7951,.T.);
#8382=ADVANCED_FACE('',(#721),#7952,.T.);
#8383=ADVANCED_FACE('',(#722),#7953,.T.);
#8384=ADVANCED_FACE('',(#723),#7954,.T.);
#8385=ADVANCED_FACE('',(#724),#7955,.T.);
#8386=ADVANCED_FACE('',(#725),#7956,.T.);
#8387=ADVANCED_FACE('',(#726),#496,.T.);
#8388=ADVANCED_FACE('',(#727),#497,.T.);
#8389=ADVANCED_FACE('',(#728),#498,.T.);
#8390=ADVANCED_FACE('',(#729),#499,.T.);
#8391=ADVANCED_FACE('',(#730),#500,.T.);
#8392=ADVANCED_FACE('',(#731),#7957,.T.);
#8393=ADVANCED_FACE('',(#732),#501,.T.);
#8394=ADVANCED_FACE('',(#733),#502,.T.);
#8395=ADVANCED_FACE('',(#734),#503,.T.);
#8396=ADVANCED_FACE('',(#735),#504,.T.);
#8397=ADVANCED_FACE('',(#736),#7958,.T.);
#8398=ADVANCED_FACE('',(#737),#7959,.F.);
#8399=ADVANCED_FACE('',(#738),#7960,.T.);
#8400=ADVANCED_FACE('',(#739),#17,.F.);
#8401=ADVANCED_FACE('',(#740),#23,.T.);
#8402=ADVANCED_FACE('',(#741),#18,.F.);
#8403=ADVANCED_FACE('',(#742),#24,.T.);
#8404=ADVANCED_FACE('',(#743),#19,.F.);
#8405=ADVANCED_FACE('',(#744),#25,.T.);
#8406=ADVANCED_FACE('',(#745),#20,.F.);
#8407=ADVANCED_FACE('',(#746),#26,.T.);
#8408=ADVANCED_FACE('',(#747),#7961,.T.);
#8409=ADVANCED_FACE('',(#748),#27,.T.);
#8410=ADVANCED_FACE('',(#749),#7962,.T.);
#8411=ADVANCED_FACE('',(#750),#28,.T.);
#8412=ADVANCED_FACE('',(#751),#7963,.T.);
#8413=ADVANCED_FACE('',(#752),#7964,.T.);
#8414=ADVANCED_FACE('',(#753),#7965,.T.);
#8415=ADVANCED_FACE('',(#754),#7966,.T.);
#8416=ADVANCED_FACE('',(#755),#7967,.T.);
#8417=ADVANCED_FACE('',(#756),#7968,.T.);
#8418=ADVANCED_FACE('',(#757),#7969,.T.);
#8419=ADVANCED_FACE('',(#758),#7970,.T.);
#8420=ADVANCED_FACE('',(#759),#7971,.T.);
#8421=ADVANCED_FACE('',(#760),#7972,.T.);
#8422=ADVANCED_FACE('',(#761),#7973,.T.);
#8423=ADVANCED_FACE('',(#762),#7974,.T.);
#8424=ADVANCED_FACE('',(#763),#7975,.T.);
#8425=ADVANCED_FACE('',(#764),#7976,.T.);
#8426=ADVANCED_FACE('',(#765),#7977,.T.);
#8427=ADVANCED_FACE('',(#766),#7978,.T.);
#8428=ADVANCED_FACE('',(#767),#7979,.T.);
#8429=ADVANCED_FACE('',(#768),#7980,.T.);
#8430=ADVANCED_FACE('',(#769),#7981,.T.);
#8431=ADVANCED_FACE('',(#770),#7982,.T.);
#8432=ADVANCED_FACE('',(#771),#7983,.T.);
#8433=ADVANCED_FACE('',(#772),#7984,.T.);
#8434=ADVANCED_FACE('',(#773),#7985,.T.);
#8435=ADVANCED_FACE('',(#774),#7986,.T.);
#8436=ADVANCED_FACE('',(#775),#7987,.T.);
#8437=ADVANCED_FACE('',(#776),#7988,.T.);
#8438=ADVANCED_FACE('',(#777),#7989,.T.);
#8439=ADVANCED_FACE('',(#778),#7990,.T.);
#8440=ADVANCED_FACE('',(#779),#7991,.T.);
#8441=ADVANCED_FACE('',(#780),#7992,.T.);
#8442=ADVANCED_FACE('',(#781),#7993,.T.);
#8443=ADVANCED_FACE('',(#782),#7994,.T.);
#8444=ADVANCED_FACE('',(#783),#7995,.T.);
#8445=ADVANCED_FACE('',(#784),#7996,.T.);
#8446=ADVANCED_FACE('',(#785),#7997,.T.);
#8447=ADVANCED_FACE('',(#786),#7998,.T.);
#8448=ADVANCED_FACE('',(#787),#7999,.T.);
#8449=ADVANCED_FACE('',(#788),#8000,.T.);
#8450=ADVANCED_FACE('',(#789),#8001,.T.);
#8451=ADVANCED_FACE('',(#790),#8002,.T.);
#8452=ADVANCED_FACE('',(#791),#8003,.T.);
#8453=ADVANCED_FACE('',(#792),#8004,.T.);
#8454=ADVANCED_FACE('',(#793),#8005,.T.);
#8455=ADVANCED_FACE('',(#794),#8006,.T.);
#8456=ADVANCED_FACE('',(#795),#8007,.T.);
#8457=ADVANCED_FACE('',(#796),#8008,.T.);
#8458=ADVANCED_FACE('',(#797),#8009,.T.);
#8459=ADVANCED_FACE('',(#798),#8010,.T.);
#8460=ADVANCED_FACE('',(#799),#8011,.T.);
#8461=ADVANCED_FACE('',(#800),#8012,.T.);
#8462=ADVANCED_FACE('',(#801),#8013,.T.);
#8463=ADVANCED_FACE('',(#802),#8014,.T.);
#8464=ADVANCED_FACE('',(#803),#8015,.T.);
#8465=ADVANCED_FACE('',(#804),#8016,.T.);
#8466=ADVANCED_FACE('',(#805),#8017,.T.);
#8467=ADVANCED_FACE('',(#806),#8018,.T.);
#8468=ADVANCED_FACE('',(#807),#8019,.T.);
#8469=ADVANCED_FACE('',(#808),#8020,.T.);
#8470=ADVANCED_FACE('',(#809),#8021,.T.);
#8471=ADVANCED_FACE('',(#810),#8022,.T.);
#8472=ADVANCED_FACE('',(#811),#8023,.T.);
#8473=ADVANCED_FACE('',(#812),#8024,.T.);
#8474=ADVANCED_FACE('',(#813),#8025,.T.);
#8475=ADVANCED_FACE('',(#814),#8026,.T.);
#8476=ADVANCED_FACE('',(#815),#8027,.T.);
#8477=ADVANCED_FACE('',(#816),#8028,.T.);
#8478=ADVANCED_FACE('',(#817),#8029,.T.);
#8479=ADVANCED_FACE('',(#818),#8030,.T.);
#8480=ADVANCED_FACE('',(#819),#8031,.T.);
#8481=ADVANCED_FACE('',(#820),#8032,.T.);
#8482=ADVANCED_FACE('',(#821),#8033,.T.);
#8483=ADVANCED_FACE('',(#822),#8034,.T.);
#8484=ADVANCED_FACE('',(#823),#8035,.T.);
#8485=ADVANCED_FACE('',(#824),#8036,.T.);
#8486=ADVANCED_FACE('',(#825),#8037,.T.);
#8487=ADVANCED_FACE('',(#826),#8038,.T.);
#8488=ADVANCED_FACE('',(#827),#8039,.T.);
#8489=ADVANCED_FACE('',(#828),#8040,.T.);
#8490=ADVANCED_FACE('',(#829),#8041,.T.);
#8491=ADVANCED_FACE('',(#830),#8042,.T.);
#8492=ADVANCED_FACE('',(#831),#8043,.T.);
#8493=ADVANCED_FACE('',(#832),#8044,.T.);
#8494=ADVANCED_FACE('',(#833),#8045,.T.);
#8495=ADVANCED_FACE('',(#834),#8046,.T.);
#8496=ADVANCED_FACE('',(#835),#8047,.T.);
#8497=ADVANCED_FACE('',(#836),#8048,.T.);
#8498=ADVANCED_FACE('',(#837),#8049,.T.);
#8499=ADVANCED_FACE('',(#838),#8050,.T.);
#8500=ADVANCED_FACE('',(#839),#8051,.T.);
#8501=ADVANCED_FACE('',(#840),#8052,.T.);
#8502=ADVANCED_FACE('',(#841),#8053,.T.);
#8503=ADVANCED_FACE('',(#842),#8054,.T.);
#8504=ADVANCED_FACE('',(#843),#8055,.T.);
#8505=ADVANCED_FACE('',(#844),#8056,.T.);
#8506=ADVANCED_FACE('',(#845),#8057,.T.);
#8507=ADVANCED_FACE('',(#846),#8058,.T.);
#8508=ADVANCED_FACE('',(#847),#8059,.T.);
#8509=ADVANCED_FACE('',(#848),#8060,.T.);
#8510=ADVANCED_FACE('',(#849),#8061,.T.);
#8511=ADVANCED_FACE('',(#850),#8062,.T.);
#8512=ADVANCED_FACE('',(#851),#8063,.T.);
#8513=ADVANCED_FACE('',(#852),#8064,.T.);
#8514=ADVANCED_FACE('',(#853),#8065,.T.);
#8515=ADVANCED_FACE('',(#854),#8066,.T.);
#8516=ADVANCED_FACE('',(#855),#8067,.T.);
#8517=ADVANCED_FACE('',(#856),#8068,.T.);
#8518=ADVANCED_FACE('',(#857),#8069,.T.);
#8519=ADVANCED_FACE('',(#858),#8070,.T.);
#8520=ADVANCED_FACE('',(#859),#8071,.T.);
#8521=ADVANCED_FACE('',(#860),#8072,.T.);
#8522=ADVANCED_FACE('',(#861),#8073,.T.);
#8523=ADVANCED_FACE('',(#862),#8074,.T.);
#8524=ADVANCED_FACE('',(#863),#8075,.T.);
#8525=ADVANCED_FACE('',(#864),#8076,.T.);
#8526=ADVANCED_FACE('',(#865),#8077,.T.);
#8527=ADVANCED_FACE('',(#866),#8078,.T.);
#8528=ADVANCED_FACE('',(#867),#8079,.T.);
#8529=ADVANCED_FACE('',(#868),#8080,.T.);
#8530=ADVANCED_FACE('',(#869),#8081,.T.);
#8531=ADVANCED_FACE('',(#870),#8082,.T.);
#8532=ADVANCED_FACE('',(#871),#8083,.T.);
#8533=ADVANCED_FACE('',(#872),#8084,.T.);
#8534=ADVANCED_FACE('',(#873),#8085,.T.);
#8535=ADVANCED_FACE('',(#874),#8086,.T.);
#8536=ADVANCED_FACE('',(#875),#8087,.T.);
#8537=ADVANCED_FACE('',(#876),#8088,.T.);
#8538=ADVANCED_FACE('',(#877),#8089,.T.);
#8539=ADVANCED_FACE('',(#878),#8090,.T.);
#8540=ADVANCED_FACE('',(#879),#8091,.T.);
#8541=ADVANCED_FACE('',(#880),#8092,.T.);
#8542=ADVANCED_FACE('',(#881),#8093,.T.);
#8543=ADVANCED_FACE('',(#882),#8094,.T.);
#8544=ADVANCED_FACE('',(#883),#8095,.T.);
#8545=ADVANCED_FACE('',(#884),#8096,.T.);
#8546=ADVANCED_FACE('',(#885),#8097,.T.);
#8547=ADVANCED_FACE('',(#886),#8098,.T.);
#8548=ADVANCED_FACE('',(#887),#8099,.T.);
#8549=ADVANCED_FACE('',(#888),#8100,.T.);
#8550=ADVANCED_FACE('',(#889),#8101,.T.);
#8551=ADVANCED_FACE('',(#890),#8102,.T.);
#8552=ADVANCED_FACE('',(#891),#8103,.T.);
#8553=ADVANCED_FACE('',(#892),#8104,.T.);
#8554=ADVANCED_FACE('',(#893),#8105,.T.);
#8555=ADVANCED_FACE('',(#894),#8106,.T.);
#8556=ADVANCED_FACE('',(#895),#8107,.T.);
#8557=ADVANCED_FACE('',(#896),#8108,.T.);
#8558=ADVANCED_FACE('',(#897),#8109,.T.);
#8559=ADVANCED_FACE('',(#898),#8110,.T.);
#8560=ADVANCED_FACE('',(#899),#8111,.T.);
#8561=ADVANCED_FACE('',(#900),#8112,.T.);
#8562=ADVANCED_FACE('',(#901),#8113,.T.);
#8563=ADVANCED_FACE('',(#902),#8114,.T.);
#8564=ADVANCED_FACE('',(#903),#8115,.T.);
#8565=ADVANCED_FACE('',(#904),#8116,.T.);
#8566=ADVANCED_FACE('',(#905),#8117,.T.);
#8567=ADVANCED_FACE('',(#906),#8118,.T.);
#8568=ADVANCED_FACE('',(#907),#8119,.T.);
#8569=ADVANCED_FACE('',(#908),#8120,.T.);
#8570=ADVANCED_FACE('',(#909),#8121,.T.);
#8571=ADVANCED_FACE('',(#910),#8122,.T.);
#8572=ADVANCED_FACE('',(#911),#8123,.T.);
#8573=ADVANCED_FACE('',(#912),#8124,.T.);
#8574=ADVANCED_FACE('',(#913),#8125,.T.);
#8575=ADVANCED_FACE('',(#914),#8126,.T.);
#8576=ADVANCED_FACE('',(#915),#8127,.T.);
#8577=ADVANCED_FACE('',(#916),#8128,.T.);
#8578=ADVANCED_FACE('',(#917),#8129,.T.);
#8579=ADVANCED_FACE('',(#918),#8130,.T.);
#8580=ADVANCED_FACE('',(#919),#8131,.T.);
#8581=ADVANCED_FACE('',(#920),#8132,.T.);
#8582=ADVANCED_FACE('',(#921),#8133,.T.);
#8583=ADVANCED_FACE('',(#922),#29,.F.);
#8584=ADVANCED_FACE('',(#923),#30,.F.);
#8585=ADVANCED_FACE('',(#924),#31,.F.);
#8586=ADVANCED_FACE('',(#925),#32,.F.);
#8587=ADVANCED_FACE('',(#926),#33,.F.);
#8588=ADVANCED_FACE('',(#927),#34,.F.);
#8589=ADVANCED_FACE('',(#928),#35,.F.);
#8590=ADVANCED_FACE('',(#929),#36,.F.);
#8591=ADVANCED_FACE('',(#930),#37,.F.);
#8592=ADVANCED_FACE('',(#931),#38,.F.);
#8593=ADVANCED_FACE('',(#932),#39,.F.);
#8594=ADVANCED_FACE('',(#933),#40,.F.);
#8595=ADVANCED_FACE('',(#934),#8134,.T.);
#8596=ADVANCED_FACE('',(#935),#8135,.T.);
#8597=ADVANCED_FACE('',(#936),#8136,.T.);
#8598=ADVANCED_FACE('',(#937),#8137,.T.);
#8599=ADVANCED_FACE('',(#938,#155,#156,#157,#158,#159,#160,#161,#162),#8138,
 .T.);
#8600=ADVANCED_FACE('',(#939),#8139,.T.);
#8601=ADVANCED_FACE('',(#940),#8140,.T.);
#8602=ADVANCED_FACE('',(#941),#8141,.T.);
#8603=ADVANCED_FACE('',(#942),#8142,.T.);
#8604=ADVANCED_FACE('',(#943,#163,#164,#165,#166,#167,#168,#169,#170,#171,
#172,#173,#174,#175,#176,#177,#178,#179,#180,#181,#182,#183,#184,#185,#186,
#187,#188),#8143,.T.);
#8605=ADVANCED_FACE('',(#944,#189,#190,#191),#8144,.T.);
#8606=ADVANCED_FACE('',(#945),#8145,.T.);
#8607=ADVANCED_FACE('',(#946),#8146,.T.);
#8608=ADVANCED_FACE('',(#947),#8147,.T.);
#8609=ADVANCED_FACE('',(#948),#8148,.T.);
#8610=ADVANCED_FACE('',(#949),#8149,.T.);
#8611=ADVANCED_FACE('',(#950),#8150,.T.);
#8612=ADVANCED_FACE('',(#951),#8151,.T.);
#8613=ADVANCED_FACE('',(#952),#8152,.T.);
#8614=ADVANCED_FACE('',(#953),#8153,.T.);
#8615=ADVANCED_FACE('',(#954),#8154,.T.);
#8616=ADVANCED_FACE('',(#955),#8155,.T.);
#8617=ADVANCED_FACE('',(#956),#8156,.T.);
#8618=ADVANCED_FACE('',(#957),#8157,.T.);
#8619=ADVANCED_FACE('',(#958),#8158,.T.);
#8620=ADVANCED_FACE('',(#959),#8159,.T.);
#8621=ADVANCED_FACE('',(#960),#41,.T.);
#8622=ADVANCED_FACE('',(#961),#8160,.T.);
#8623=ADVANCED_FACE('',(#962),#42,.T.);
#8624=ADVANCED_FACE('',(#963),#43,.F.);
#8625=ADVANCED_FACE('',(#964),#44,.F.);
#8626=ADVANCED_FACE('',(#965),#45,.F.);
#8627=ADVANCED_FACE('',(#966),#46,.F.);
#8628=ADVANCED_FACE('',(#967),#8161,.T.);
#8629=ADVANCED_FACE('',(#968),#8162,.T.);
#8630=ADVANCED_FACE('',(#969),#8163,.T.);
#8631=ADVANCED_FACE('',(#970),#8164,.T.);
#8632=ADVANCED_FACE('',(#971,#192,#193,#194,#195,#196,#197,#198,#199,#200,
#201,#202,#203,#204,#205,#206,#207),#8165,.F.);
#8633=CLOSED_SHELL('',(#8166,#8167,#8168,#8169,#8170,#8171,#8172,#8173,
#8174,#8175,#8176,#8177,#8178,#8179,#8180,#8181,#8182,#8183,#8184,#8185,
#8186,#8187,#8188,#8189,#8190,#8191,#8192,#8193,#8194,#8195,#8196,#8197,
#8198,#8199,#8200,#8201,#8202,#8203,#8204,#8205,#8206,#8207,#8208,#8209,
#8210,#8211,#8212,#8213,#8214,#8215,#8216,#8217,#8218,#8219,#8220,#8221,
#8222,#8223,#8224,#8225,#8226,#8227,#8228,#8229,#8230,#8231,#8232,#8233,
#8234,#8235,#8236,#8237,#8238,#8239,#8240,#8241,#8242,#8243,#8244,#8245,
#8246,#8247,#8248,#8249,#8250,#8251,#8252,#8253,#8254,#8255,#8256,#8257,
#8258,#8259,#8260,#8261,#8262,#8263,#8264,#8265,#8266,#8267,#8268,#8269,
#8270,#8271,#8272,#8273,#8274,#8275,#8276,#8277,#8278,#8279,#8280,#8281,
#8282,#8283,#8284,#8285,#8286,#8287,#8288,#8289,#8290,#8291,#8292,#8293,
#8294,#8295,#8296,#8297,#8298,#8299,#8300,#8301,#8302,#8303,#8304,#8305,
#8306,#8307,#8308,#8309,#8310,#8311,#8312,#8313,#8314,#8315,#8316,#8317,
#8318,#8319,#8320,#8321,#8322,#8323,#8324,#8325,#8326,#8327,#8328,#8329,
#8330,#8331,#8332,#8333,#8334,#8335,#8336,#8337,#8338,#8339,#8340,#8341,
#8342,#8343,#8344,#8345,#8346,#8347,#8348,#8349,#8350,#8351,#8352,#8353,
#8354,#8355,#8356,#8357,#8358,#8359,#8360,#8361,#8362,#8363,#8364,#8365,
#8366,#8367,#8368,#8369,#8370,#8371,#8372,#8373,#8374,#8375,#8376,#8377,
#8378,#8379,#8380,#8381,#8382,#8383,#8384,#8385,#8386,#8387,#8388,#8389,
#8390,#8391,#8392,#8393,#8394,#8395,#8396,#8397,#8398,#8399,#8400,#8401,
#8402,#8403,#8404,#8405,#8406,#8407,#8408,#8409,#8410,#8411,#8412,#8413,
#8414,#8415,#8416,#8417,#8418,#8419,#8420,#8421,#8422,#8423,#8424,#8425,
#8426,#8427,#8428,#8429,#8430,#8431,#8432,#8433,#8434,#8435,#8436,#8437,
#8438,#8439,#8440,#8441,#8442,#8443,#8444,#8445,#8446,#8447,#8448,#8449,
#8450,#8451,#8452,#8453,#8454,#8455,#8456,#8457,#8458,#8459,#8460,#8461,
#8462,#8463,#8464,#8465,#8466,#8467,#8468,#8469,#8470,#8471,#8472,#8473,
#8474,#8475,#8476,#8477,#8478,#8479,#8480,#8481,#8482,#8483,#8484,#8485,
#8486,#8487,#8488,#8489,#8490,#8491,#8492,#8493,#8494,#8495,#8496,#8497,
#8498,#8499,#8500,#8501,#8502,#8503,#8504,#8505,#8506,#8507,#8508,#8509,
#8510,#8511,#8512,#8513,#8514,#8515,#8516,#8517,#8518,#8519,#8520,#8521,
#8522,#8523,#8524,#8525,#8526,#8527,#8528,#8529,#8530,#8531,#8532,#8533,
#8534,#8535,#8536,#8537,#8538,#8539,#8540,#8541,#8542,#8543,#8544,#8545,
#8546,#8547,#8548,#8549,#8550,#8551,#8552,#8553,#8554,#8555,#8556,#8557,
#8558,#8559,#8560,#8561,#8562,#8563,#8564,#8565,#8566,#8567,#8568,#8569,
#8570,#8571,#8572,#8573,#8574,#8575,#8576,#8577,#8578,#8579,#8580,#8581,
#8582,#8583,#8584,#8585,#8586,#8587,#8588,#8589,#8590,#8591,#8592,#8593,
#8594,#8595,#8596,#8597,#8598,#8599,#8600,#8601,#8602,#8603,#8604,#8605,
#8606,#8607,#8608,#8609,#8610,#8611,#8612,#8613,#8614,#8615,#8616,#8617,
#8618,#8619,#8620,#8621,#8622,#8623,#8624,#8625,#8626,#8627,#8628,#8629,
#8630,#8631,#8632));
#8634=DERIVED_UNIT_ELEMENT(#8637,1.);
#8635=DERIVED_UNIT_ELEMENT(#14649,-3.);
#8636=DIMENSIONAL_EXPONENTS(1.,0.,0.,0.,0.,0.,0.);
#8637=(
CONVERSION_BASED_UNIT('gram',#8639)
MASS_UNIT()
NAMED_UNIT(#8636)
);
#8638=(
MASS_UNIT()
NAMED_UNIT(*)
SI_UNIT(.KILO.,.GRAM.)
);
#8639=MASS_MEASURE_WITH_UNIT(MASS_MEASURE(0.001),#8638);
#8640=DERIVED_UNIT((#8634,#8635));
#8641=MEASURE_REPRESENTATION_ITEM('density measure',
POSITIVE_RATIO_MEASURE(1.),#8640);
#8642=PROPERTY_DEFINITION_REPRESENTATION(#8647,#8644);
#8643=PROPERTY_DEFINITION_REPRESENTATION(#8648,#8645);
#8644=REPRESENTATION('material name',(#8646),#14646);
#8645=REPRESENTATION('density',(#8641),#14646);
#8646=DESCRIPTIVE_REPRESENTATION_ITEM('Generic','Generic');
#8647=PROPERTY_DEFINITION('material property','material name',#14656);
#8648=PROPERTY_DEFINITION('material property','density of part',#14656);
#8649=DATE_TIME_ROLE('creation_date');
#8650=APPLIED_DATE_AND_TIME_ASSIGNMENT(#8651,#8649,(#14656));
#8651=DATE_AND_TIME(#8652,#8653);
#8652=CALENDAR_DATE(2025,30,9);
#8653=LOCAL_TIME(0,0,0.,#8654);
#8654=COORDINATED_UNIVERSAL_TIME_OFFSET(0,0,.BEHIND.);
#8655=AXIS2_PLACEMENT_3D('placement',#10865,#9076,#9077);
#8656=AXIS2_PLACEMENT_3D('',#10866,#9078,#9079);
#8657=AXIS2_PLACEMENT_3D('',#10951,#9088,#9089);
#8658=AXIS2_PLACEMENT_3D('',#10957,#9093,#9094);
#8659=AXIS2_PLACEMENT_3D('',#11039,#9102,#9103);
#8660=AXIS2_PLACEMENT_3D('',#11045,#9107,#9108);
#8661=AXIS2_PLACEMENT_3D('',#11105,#9114,#9115);
#8662=AXIS2_PLACEMENT_3D('',#11106,#9116,#9117);
#8663=AXIS2_PLACEMENT_3D('',#11153,#9124,#9125);
#8664=AXIS2_PLACEMENT_3D('',#11159,#9129,#9130);
#8665=AXIS2_PLACEMENT_3D('',#11165,#9134,#9135);
#8666=AXIS2_PLACEMENT_3D('',#11228,#9142,#9143);
#8667=AXIS2_PLACEMENT_3D('',#11234,#9147,#9148);
#8668=AXIS2_PLACEMENT_3D('',#11240,#9152,#9153);
#8669=AXIS2_PLACEMENT_3D('',#11246,#9157,#9158);
#8670=AXIS2_PLACEMENT_3D('',#11249,#9161,#9162);
#8671=AXIS2_PLACEMENT_3D('',#11329,#9168,#9169);
#8672=AXIS2_PLACEMENT_3D('',#11332,#9172,#9173);
#8673=AXIS2_PLACEMENT_3D('',#11455,#9184,#9185);
#8674=AXIS2_PLACEMENT_3D('',#11461,#9189,#9190);
#8675=AXIS2_PLACEMENT_3D('',#11467,#9194,#9195);
#8676=AXIS2_PLACEMENT_3D('',#11473,#9199,#9200);
#8677=AXIS2_PLACEMENT_3D('',#11476,#9203,#9204);
#8678=AXIS2_PLACEMENT_3D('',#11705,#9217,#9218);
#8679=AXIS2_PLACEMENT_3D('',#11706,#9219,#9220);
#8680=AXIS2_PLACEMENT_3D('',#11810,#9230,#9231);
#8681=AXIS2_PLACEMENT_3D('',#11816,#9235,#9236);
#8682=AXIS2_PLACEMENT_3D('',#11898,#9244,#9245);
#8683=AXIS2_PLACEMENT_3D('',#11904,#9249,#9250);
#8684=AXIS2_PLACEMENT_3D('',#11910,#9254,#9255);
#8685=AXIS2_PLACEMENT_3D('',#11913,#9258,#9259);
#8686=AXIS2_PLACEMENT_3D('',#11955,#9263,#9264);
#8687=AXIS2_PLACEMENT_3D('',#11961,#9268,#9269);
#8688=AXIS2_PLACEMENT_3D('',#12100,#9280,#9281);
#8689=AXIS2_PLACEMENT_3D('',#12106,#9285,#9286);
#8690=AXIS2_PLACEMENT_3D('',#12112,#9290,#9291);
#8691=AXIS2_PLACEMENT_3D('',#12118,#9295,#9296);
#8692=AXIS2_PLACEMENT_3D('',#12124,#9300,#9301);
#8693=AXIS2_PLACEMENT_3D('',#12130,#9305,#9306);
#8694=AXIS2_PLACEMENT_3D('',#12209,#9313,#9314);
#8695=AXIS2_PLACEMENT_3D('',#12210,#9315,#9316);
#8696=AXIS2_PLACEMENT_3D('',#12219,#9321,#9322);
#8697=AXIS2_PLACEMENT_3D('',#12225,#9326,#9327);
#8698=AXIS2_PLACEMENT_3D('',#12231,#9331,#9332);
#8699=AXIS2_PLACEMENT_3D('',#12234,#9335,#9336);
#8700=AXIS2_PLACEMENT_3D('',#12235,#9337,#9338);
#8701=AXIS2_PLACEMENT_3D('',#12244,#9343,#9344);
#8702=AXIS2_PLACEMENT_3D('',#12250,#9348,#9349);
#8703=AXIS2_PLACEMENT_3D('',#12256,#9353,#9354);
#8704=AXIS2_PLACEMENT_3D('',#12259,#9357,#9358);
#8705=AXIS2_PLACEMENT_3D('',#12268,#9363,#9364);
#8706=AXIS2_PLACEMENT_3D('',#12274,#9368,#9369);
#8707=AXIS2_PLACEMENT_3D('',#12280,#9373,#9374);
#8708=AXIS2_PLACEMENT_3D('',#12283,#9377,#9378);
#8709=AXIS2_PLACEMENT_3D('',#12344,#9383,#9384);
#8710=AXIS2_PLACEMENT_3D('',#12350,#9388,#9389);
#8711=AXIS2_PLACEMENT_3D('',#12356,#9393,#9394);
#8712=AXIS2_PLACEMENT_3D('',#12438,#9402,#9403);
#8713=AXIS2_PLACEMENT_3D('',#12444,#9407,#9408);
#8714=AXIS2_PLACEMENT_3D('',#12450,#9412,#9413);
#8715=AXIS2_PLACEMENT_3D('',#12456,#9417,#9418);
#8716=AXIS2_PLACEMENT_3D('',#12462,#9422,#9423);
#8717=AXIS2_PLACEMENT_3D('',#12522,#9429,#9430);
#8718=AXIS2_PLACEMENT_3D('',#12523,#9431,#9432);
#8719=AXIS2_PLACEMENT_3D('',#12532,#9437,#9438);
#8720=AXIS2_PLACEMENT_3D('',#12538,#9442,#9443);
#8721=AXIS2_PLACEMENT_3D('',#12544,#9447,#9448);
#8722=AXIS2_PLACEMENT_3D('',#12550,#9452,#9453);
#8723=AXIS2_PLACEMENT_3D('',#12556,#9457,#9458);
#8724=AXIS2_PLACEMENT_3D('',#12562,#9462,#9463);
#8725=AXIS2_PLACEMENT_3D('',#12568,#9467,#9468);
#8726=AXIS2_PLACEMENT_3D('',#12574,#9472,#9473);
#8727=AXIS2_PLACEMENT_3D('',#12580,#9477,#9478);
#8728=AXIS2_PLACEMENT_3D('',#12583,#9481,#9482);
#8729=AXIS2_PLACEMENT_3D('',#12625,#9486,#9487);
#8730=AXIS2_PLACEMENT_3D('',#12631,#9491,#9492);
#8731=AXIS2_PLACEMENT_3D('',#12732,#9501,#9502);
#8732=AXIS2_PLACEMENT_3D('',#12738,#9506,#9507);
#8733=AXIS2_PLACEMENT_3D('',#12744,#9511,#9512);
#8734=AXIS2_PLACEMENT_3D('',#12864,#9522,#9523);
#8735=AXIS2_PLACEMENT_3D('',#12870,#9527,#9528);
#8736=AXIS2_PLACEMENT_3D('',#12952,#9536,#9537);
#8737=AXIS2_PLACEMENT_3D('',#13012,#9543,#9544);
#8738=AXIS2_PLACEMENT_3D('',#13013,#9545,#9546);
#8739=AXIS2_PLACEMENT_3D('',#13022,#9551,#9552);
#8740=AXIS2_PLACEMENT_3D('',#13028,#9556,#9557);
#8741=AXIS2_PLACEMENT_3D('',#13034,#9561,#9562);
#8742=AXIS2_PLACEMENT_3D('',#13040,#9566,#9567);
#8743=AXIS2_PLACEMENT_3D('',#13046,#9571,#9572);
#8744=AXIS2_PLACEMENT_3D('',#13052,#9576,#9577);
#8745=AXIS2_PLACEMENT_3D('',#13058,#9581,#9582);
#8746=AXIS2_PLACEMENT_3D('',#13064,#9586,#9587);
#8747=AXIS2_PLACEMENT_3D('',#13070,#9591,#9592);
#8748=AXIS2_PLACEMENT_3D('',#13076,#9596,#9597);
#8749=AXIS2_PLACEMENT_3D('',#13082,#9601,#9602);
#8750=AXIS2_PLACEMENT_3D('',#13088,#9606,#9607);
#8751=AXIS2_PLACEMENT_3D('',#13091,#9610,#9611);
#8752=AXIS2_PLACEMENT_3D('',#13092,#9612,#9613);
#8753=AXIS2_PLACEMENT_3D('',#13101,#9618,#9619);
#8754=AXIS2_PLACEMENT_3D('',#13107,#9623,#9624);
#8755=AXIS2_PLACEMENT_3D('',#13113,#9628,#9629);
#8756=AXIS2_PLACEMENT_3D('',#13116,#9632,#9633);
#8757=AXIS2_PLACEMENT_3D('',#13117,#9634,#9635);
#8758=AXIS2_PLACEMENT_3D('',#13135,#9644,#9645);
#8759=AXIS2_PLACEMENT_3D('',#13170,#9662,#9663);
#8760=AXIS2_PLACEMENT_3D('',#13174,#9665,#9666);
#8761=AXIS2_PLACEMENT_3D('',#13178,#9668,#9669);
#8762=AXIS2_PLACEMENT_3D('',#13182,#9671,#9672);
#8763=AXIS2_PLACEMENT_3D('',#13185,#9674,#9675);
#8764=AXIS2_PLACEMENT_3D('',#13187,#9676,#9677);
#8765=AXIS2_PLACEMENT_3D('',#13189,#9678,#9679);
#8766=AXIS2_PLACEMENT_3D('',#13191,#9680,#9681);
#8767=AXIS2_PLACEMENT_3D('',#13192,#9682,#9683);
#8768=AXIS2_PLACEMENT_3D('',#13193,#9684,#9685);
#8769=AXIS2_PLACEMENT_3D('',#13195,#9686,#9687);
#8770=AXIS2_PLACEMENT_3D('',#13197,#9688,#9689);
#8771=AXIS2_PLACEMENT_3D('',#13199,#9690,#9691);
#8772=AXIS2_PLACEMENT_3D('',#13201,#9692,#9693);
#8773=AXIS2_PLACEMENT_3D('',#13203,#9694,#9695);
#8774=AXIS2_PLACEMENT_3D('',#13205,#9696,#9697);
#8775=AXIS2_PLACEMENT_3D('',#13207,#9698,#9699);
#8776=AXIS2_PLACEMENT_3D('',#13209,#9700,#9701);
#8777=AXIS2_PLACEMENT_3D('',#13211,#9702,#9703);
#8778=AXIS2_PLACEMENT_3D('',#13213,#9704,#9705);
#8779=AXIS2_PLACEMENT_3D('',#13215,#9706,#9707);
#8780=AXIS2_PLACEMENT_3D('',#13217,#9708,#9709);
#8781=AXIS2_PLACEMENT_3D('',#13218,#9710,#9711);
#8782=AXIS2_PLACEMENT_3D('',#13219,#9712,#9713);
#8783=AXIS2_PLACEMENT_3D('',#13220,#9714,#9715);
#8784=AXIS2_PLACEMENT_3D('',#13229,#9720,#9721);
#8785=AXIS2_PLACEMENT_3D('',#13235,#9725,#9726);
#8786=AXIS2_PLACEMENT_3D('',#13241,#9730,#9731);
#8787=AXIS2_PLACEMENT_3D('',#13247,#9735,#9736);
#8788=AXIS2_PLACEMENT_3D('',#13253,#9740,#9741);
#8789=AXIS2_PLACEMENT_3D('',#13259,#9745,#9746);
#8790=AXIS2_PLACEMENT_3D('',#13265,#9750,#9751);
#8791=AXIS2_PLACEMENT_3D('',#13271,#9755,#9756);
#8792=AXIS2_PLACEMENT_3D('',#13277,#9760,#9761);
#8793=AXIS2_PLACEMENT_3D('',#13280,#9764,#9765);
#8794=AXIS2_PLACEMENT_3D('',#13281,#9766,#9767);
#8795=AXIS2_PLACEMENT_3D('',#13283,#9768,#9769);
#8796=AXIS2_PLACEMENT_3D('',#13286,#9771,#9772);
#8797=AXIS2_PLACEMENT_3D('',#13287,#9773,#9774);
#8798=AXIS2_PLACEMENT_3D('',#13289,#9775,#9776);
#8799=AXIS2_PLACEMENT_3D('',#13291,#9778,#9779);
#8800=AXIS2_PLACEMENT_3D('',#13292,#9780,#9781);
#8801=AXIS2_PLACEMENT_3D('',#13301,#9786,#9787);
#8802=AXIS2_PLACEMENT_3D('',#13307,#9791,#9792);
#8803=AXIS2_PLACEMENT_3D('',#13313,#9796,#9797);
#8804=AXIS2_PLACEMENT_3D('',#13319,#9801,#9802);
#8805=AXIS2_PLACEMENT_3D('',#13325,#9806,#9807);
#8806=AXIS2_PLACEMENT_3D('',#13331,#9811,#9812);
#8807=AXIS2_PLACEMENT_3D('',#13337,#9816,#9817);
#8808=AXIS2_PLACEMENT_3D('',#13343,#9821,#9822);
#8809=AXIS2_PLACEMENT_3D('',#13349,#9826,#9827);
#8810=AXIS2_PLACEMENT_3D('',#13352,#9830,#9831);
#8811=AXIS2_PLACEMENT_3D('',#13443,#9838,#9839);
#8812=AXIS2_PLACEMENT_3D('',#13525,#9847,#9848);
#8813=AXIS2_PLACEMENT_3D('',#13528,#9851,#9852);
#8814=AXIS2_PLACEMENT_3D('',#13529,#9853,#9854);
#8815=AXIS2_PLACEMENT_3D('',#13541,#9855,#9856);
#8816=AXIS2_PLACEMENT_3D('',#13543,#9857,#9858);
#8817=AXIS2_PLACEMENT_3D('',#13545,#9859,#9860);
#8818=AXIS2_PLACEMENT_3D('',#13546,#9861,#9862);
#8819=AXIS2_PLACEMENT_3D('',#13547,#9863,#9864);
#8820=AXIS2_PLACEMENT_3D('',#13550,#9865,#9866);
#8821=AXIS2_PLACEMENT_3D('',#13564,#9869,#9870);
#8822=AXIS2_PLACEMENT_3D('',#13565,#9871,#9872);
#8823=AXIS2_PLACEMENT_3D('',#13566,#9873,#9874);
#8824=AXIS2_PLACEMENT_3D('',#13567,#9875,#9876);
#8825=AXIS2_PLACEMENT_3D('',#13570,#9877,#9878);
#8826=AXIS2_PLACEMENT_3D('',#13584,#9881,#9882);
#8827=AXIS2_PLACEMENT_3D('',#13585,#9883,#9884);
#8828=AXIS2_PLACEMENT_3D('',#13586,#9885,#9886);
#8829=AXIS2_PLACEMENT_3D('',#13587,#9887,#9888);
#8830=AXIS2_PLACEMENT_3D('',#13590,#9889,#9890);
#8831=AXIS2_PLACEMENT_3D('',#13604,#9893,#9894);
#8832=AXIS2_PLACEMENT_3D('',#13605,#9895,#9896);
#8833=AXIS2_PLACEMENT_3D('',#13606,#9897,#9898);
#8834=AXIS2_PLACEMENT_3D('',#13607,#9899,#9900);
#8835=AXIS2_PLACEMENT_3D('',#13610,#9903,#9904);
#8836=AXIS2_PLACEMENT_3D('',#13613,#9907,#9908);
#8837=AXIS2_PLACEMENT_3D('',#13615,#9910,#9911);
#8838=AXIS2_PLACEMENT_3D('',#13617,#9913,#9914);
#8839=AXIS2_PLACEMENT_3D('',#13619,#9916,#9917);
#8840=AXIS2_PLACEMENT_3D('',#13620,#9918,#9919);
#8841=AXIS2_PLACEMENT_3D('',#13629,#9924,#9925);
#8842=AXIS2_PLACEMENT_3D('',#13635,#9929,#9930);
#8843=AXIS2_PLACEMENT_3D('',#13641,#9934,#9935);
#8844=AXIS2_PLACEMENT_3D('',#13644,#9938,#9939);
#8845=AXIS2_PLACEMENT_3D('',#13645,#9940,#9941);
#8846=AXIS2_PLACEMENT_3D('',#13654,#9946,#9947);
#8847=AXIS2_PLACEMENT_3D('',#13660,#9951,#9952);
#8848=AXIS2_PLACEMENT_3D('',#13666,#9956,#9957);
#8849=AXIS2_PLACEMENT_3D('',#13669,#9960,#9961);
#8850=AXIS2_PLACEMENT_3D('',#13670,#9962,#9963);
#8851=AXIS2_PLACEMENT_3D('',#13679,#9968,#9969);
#8852=AXIS2_PLACEMENT_3D('',#13685,#9973,#9974);
#8853=AXIS2_PLACEMENT_3D('',#13691,#9978,#9979);
#8854=AXIS2_PLACEMENT_3D('',#13694,#9982,#9983);
#8855=AXIS2_PLACEMENT_3D('',#13695,#9984,#9985);
#8856=AXIS2_PLACEMENT_3D('',#13704,#9990,#9991);
#8857=AXIS2_PLACEMENT_3D('',#13710,#9995,#9996);
#8858=AXIS2_PLACEMENT_3D('',#13716,#10000,#10001);
#8859=AXIS2_PLACEMENT_3D('',#13719,#10004,#10005);
#8860=AXIS2_PLACEMENT_3D('',#13720,#10006,#10007);
#8861=AXIS2_PLACEMENT_3D('',#13729,#10012,#10013);
#8862=AXIS2_PLACEMENT_3D('',#13735,#10017,#10018);
#8863=AXIS2_PLACEMENT_3D('',#13741,#10022,#10023);
#8864=AXIS2_PLACEMENT_3D('',#13744,#10026,#10027);
#8865=AXIS2_PLACEMENT_3D('',#13745,#10028,#10029);
#8866=AXIS2_PLACEMENT_3D('',#13754,#10034,#10035);
#8867=AXIS2_PLACEMENT_3D('',#13760,#10039,#10040);
#8868=AXIS2_PLACEMENT_3D('',#13766,#10044,#10045);
#8869=AXIS2_PLACEMENT_3D('',#13769,#10048,#10049);
#8870=AXIS2_PLACEMENT_3D('',#13770,#10050,#10051);
#8871=AXIS2_PLACEMENT_3D('',#13779,#10056,#10057);
#8872=AXIS2_PLACEMENT_3D('',#13785,#10061,#10062);
#8873=AXIS2_PLACEMENT_3D('',#13791,#10066,#10067);
#8874=AXIS2_PLACEMENT_3D('',#13794,#10070,#10071);
#8875=AXIS2_PLACEMENT_3D('',#13795,#10072,#10073);
#8876=AXIS2_PLACEMENT_3D('',#13804,#10078,#10079);
#8877=AXIS2_PLACEMENT_3D('',#13810,#10083,#10084);
#8878=AXIS2_PLACEMENT_3D('',#13816,#10088,#10089);
#8879=AXIS2_PLACEMENT_3D('',#13819,#10092,#10093);
#8880=AXIS2_PLACEMENT_3D('',#13820,#10094,#10095);
#8881=AXIS2_PLACEMENT_3D('',#13829,#10100,#10101);
#8882=AXIS2_PLACEMENT_3D('',#13835,#10105,#10106);
#8883=AXIS2_PLACEMENT_3D('',#13841,#10110,#10111);
#8884=AXIS2_PLACEMENT_3D('',#13844,#10114,#10115);
#8885=AXIS2_PLACEMENT_3D('',#13845,#10116,#10117);
#8886=AXIS2_PLACEMENT_3D('',#13854,#10122,#10123);
#8887=AXIS2_PLACEMENT_3D('',#13860,#10127,#10128);
#8888=AXIS2_PLACEMENT_3D('',#13866,#10132,#10133);
#8889=AXIS2_PLACEMENT_3D('',#13869,#10136,#10137);
#8890=AXIS2_PLACEMENT_3D('',#13870,#10138,#10139);
#8891=AXIS2_PLACEMENT_3D('',#13879,#10144,#10145);
#8892=AXIS2_PLACEMENT_3D('',#13885,#10149,#10150);
#8893=AXIS2_PLACEMENT_3D('',#13891,#10154,#10155);
#8894=AXIS2_PLACEMENT_3D('',#13894,#10158,#10159);
#8895=AXIS2_PLACEMENT_3D('',#13895,#10160,#10161);
#8896=AXIS2_PLACEMENT_3D('',#13904,#10166,#10167);
#8897=AXIS2_PLACEMENT_3D('',#13910,#10171,#10172);
#8898=AXIS2_PLACEMENT_3D('',#13916,#10176,#10177);
#8899=AXIS2_PLACEMENT_3D('',#13919,#10180,#10181);
#8900=AXIS2_PLACEMENT_3D('',#13920,#10182,#10183);
#8901=AXIS2_PLACEMENT_3D('',#13929,#10188,#10189);
#8902=AXIS2_PLACEMENT_3D('',#13935,#10193,#10194);
#8903=AXIS2_PLACEMENT_3D('',#13941,#10198,#10199);
#8904=AXIS2_PLACEMENT_3D('',#13944,#10202,#10203);
#8905=AXIS2_PLACEMENT_3D('',#13945,#10204,#10205);
#8906=AXIS2_PLACEMENT_3D('',#13954,#10210,#10211);
#8907=AXIS2_PLACEMENT_3D('',#13960,#10215,#10216);
#8908=AXIS2_PLACEMENT_3D('',#13966,#10220,#10221);
#8909=AXIS2_PLACEMENT_3D('',#13969,#10224,#10225);
#8910=AXIS2_PLACEMENT_3D('',#13970,#10226,#10227);
#8911=AXIS2_PLACEMENT_3D('',#13979,#10232,#10233);
#8912=AXIS2_PLACEMENT_3D('',#13985,#10237,#10238);
#8913=AXIS2_PLACEMENT_3D('',#13991,#10242,#10243);
#8914=AXIS2_PLACEMENT_3D('',#13994,#10246,#10247);
#8915=AXIS2_PLACEMENT_3D('',#13995,#10248,#10249);
#8916=AXIS2_PLACEMENT_3D('',#14004,#10254,#10255);
#8917=AXIS2_PLACEMENT_3D('',#14010,#10259,#10260);
#8918=AXIS2_PLACEMENT_3D('',#14016,#10264,#10265);
#8919=AXIS2_PLACEMENT_3D('',#14019,#10268,#10269);
#8920=AXIS2_PLACEMENT_3D('',#14020,#10270,#10271);
#8921=AXIS2_PLACEMENT_3D('',#14029,#10276,#10277);
#8922=AXIS2_PLACEMENT_3D('',#14035,#10281,#10282);
#8923=AXIS2_PLACEMENT_3D('',#14041,#10286,#10287);
#8924=AXIS2_PLACEMENT_3D('',#14044,#10290,#10291);
#8925=AXIS2_PLACEMENT_3D('',#14045,#10292,#10293);
#8926=AXIS2_PLACEMENT_3D('',#14054,#10298,#10299);
#8927=AXIS2_PLACEMENT_3D('',#14060,#10303,#10304);
#8928=AXIS2_PLACEMENT_3D('',#14066,#10308,#10309);
#8929=AXIS2_PLACEMENT_3D('',#14069,#10312,#10313);
#8930=AXIS2_PLACEMENT_3D('',#14070,#10314,#10315);
#8931=AXIS2_PLACEMENT_3D('',#14079,#10320,#10321);
#8932=AXIS2_PLACEMENT_3D('',#14085,#10325,#10326);
#8933=AXIS2_PLACEMENT_3D('',#14091,#10330,#10331);
#8934=AXIS2_PLACEMENT_3D('',#14094,#10334,#10335);
#8935=AXIS2_PLACEMENT_3D('',#14095,#10336,#10337);
#8936=AXIS2_PLACEMENT_3D('',#14104,#10342,#10343);
#8937=AXIS2_PLACEMENT_3D('',#14110,#10347,#10348);
#8938=AXIS2_PLACEMENT_3D('',#14116,#10352,#10353);
#8939=AXIS2_PLACEMENT_3D('',#14119,#10356,#10357);
#8940=AXIS2_PLACEMENT_3D('',#14120,#10358,#10359);
#8941=AXIS2_PLACEMENT_3D('',#14129,#10364,#10365);
#8942=AXIS2_PLACEMENT_3D('',#14135,#10369,#10370);
#8943=AXIS2_PLACEMENT_3D('',#14141,#10374,#10375);
#8944=AXIS2_PLACEMENT_3D('',#14144,#10378,#10379);
#8945=AXIS2_PLACEMENT_3D('',#14145,#10380,#10381);
#8946=AXIS2_PLACEMENT_3D('',#14154,#10386,#10387);
#8947=AXIS2_PLACEMENT_3D('',#14160,#10391,#10392);
#8948=AXIS2_PLACEMENT_3D('',#14166,#10396,#10397);
#8949=AXIS2_PLACEMENT_3D('',#14169,#10400,#10401);
#8950=AXIS2_PLACEMENT_3D('',#14170,#10402,#10403);
#8951=AXIS2_PLACEMENT_3D('',#14179,#10408,#10409);
#8952=AXIS2_PLACEMENT_3D('',#14185,#10413,#10414);
#8953=AXIS2_PLACEMENT_3D('',#14191,#10418,#10419);
#8954=AXIS2_PLACEMENT_3D('',#14194,#10422,#10423);
#8955=AXIS2_PLACEMENT_3D('',#14195,#10424,#10425);
#8956=AXIS2_PLACEMENT_3D('',#14204,#10430,#10431);
#8957=AXIS2_PLACEMENT_3D('',#14210,#10435,#10436);
#8958=AXIS2_PLACEMENT_3D('',#14216,#10440,#10441);
#8959=AXIS2_PLACEMENT_3D('',#14219,#10444,#10445);
#8960=AXIS2_PLACEMENT_3D('',#14220,#10446,#10447);
#8961=AXIS2_PLACEMENT_3D('',#14229,#10452,#10453);
#8962=AXIS2_PLACEMENT_3D('',#14235,#10457,#10458);
#8963=AXIS2_PLACEMENT_3D('',#14241,#10462,#10463);
#8964=AXIS2_PLACEMENT_3D('',#14244,#10466,#10467);
#8965=AXIS2_PLACEMENT_3D('',#14245,#10468,#10469);
#8966=AXIS2_PLACEMENT_3D('',#14254,#10474,#10475);
#8967=AXIS2_PLACEMENT_3D('',#14260,#10479,#10480);
#8968=AXIS2_PLACEMENT_3D('',#14266,#10484,#10485);
#8969=AXIS2_PLACEMENT_3D('',#14269,#10488,#10489);
#8970=AXIS2_PLACEMENT_3D('',#14270,#10490,#10491);
#8971=AXIS2_PLACEMENT_3D('',#14279,#10496,#10497);
#8972=AXIS2_PLACEMENT_3D('',#14285,#10501,#10502);
#8973=AXIS2_PLACEMENT_3D('',#14291,#10506,#10507);
#8974=AXIS2_PLACEMENT_3D('',#14294,#10510,#10511);
#8975=AXIS2_PLACEMENT_3D('',#14295,#10512,#10513);
#8976=AXIS2_PLACEMENT_3D('',#14304,#10518,#10519);
#8977=AXIS2_PLACEMENT_3D('',#14310,#10523,#10524);
#8978=AXIS2_PLACEMENT_3D('',#14316,#10528,#10529);
#8979=AXIS2_PLACEMENT_3D('',#14319,#10532,#10533);
#8980=AXIS2_PLACEMENT_3D('',#14320,#10534,#10535);
#8981=AXIS2_PLACEMENT_3D('',#14329,#10540,#10541);
#8982=AXIS2_PLACEMENT_3D('',#14335,#10545,#10546);
#8983=AXIS2_PLACEMENT_3D('',#14341,#10550,#10551);
#8984=AXIS2_PLACEMENT_3D('',#14344,#10554,#10555);
#8985=AXIS2_PLACEMENT_3D('',#14345,#10556,#10557);
#8986=AXIS2_PLACEMENT_3D('',#14354,#10562,#10563);
#8987=AXIS2_PLACEMENT_3D('',#14360,#10567,#10568);
#8988=AXIS2_PLACEMENT_3D('',#14366,#10572,#10573);
#8989=AXIS2_PLACEMENT_3D('',#14369,#10576,#10577);
#8990=AXIS2_PLACEMENT_3D('',#14370,#10578,#10579);
#8991=AXIS2_PLACEMENT_3D('',#14379,#10584,#10585);
#8992=AXIS2_PLACEMENT_3D('',#14385,#10589,#10590);
#8993=AXIS2_PLACEMENT_3D('',#14391,#10594,#10595);
#8994=AXIS2_PLACEMENT_3D('',#14394,#10598,#10599);
#8995=AXIS2_PLACEMENT_3D('',#14395,#10600,#10601);
#8996=AXIS2_PLACEMENT_3D('',#14404,#10606,#10607);
#8997=AXIS2_PLACEMENT_3D('',#14410,#10611,#10612);
#8998=AXIS2_PLACEMENT_3D('',#14416,#10616,#10617);
#8999=AXIS2_PLACEMENT_3D('',#14419,#10620,#10621);
#9000=AXIS2_PLACEMENT_3D('',#14420,#10622,#10623);
#9001=AXIS2_PLACEMENT_3D('',#14429,#10628,#10629);
#9002=AXIS2_PLACEMENT_3D('',#14435,#10633,#10634);
#9003=AXIS2_PLACEMENT_3D('',#14441,#10638,#10639);
#9004=AXIS2_PLACEMENT_3D('',#14444,#10642,#10643);
#9005=AXIS2_PLACEMENT_3D('',#14445,#10644,#10645);
#9006=AXIS2_PLACEMENT_3D('',#14454,#10650,#10651);
#9007=AXIS2_PLACEMENT_3D('',#14460,#10655,#10656);
#9008=AXIS2_PLACEMENT_3D('',#14466,#10660,#10661);
#9009=AXIS2_PLACEMENT_3D('',#14469,#10664,#10665);
#9010=AXIS2_PLACEMENT_3D('',#14470,#10666,#10667);
#9011=AXIS2_PLACEMENT_3D('',#14473,#10669,#10670);
#9012=AXIS2_PLACEMENT_3D('',#14474,#10671,#10672);
#9013=AXIS2_PLACEMENT_3D('',#14477,#10674,#10675);
#9014=AXIS2_PLACEMENT_3D('',#14478,#10676,#10677);
#9015=AXIS2_PLACEMENT_3D('',#14481,#10679,#10680);
#9016=AXIS2_PLACEMENT_3D('',#14482,#10681,#10682);
#9017=AXIS2_PLACEMENT_3D('',#14485,#10684,#10685);
#9018=AXIS2_PLACEMENT_3D('',#14486,#10686,#10687);
#9019=AXIS2_PLACEMENT_3D('',#14489,#10689,#10690);
#9020=AXIS2_PLACEMENT_3D('',#14490,#10691,#10692);
#9021=AXIS2_PLACEMENT_3D('',#14493,#10694,#10695);
#9022=AXIS2_PLACEMENT_3D('',#14494,#10696,#10697);
#9023=AXIS2_PLACEMENT_3D('',#14497,#10699,#10700);
#9024=AXIS2_PLACEMENT_3D('',#14498,#10701,#10702);
#9025=AXIS2_PLACEMENT_3D('',#14501,#10704,#10705);
#9026=AXIS2_PLACEMENT_3D('',#14502,#10706,#10707);
#9027=AXIS2_PLACEMENT_3D('',#14505,#10709,#10710);
#9028=AXIS2_PLACEMENT_3D('',#14506,#10711,#10712);
#9029=AXIS2_PLACEMENT_3D('',#14509,#10714,#10715);
#9030=AXIS2_PLACEMENT_3D('',#14510,#10716,#10717);
#9031=AXIS2_PLACEMENT_3D('',#14513,#10719,#10720);
#9032=AXIS2_PLACEMENT_3D('',#14514,#10721,#10722);
#9033=AXIS2_PLACEMENT_3D('',#14517,#10724,#10725);
#9034=AXIS2_PLACEMENT_3D('',#14518,#10726,#10727);
#9035=AXIS2_PLACEMENT_3D('',#14524,#10731,#10732);
#9036=AXIS2_PLACEMENT_3D('',#14528,#10735,#10736);
#9037=AXIS2_PLACEMENT_3D('',#14532,#10739,#10740);
#9038=AXIS2_PLACEMENT_3D('',#14534,#10742,#10743);
#9039=AXIS2_PLACEMENT_3D('',#14535,#10744,#10745);
#9040=AXIS2_PLACEMENT_3D('',#14541,#10749,#10750);
#9041=AXIS2_PLACEMENT_3D('',#14545,#10753,#10754);
#9042=AXIS2_PLACEMENT_3D('',#14549,#10757,#10758);
#9043=AXIS2_PLACEMENT_3D('',#14551,#10760,#10761);
#9044=AXIS2_PLACEMENT_3D('',#14552,#10762,#10763);
#9045=AXIS2_PLACEMENT_3D('',#14553,#10764,#10765);
#9046=AXIS2_PLACEMENT_3D('',#14559,#10769,#10770);
#9047=AXIS2_PLACEMENT_3D('',#14563,#10773,#10774);
#9048=AXIS2_PLACEMENT_3D('',#14567,#10777,#10778);
#9049=AXIS2_PLACEMENT_3D('',#14569,#10780,#10781);
#9050=AXIS2_PLACEMENT_3D('',#14575,#10785,#10786);
#9051=AXIS2_PLACEMENT_3D('',#14579,#10789,#10790);
#9052=AXIS2_PLACEMENT_3D('',#14583,#10793,#10794);
#9053=AXIS2_PLACEMENT_3D('',#14585,#10796,#10797);
#9054=AXIS2_PLACEMENT_3D('',#14586,#10798,#10799);
#9055=AXIS2_PLACEMENT_3D('',#14592,#10803,#10804);
#9056=AXIS2_PLACEMENT_3D('',#14596,#10807,#10808);
#9057=AXIS2_PLACEMENT_3D('',#14600,#10811,#10812);
#9058=AXIS2_PLACEMENT_3D('',#14602,#10814,#10815);
#9059=AXIS2_PLACEMENT_3D('',#14603,#10816,#10817);
#9060=AXIS2_PLACEMENT_3D('',#14605,#10819,#10820);
#9061=AXIS2_PLACEMENT_3D('',#14607,#10822,#10823);
#9062=AXIS2_PLACEMENT_3D('',#14609,#10825,#10826);
#9063=AXIS2_PLACEMENT_3D('',#14610,#10827,#10828);
#9064=AXIS2_PLACEMENT_3D('',#14613,#10830,#10831);
#9065=AXIS2_PLACEMENT_3D('',#14614,#10832,#10833);
#9066=AXIS2_PLACEMENT_3D('',#14617,#10835,#10836);
#9067=AXIS2_PLACEMENT_3D('',#14618,#10837,#10838);
#9068=AXIS2_PLACEMENT_3D('',#14621,#10840,#10841);
#9069=AXIS2_PLACEMENT_3D('',#14622,#10842,#10843);
#9070=AXIS2_PLACEMENT_3D('',#14625,#10845,#10846);
#9071=AXIS2_PLACEMENT_3D('',#14626,#10847,#10848);
#9072=AXIS2_PLACEMENT_3D('',#14632,#10852,#10853);
#9073=AXIS2_PLACEMENT_3D('',#14636,#10856,#10857);
#9074=AXIS2_PLACEMENT_3D('',#14640,#10860,#10861);
#9075=AXIS2_PLACEMENT_3D('',#14642,#10863,#10864);
#9076=DIRECTION('axis',(0.,0.,1.));
#9077=DIRECTION('refdir',(1.,0.,0.));
#9078=DIRECTION('center_axis',(-1.,0.,0.));
#9079=DIRECTION('ref_axis',(0.,0.,1.));
#9080=DIRECTION('',(0.,0.,1.));
#9081=DIRECTION('',(0.,1.,0.));
#9082=DIRECTION('',(0.,0.,-1.));
#9083=DIRECTION('',(0.,1.,0.));
#9084=DIRECTION('',(0.,1.,0.));
#9085=DIRECTION('',(0.,1.,0.));
#9086=DIRECTION('',(0.,1.,0.));
#9087=DIRECTION('',(0.,1.,0.));
#9088=DIRECTION('center_axis',(0.,0.,1.));
#9089=DIRECTION('ref_axis',(1.,0.,0.));
#9090=DIRECTION('',(-1.,0.,0.));
#9091=DIRECTION('',(1.,0.,0.));
#9092=DIRECTION('',(0.,1.,0.));
#9093=DIRECTION('center_axis',(-1.,0.,0.));
#9094=DIRECTION('ref_axis',(0.,0.,1.));
#9095=DIRECTION('',(0.,0.,-1.));
#9096=DIRECTION('',(0.,0.,1.));
#9097=DIRECTION('',(0.,1.,0.));
#9098=DIRECTION('',(0.,1.,0.));
#9099=DIRECTION('',(0.,1.,0.));
#9100=DIRECTION('',(0.,1.,0.));
#9101=DIRECTION('',(0.,1.,0.));
#9102=DIRECTION('center_axis',(1.,0.,0.));
#9103=DIRECTION('ref_axis',(0.,0.,-1.));
#9104=DIRECTION('',(0.,0.,1.));
#9105=DIRECTION('',(0.,0.,-1.));
#9106=DIRECTION('',(0.,1.,0.));
#9107=DIRECTION('center_axis',(0.,0.,1.));
#9108=DIRECTION('ref_axis',(1.,0.,0.));
#9109=DIRECTION('',(-1.,0.,0.));
#9110=DIRECTION('',(1.,0.,0.));
#9111=DIRECTION('',(0.,1.,0.));
#9112=DIRECTION('',(0.,1.,0.));
#9113=DIRECTION('',(0.,1.,0.));
#9114=DIRECTION('center_axis',(0.,-1.,0.));
#9115=DIRECTION('ref_axis',(0.,0.,-1.));
#9116=DIRECTION('center_axis',(0.,0.,-1.));
#9117=DIRECTION('ref_axis',(-1.,0.,0.));
#9118=DIRECTION('',(1.,0.,0.));
#9119=DIRECTION('',(0.,1.,0.));
#9120=DIRECTION('',(-1.,0.,0.));
#9121=DIRECTION('',(0.,1.,0.));
#9122=DIRECTION('',(0.,1.,0.));
#9123=DIRECTION('',(0.,1.,0.));
#9124=DIRECTION('center_axis',(0.,0.,-1.));
#9125=DIRECTION('ref_axis',(-1.,0.,0.));
#9126=DIRECTION('',(1.,0.,0.));
#9127=DIRECTION('',(-1.,0.,0.));
#9128=DIRECTION('',(0.,1.,0.));
#9129=DIRECTION('center_axis',(1.,0.,0.));
#9130=DIRECTION('ref_axis',(0.,0.,-1.));
#9131=DIRECTION('',(0.,0.,1.));
#9132=DIRECTION('',(0.,0.,-1.));
#9133=DIRECTION('',(0.,1.,0.));
#9134=DIRECTION('center_axis',(0.,0.,1.));
#9135=DIRECTION('ref_axis',(1.,0.,0.));
#9136=DIRECTION('',(-1.,0.,0.));
#9137=DIRECTION('',(1.,0.,0.));
#9138=DIRECTION('',(0.,1.,0.));
#9139=DIRECTION('',(0.,1.,0.));
#9140=DIRECTION('',(0.,1.,0.));
#9141=DIRECTION('',(0.,1.,0.));
#9142=DIRECTION('center_axis',(0.,0.,-1.));
#9143=DIRECTION('ref_axis',(-1.,0.,0.));
#9144=DIRECTION('',(1.,0.,0.));
#9145=DIRECTION('',(-1.,0.,0.));
#9146=DIRECTION('',(0.,1.,0.));
#9147=DIRECTION('center_axis',(1.,0.,0.));
#9148=DIRECTION('ref_axis',(0.,0.,-1.));
#9149=DIRECTION('',(0.,0.,1.));
#9150=DIRECTION('',(0.,0.,-1.));
#9151=DIRECTION('',(0.,1.,0.));
#9152=DIRECTION('center_axis',(0.,0.,1.));
#9153=DIRECTION('ref_axis',(1.,0.,0.));
#9154=DIRECTION('',(-1.,0.,0.));
#9155=DIRECTION('',(1.,0.,0.));
#9156=DIRECTION('',(0.,1.,0.));
#9157=DIRECTION('center_axis',(-1.,0.,0.));
#9158=DIRECTION('ref_axis',(0.,0.,1.));
#9159=DIRECTION('',(0.,0.,-1.));
#9160=DIRECTION('',(0.,0.,1.));
#9161=DIRECTION('center_axis',(0.,1.,0.));
#9162=DIRECTION('ref_axis',(0.,0.,1.));
#9163=DIRECTION('',(0.,1.,0.));
#9164=DIRECTION('',(0.,1.,0.));
#9165=DIRECTION('',(0.,1.,0.));
#9166=DIRECTION('',(0.,1.,0.));
#9167=DIRECTION('',(0.,1.,0.));
#9168=DIRECTION('center_axis',(0.,0.,1.));
#9169=DIRECTION('ref_axis',(1.,0.,0.));
#9170=DIRECTION('',(1.,0.,0.));
#9171=DIRECTION('',(-1.,0.,0.));
#9172=DIRECTION('center_axis',(0.,0.,-1.));
#9173=DIRECTION('ref_axis',(-1.,0.,0.));
#9174=DIRECTION('',(1.,0.,0.));
#9175=DIRECTION('',(0.,1.,0.));
#9176=DIRECTION('',(-1.,0.,0.));
#9177=DIRECTION('',(0.,1.,0.));
#9178=DIRECTION('',(0.,1.,0.));
#9179=DIRECTION('',(0.,1.,0.));
#9180=DIRECTION('',(0.,1.,0.));
#9181=DIRECTION('',(0.,1.,0.));
#9182=DIRECTION('',(0.,1.,0.));
#9183=DIRECTION('',(0.,1.,0.));
#9184=DIRECTION('center_axis',(0.,0.,-1.));
#9185=DIRECTION('ref_axis',(-1.,0.,0.));
#9186=DIRECTION('',(1.,0.,0.));
#9187=DIRECTION('',(-1.,0.,0.));
#9188=DIRECTION('',(0.,1.,0.));
#9189=DIRECTION('center_axis',(1.,0.,0.));
#9190=DIRECTION('ref_axis',(0.,0.,-1.));
#9191=DIRECTION('',(0.,0.,1.));
#9192=DIRECTION('',(0.,0.,-1.));
#9193=DIRECTION('',(0.,1.,0.));
#9194=DIRECTION('center_axis',(0.,0.,1.));
#9195=DIRECTION('ref_axis',(1.,0.,0.));
#9196=DIRECTION('',(-1.,0.,0.));
#9197=DIRECTION('',(1.,0.,0.));
#9198=DIRECTION('',(0.,1.,0.));
#9199=DIRECTION('center_axis',(-1.,0.,0.));
#9200=DIRECTION('ref_axis',(0.,0.,1.));
#9201=DIRECTION('',(0.,0.,-1.));
#9202=DIRECTION('',(0.,0.,1.));
#9203=DIRECTION('center_axis',(0.,-1.,0.));
#9204=DIRECTION('ref_axis',(0.,0.,-1.));
#9205=DIRECTION('',(0.,1.,0.));
#9206=DIRECTION('',(0.,1.,0.));
#9207=DIRECTION('',(0.,1.,0.));
#9208=DIRECTION('',(0.,1.,0.));
#9209=DIRECTION('',(0.,1.,0.));
#9210=DIRECTION('',(0.,1.,0.));
#9211=DIRECTION('',(0.,1.,0.));
#9212=DIRECTION('',(0.,1.,0.));
#9213=DIRECTION('',(0.,1.,0.));
#9214=DIRECTION('',(0.,1.,0.));
#9215=DIRECTION('',(0.,1.,0.));
#9216=DIRECTION('',(0.,1.,0.));
#9217=DIRECTION('center_axis',(0.,1.,0.));
#9218=DIRECTION('ref_axis',(0.,0.,1.));
#9219=DIRECTION('center_axis',(0.,0.,-1.));
#9220=DIRECTION('ref_axis',(-1.,0.,0.));
#9221=DIRECTION('',(1.,0.,0.));
#9222=DIRECTION('',(0.,1.,0.));
#9223=DIRECTION('',(-1.,0.,0.));
#9224=DIRECTION('',(0.,1.,0.));
#9225=DIRECTION('',(0.,1.,0.));
#9226=DIRECTION('',(0.,1.,0.));
#9227=DIRECTION('',(0.,1.,0.));
#9228=DIRECTION('',(0.,1.,0.));
#9229=DIRECTION('',(0.,1.,0.));
#9230=DIRECTION('center_axis',(-1.,0.,0.));
#9231=DIRECTION('ref_axis',(0.,0.,1.));
#9232=DIRECTION('',(0.,0.,-1.));
#9233=DIRECTION('',(0.,0.,1.));
#9234=DIRECTION('',(0.,1.,0.));
#9235=DIRECTION('center_axis',(0.,0.,-1.));
#9236=DIRECTION('ref_axis',(-1.,0.,0.));
#9237=DIRECTION('',(1.,0.,0.));
#9238=DIRECTION('',(-1.,0.,0.));
#9239=DIRECTION('',(0.,1.,0.));
#9240=DIRECTION('',(0.,1.,0.));
#9241=DIRECTION('',(0.,1.,0.));
#9242=DIRECTION('',(0.,1.,0.));
#9243=DIRECTION('',(0.,1.,0.));
#9244=DIRECTION('center_axis',(1.,0.,0.));
#9245=DIRECTION('ref_axis',(0.,0.,-1.));
#9246=DIRECTION('',(0.,0.,1.));
#9247=DIRECTION('',(0.,0.,-1.));
#9248=DIRECTION('',(0.,1.,0.));
#9249=DIRECTION('center_axis',(0.,0.,1.));
#9250=DIRECTION('ref_axis',(1.,0.,0.));
#9251=DIRECTION('',(-1.,0.,0.));
#9252=DIRECTION('',(1.,0.,0.));
#9253=DIRECTION('',(0.,1.,0.));
#9254=DIRECTION('center_axis',(-1.,0.,0.));
#9255=DIRECTION('ref_axis',(0.,0.,1.));
#9256=DIRECTION('',(0.,0.,-1.));
#9257=DIRECTION('',(0.,0.,1.));
#9258=DIRECTION('center_axis',(0.,-1.,0.));
#9259=DIRECTION('ref_axis',(0.,0.,-1.));
#9260=DIRECTION('',(0.,1.,0.));
#9261=DIRECTION('',(0.,1.,0.));
#9262=DIRECTION('',(0.,1.,0.));
#9263=DIRECTION('center_axis',(0.,0.,-1.));
#9264=DIRECTION('ref_axis',(-1.,0.,0.));
#9265=DIRECTION('',(1.,0.,0.));
#9266=DIRECTION('',(-1.,0.,0.));
#9267=DIRECTION('',(0.,1.,0.));
#9268=DIRECTION('center_axis',(1.,0.,0.));
#9269=DIRECTION('ref_axis',(0.,0.,-1.));
#9270=DIRECTION('',(0.,0.,1.));
#9271=DIRECTION('',(0.,0.,-1.));
#9272=DIRECTION('',(0.,1.,0.));
#9273=DIRECTION('',(0.,1.,0.));
#9274=DIRECTION('',(0.,1.,0.));
#9275=DIRECTION('',(0.,1.,0.));
#9276=DIRECTION('',(0.,1.,0.));
#9277=DIRECTION('',(0.,1.,0.));
#9278=DIRECTION('',(0.,1.,0.));
#9279=DIRECTION('',(0.,1.,0.));
#9280=DIRECTION('center_axis',(-1.,0.,0.));
#9281=DIRECTION('ref_axis',(0.,0.,1.));
#9282=DIRECTION('',(0.,0.,-1.));
#9283=DIRECTION('',(0.,0.,1.));
#9284=DIRECTION('',(0.,1.,0.));
#9285=DIRECTION('center_axis',(0.,0.,-1.));
#9286=DIRECTION('ref_axis',(-1.,0.,0.));
#9287=DIRECTION('',(1.,0.,0.));
#9288=DIRECTION('',(-1.,0.,0.));
#9289=DIRECTION('',(0.,1.,0.));
#9290=DIRECTION('center_axis',(1.,0.,0.));
#9291=DIRECTION('ref_axis',(0.,0.,-1.));
#9292=DIRECTION('',(0.,0.,1.));
#9293=DIRECTION('',(0.,0.,-1.));
#9294=DIRECTION('',(0.,1.,0.));
#9295=DIRECTION('center_axis',(0.,0.,1.));
#9296=DIRECTION('ref_axis',(1.,0.,0.));
#9297=DIRECTION('',(-1.,0.,0.));
#9298=DIRECTION('',(1.,0.,0.));
#9299=DIRECTION('',(0.,1.,0.));
#9300=DIRECTION('center_axis',(-1.,0.,0.));
#9301=DIRECTION('ref_axis',(0.,0.,1.));
#9302=DIRECTION('',(0.,0.,-1.));
#9303=DIRECTION('',(0.,0.,1.));
#9304=DIRECTION('',(0.,1.,0.));
#9305=DIRECTION('center_axis',(0.,0.,1.));
#9306=DIRECTION('ref_axis',(1.,0.,0.));
#9307=DIRECTION('',(-1.,0.,0.));
#9308=DIRECTION('',(1.,0.,0.));
#9309=DIRECTION('',(0.,1.,0.));
#9310=DIRECTION('',(0.,1.,0.));
#9311=DIRECTION('',(0.,1.,0.));
#9312=DIRECTION('',(0.,1.,0.));
#9313=DIRECTION('center_axis',(0.,1.,0.));
#9314=DIRECTION('ref_axis',(0.,0.,1.));
#9315=DIRECTION('center_axis',(-1.,0.,0.));
#9316=DIRECTION('ref_axis',(0.,0.,1.));
#9317=DIRECTION('',(0.,0.,-1.));
#9318=DIRECTION('',(0.,1.,0.));
#9319=DIRECTION('',(0.,0.,1.));
#9320=DIRECTION('',(0.,1.,0.));
#9321=DIRECTION('center_axis',(0.,0.,-1.));
#9322=DIRECTION('ref_axis',(-1.,0.,0.));
#9323=DIRECTION('',(1.,0.,0.));
#9324=DIRECTION('',(-1.,0.,0.));
#9325=DIRECTION('',(0.,1.,0.));
#9326=DIRECTION('center_axis',(1.,0.,4.90741968576086E-16));
#9327=DIRECTION('ref_axis',(4.90741968576086E-16,0.,-1.));
#9328=DIRECTION('',(-4.90741968576086E-16,0.,1.));
#9329=DIRECTION('',(4.90741968576086E-16,0.,-1.));
#9330=DIRECTION('',(0.,1.,0.));
#9331=DIRECTION('center_axis',(0.,0.,1.));
#9332=DIRECTION('ref_axis',(1.,0.,0.));
#9333=DIRECTION('',(-1.,0.,0.));
#9334=DIRECTION('',(1.,0.,0.));
#9335=DIRECTION('center_axis',(0.,1.,0.));
#9336=DIRECTION('ref_axis',(0.,0.,1.));
#9337=DIRECTION('center_axis',(1.,0.,0.));
#9338=DIRECTION('ref_axis',(0.,0.,-1.));
#9339=DIRECTION('',(0.,0.,1.));
#9340=DIRECTION('',(0.,1.,0.));
#9341=DIRECTION('',(0.,0.,-1.));
#9342=DIRECTION('',(0.,1.,0.));
#9343=DIRECTION('center_axis',(0.,0.,-1.));
#9344=DIRECTION('ref_axis',(-1.,0.,0.));
#9345=DIRECTION('',(1.,0.,0.));
#9346=DIRECTION('',(-1.,0.,0.));
#9347=DIRECTION('',(0.,1.,0.));
#9348=DIRECTION('center_axis',(-1.,0.,0.));
#9349=DIRECTION('ref_axis',(0.,0.,1.));
#9350=DIRECTION('',(0.,0.,-1.));
#9351=DIRECTION('',(0.,0.,1.));
#9352=DIRECTION('',(0.,1.,0.));
#9353=DIRECTION('center_axis',(0.,0.,1.));
#9354=DIRECTION('ref_axis',(1.,0.,0.));
#9355=DIRECTION('',(-1.,0.,0.));
#9356=DIRECTION('',(1.,0.,0.));
#9357=DIRECTION('center_axis',(0.,0.,1.));
#9358=DIRECTION('ref_axis',(1.,0.,0.));
#9359=DIRECTION('',(-1.,0.,0.));
#9360=DIRECTION('',(0.,1.,0.));
#9361=DIRECTION('',(1.,0.,0.));
#9362=DIRECTION('',(0.,1.,0.));
#9363=DIRECTION('center_axis',(-1.,0.,-7.16272919113003E-16));
#9364=DIRECTION('ref_axis',(-7.16272919113003E-16,0.,1.));
#9365=DIRECTION('',(7.16272919113003E-16,0.,-1.));
#9366=DIRECTION('',(-7.16272919113003E-16,0.,1.));
#9367=DIRECTION('',(0.,1.,0.));
#9368=DIRECTION('center_axis',(0.,0.,-1.));
#9369=DIRECTION('ref_axis',(-1.,0.,0.));
#9370=DIRECTION('',(1.,0.,0.));
#9371=DIRECTION('',(-1.,0.,0.));
#9372=DIRECTION('',(0.,1.,0.));
#9373=DIRECTION('center_axis',(1.,0.,0.));
#9374=DIRECTION('ref_axis',(0.,0.,-1.));
#9375=DIRECTION('',(0.,0.,1.));
#9376=DIRECTION('',(0.,0.,-1.));
#9377=DIRECTION('center_axis',(0.,1.,0.));
#9378=DIRECTION('ref_axis',(0.,0.,1.));
#9379=DIRECTION('',(0.,1.,0.));
#9380=DIRECTION('',(0.,1.,0.));
#9381=DIRECTION('',(0.,1.,0.));
#9382=DIRECTION('',(0.,1.,0.));
#9383=DIRECTION('center_axis',(-1.,0.,0.));
#9384=DIRECTION('ref_axis',(0.,0.,1.));
#9385=DIRECTION('',(0.,0.,1.));
#9386=DIRECTION('',(0.,1.,0.));
#9387=DIRECTION('',(0.,-2.78854007847659E-17,-1.));
#9388=DIRECTION('center_axis',(0.,0.,-1.));
#9389=DIRECTION('ref_axis',(-1.,0.,0.));
#9390=DIRECTION('',(-1.,0.,0.));
#9391=DIRECTION('',(0.,1.,0.));
#9392=DIRECTION('',(1.,-2.15961005592901E-16,0.));
#9393=DIRECTION('center_axis',(1.,0.,0.));
#9394=DIRECTION('ref_axis',(0.,0.,-1.));
#9395=DIRECTION('',(0.,0.,-1.));
#9396=DIRECTION('',(0.,1.,0.));
#9397=DIRECTION('',(0.,2.78854007847659E-17,1.));
#9398=DIRECTION('',(0.,1.,0.));
#9399=DIRECTION('',(0.,1.,0.));
#9400=DIRECTION('',(0.,1.,0.));
#9401=DIRECTION('',(0.,1.,0.));
#9402=DIRECTION('center_axis',(-1.,0.,0.));
#9403=DIRECTION('ref_axis',(0.,0.,1.));
#9404=DIRECTION('',(0.,0.,-1.));
#9405=DIRECTION('',(0.,0.,1.));
#9406=DIRECTION('',(0.,1.,0.));
#9407=DIRECTION('center_axis',(0.,0.,1.));
#9408=DIRECTION('ref_axis',(1.,0.,0.));
#9409=DIRECTION('',(-1.,0.,0.));
#9410=DIRECTION('',(1.,0.,0.));
#9411=DIRECTION('',(0.,1.,0.));
#9412=DIRECTION('center_axis',(-1.,0.,0.));
#9413=DIRECTION('ref_axis',(0.,0.,1.));
#9414=DIRECTION('',(0.,0.,-1.));
#9415=DIRECTION('',(0.,0.,1.));
#9416=DIRECTION('',(0.,1.,0.));
#9417=DIRECTION('center_axis',(0.,0.,-1.));
#9418=DIRECTION('ref_axis',(-1.,0.,0.));
#9419=DIRECTION('',(1.,0.,0.));
#9420=DIRECTION('',(-1.,0.,0.));
#9421=DIRECTION('',(0.,1.,0.));
#9422=DIRECTION('center_axis',(1.,0.,0.));
#9423=DIRECTION('ref_axis',(0.,0.,-1.));
#9424=DIRECTION('',(0.,0.,1.));
#9425=DIRECTION('',(0.,0.,-1.));
#9426=DIRECTION('',(0.,1.,0.));
#9427=DIRECTION('',(0.,1.,0.));
#9428=DIRECTION('',(0.,1.,0.));
#9429=DIRECTION('center_axis',(-2.15961005592901E-16,-1.,2.78854007847659E-17));
#9430=DIRECTION('ref_axis',(0.,-2.78854007847659E-17,-1.));
#9431=DIRECTION('center_axis',(-0.48426025909908,0.,-0.874923997531953));
#9432=DIRECTION('ref_axis',(-0.874923997531953,0.,0.48426025909908));
#9433=DIRECTION('',(0.874923997531953,0.,-0.48426025909908));
#9434=DIRECTION('',(0.,1.,0.));
#9435=DIRECTION('',(-0.874923997531953,0.,0.48426025909908));
#9436=DIRECTION('',(0.,1.,0.));
#9437=DIRECTION('center_axis',(0.,0.,1.));
#9438=DIRECTION('ref_axis',(1.,0.,0.));
#9439=DIRECTION('',(-1.,0.,0.));
#9440=DIRECTION('',(1.,0.,0.));
#9441=DIRECTION('',(0.,1.,0.));
#9442=DIRECTION('center_axis',(-1.,0.,0.));
#9443=DIRECTION('ref_axis',(0.,0.,1.));
#9444=DIRECTION('',(0.,0.,-1.));
#9445=DIRECTION('',(0.,0.,1.));
#9446=DIRECTION('',(0.,1.,0.));
#9447=DIRECTION('center_axis',(0.,0.,-1.));
#9448=DIRECTION('ref_axis',(-1.,0.,0.));
#9449=DIRECTION('',(1.,0.,0.));
#9450=DIRECTION('',(-1.,0.,0.));
#9451=DIRECTION('',(0.,1.,0.));
#9452=DIRECTION('center_axis',(1.,0.,0.));
#9453=DIRECTION('ref_axis',(0.,0.,-1.));
#9454=DIRECTION('',(0.,0.,1.));
#9455=DIRECTION('',(0.,0.,-1.));
#9456=DIRECTION('',(0.,1.,0.));
#9457=DIRECTION('center_axis',(0.486796440809658,0.,0.873515440742205));
#9458=DIRECTION('ref_axis',(0.873515440742205,0.,-0.486796440809658));
#9459=DIRECTION('',(-0.873515440742205,0.,0.486796440809658));
#9460=DIRECTION('',(0.873515440742205,0.,-0.486796440809658));
#9461=DIRECTION('',(0.,1.,0.));
#9462=DIRECTION('center_axis',(0.,0.,-1.));
#9463=DIRECTION('ref_axis',(-1.,0.,0.));
#9464=DIRECTION('',(1.,0.,0.));
#9465=DIRECTION('',(-1.,0.,0.));
#9466=DIRECTION('',(0.,1.,0.));
#9467=DIRECTION('center_axis',(1.,0.,0.));
#9468=DIRECTION('ref_axis',(0.,0.,-1.));
#9469=DIRECTION('',(0.,0.,1.));
#9470=DIRECTION('',(0.,0.,-1.));
#9471=DIRECTION('',(0.,1.,0.));
#9472=DIRECTION('center_axis',(0.,0.,1.));
#9473=DIRECTION('ref_axis',(1.,0.,0.));
#9474=DIRECTION('',(-1.,0.,0.));
#9475=DIRECTION('',(1.,0.,0.));
#9476=DIRECTION('',(0.,1.,0.));
#9477=DIRECTION('center_axis',(-1.,0.,0.));
#9478=DIRECTION('ref_axis',(0.,0.,1.));
#9479=DIRECTION('',(0.,0.,-1.));
#9480=DIRECTION('',(0.,0.,1.));
#9481=DIRECTION('center_axis',(0.,1.,0.));
#9482=DIRECTION('ref_axis',(0.,0.,1.));
#9483=DIRECTION('',(0.,1.,0.));
#9484=DIRECTION('',(0.,1.,0.));
#9485=DIRECTION('',(0.,1.,0.));
#9486=DIRECTION('center_axis',(0.,0.,-1.));
#9487=DIRECTION('ref_axis',(-1.,0.,0.));
#9488=DIRECTION('',(1.,0.,0.));
#9489=DIRECTION('',(-1.,0.,0.));
#9490=DIRECTION('',(0.,1.,0.));
#9491=DIRECTION('center_axis',(1.,0.,0.));
#9492=DIRECTION('ref_axis',(0.,0.,-1.));
#9493=DIRECTION('',(0.,0.,1.));
#9494=DIRECTION('',(0.,0.,-1.));
#9495=DIRECTION('',(0.,1.,0.));
#9496=DIRECTION('',(0.,1.,0.));
#9497=DIRECTION('',(0.,1.,0.));
#9498=DIRECTION('',(0.,1.,0.));
#9499=DIRECTION('',(0.,1.,0.));
#9500=DIRECTION('',(0.,1.,0.));
#9501=DIRECTION('center_axis',(-1.,0.,0.));
#9502=DIRECTION('ref_axis',(0.,0.,1.));
#9503=DIRECTION('',(0.,0.,-1.));
#9504=DIRECTION('',(0.,0.,1.));
#9505=DIRECTION('',(0.,1.,0.));
#9506=DIRECTION('center_axis',(0.,0.,-1.));
#9507=DIRECTION('ref_axis',(-1.,0.,0.));
#9508=DIRECTION('',(1.,0.,0.));
#9509=DIRECTION('',(-1.,0.,0.));
#9510=DIRECTION('',(0.,1.,0.));
#9511=DIRECTION('center_axis',(1.,0.,0.));
#9512=DIRECTION('ref_axis',(0.,0.,-1.));
#9513=DIRECTION('',(0.,0.,1.));
#9514=DIRECTION('',(0.,0.,-1.));
#9515=DIRECTION('',(0.,1.,0.));
#9516=DIRECTION('',(0.,1.,0.));
#9517=DIRECTION('',(0.,1.,0.));
#9518=DIRECTION('',(0.,1.,0.));
#9519=DIRECTION('',(0.,1.,0.));
#9520=DIRECTION('',(0.,1.,0.));
#9521=DIRECTION('',(0.,1.,0.));
#9522=DIRECTION('center_axis',(-1.,0.,0.));
#9523=DIRECTION('ref_axis',(0.,0.,1.));
#9524=DIRECTION('',(0.,0.,-1.));
#9525=DIRECTION('',(0.,0.,1.));
#9526=DIRECTION('',(0.,1.,0.));
#9527=DIRECTION('center_axis',(0.,0.,-1.));
#9528=DIRECTION('ref_axis',(-1.,0.,0.));
#9529=DIRECTION('',(1.,0.,0.));
#9530=DIRECTION('',(-1.,0.,0.));
#9531=DIRECTION('',(0.,1.,0.));
#9532=DIRECTION('',(0.,1.,0.));
#9533=DIRECTION('',(0.,1.,0.));
#9534=DIRECTION('',(0.,1.,0.));
#9535=DIRECTION('',(0.,1.,0.));
#9536=DIRECTION('center_axis',(0.,0.,1.));
#9537=DIRECTION('ref_axis',(1.,0.,0.));
#9538=DIRECTION('',(-1.,0.,0.));
#9539=DIRECTION('',(1.,0.,0.));
#9540=DIRECTION('',(0.,1.,0.));
#9541=DIRECTION('',(0.,1.,0.));
#9542=DIRECTION('',(0.,1.,0.));
#9543=DIRECTION('center_axis',(0.,-1.,0.));
#9544=DIRECTION('ref_axis',(0.,0.,-1.));
#9545=DIRECTION('center_axis',(0.,0.,-1.));
#9546=DIRECTION('ref_axis',(-1.,0.,0.));
#9547=DIRECTION('',(1.,0.,0.));
#9548=DIRECTION('',(0.,1.,0.));
#9549=DIRECTION('',(-1.,0.,0.));
#9550=DIRECTION('',(0.,1.,0.));
#9551=DIRECTION('center_axis',(-0.390549846856168,0.,0.920581781875257));
#9552=DIRECTION('ref_axis',(0.920581781875257,0.,0.390549846856168));
#9553=DIRECTION('',(-0.920581781875257,0.,-0.390549846856168));
#9554=DIRECTION('',(0.920581781875257,0.,0.390549846856168));
#9555=DIRECTION('',(0.,1.,0.));
#9556=DIRECTION('center_axis',(-1.,0.,0.));
#9557=DIRECTION('ref_axis',(0.,0.,1.));
#9558=DIRECTION('',(0.,0.,-1.));
#9559=DIRECTION('',(0.,0.,1.));
#9560=DIRECTION('',(0.,1.,0.));
#9561=DIRECTION('center_axis',(-0.390549846856168,0.,-0.920581781875257));
#9562=DIRECTION('ref_axis',(-0.920581781875257,0.,0.390549846856168));
#9563=DIRECTION('',(0.920581781875257,0.,-0.390549846856168));
#9564=DIRECTION('',(-0.920581781875257,0.,0.390549846856168));
#9565=DIRECTION('',(0.,1.,0.));
#9566=DIRECTION('center_axis',(0.,0.,1.));
#9567=DIRECTION('ref_axis',(1.,0.,0.));
#9568=DIRECTION('',(-1.,0.,0.));
#9569=DIRECTION('',(1.,0.,0.));
#9570=DIRECTION('',(0.,1.,0.));
#9571=DIRECTION('center_axis',(-1.,0.,0.));
#9572=DIRECTION('ref_axis',(0.,0.,1.));
#9573=DIRECTION('',(0.,0.,-1.));
#9574=DIRECTION('',(0.,0.,1.));
#9575=DIRECTION('',(0.,1.,0.));
#9576=DIRECTION('center_axis',(0.,0.,-1.));
#9577=DIRECTION('ref_axis',(-1.,0.,0.));
#9578=DIRECTION('',(1.,0.,0.));
#9579=DIRECTION('',(-1.,0.,0.));
#9580=DIRECTION('',(0.,1.,0.));
#9581=DIRECTION('center_axis',(1.,0.,0.));
#9582=DIRECTION('ref_axis',(0.,0.,-1.));
#9583=DIRECTION('',(0.,0.,1.));
#9584=DIRECTION('',(0.,0.,-1.));
#9585=DIRECTION('',(0.,1.,0.));
#9586=DIRECTION('center_axis',(0.410302412170221,0.,0.911949521940386));
#9587=DIRECTION('ref_axis',(0.911949521940386,0.,-0.410302412170221));
#9588=DIRECTION('',(-0.911949521940386,0.,0.410302412170221));
#9589=DIRECTION('',(0.911949521940386,0.,-0.410302412170221));
#9590=DIRECTION('',(0.,1.,0.));
#9591=DIRECTION('center_axis',(0.40780710188659,0.,-0.913068106797549));
#9592=DIRECTION('ref_axis',(-0.913068106797549,0.,-0.40780710188659));
#9593=DIRECTION('',(0.913068106797549,0.,0.40780710188659));
#9594=DIRECTION('',(-0.913068106797549,0.,-0.40780710188659));
#9595=DIRECTION('',(0.,1.,0.));
#9596=DIRECTION('center_axis',(1.,0.,1.18079315892204E-14));
#9597=DIRECTION('ref_axis',(1.18079315892204E-14,0.,-1.));
#9598=DIRECTION('',(-1.18079315892204E-14,0.,1.));
#9599=DIRECTION('',(1.18079315892204E-14,0.,-1.));
#9600=DIRECTION('',(0.,1.,0.));
#9601=DIRECTION('center_axis',(0.,0.,1.));
#9602=DIRECTION('ref_axis',(1.,0.,0.));
#9603=DIRECTION('',(-1.,0.,0.));
#9604=DIRECTION('',(1.,0.,0.));
#9605=DIRECTION('',(0.,1.,0.));
#9606=DIRECTION('center_axis',(-1.,0.,0.));
#9607=DIRECTION('ref_axis',(0.,0.,1.));
#9608=DIRECTION('',(0.,0.,-1.));
#9609=DIRECTION('',(0.,0.,1.));
#9610=DIRECTION('center_axis',(0.,1.,0.));
#9611=DIRECTION('ref_axis',(0.,0.,1.));
#9612=DIRECTION('center_axis',(0.,0.,-1.));
#9613=DIRECTION('ref_axis',(-1.,0.,0.));
#9614=DIRECTION('',(1.,0.,0.));
#9615=DIRECTION('',(0.,1.,0.));
#9616=DIRECTION('',(-1.,0.,0.));
#9617=DIRECTION('',(0.,1.,0.));
#9618=DIRECTION('center_axis',(1.,0.,0.));
#9619=DIRECTION('ref_axis',(0.,0.,-1.));
#9620=DIRECTION('',(0.,0.,1.));
#9621=DIRECTION('',(0.,0.,-1.));
#9622=DIRECTION('',(0.,1.,0.));
#9623=DIRECTION('center_axis',(0.,0.,1.));
#9624=DIRECTION('ref_axis',(1.,0.,0.));
#9625=DIRECTION('',(-1.,0.,0.));
#9626=DIRECTION('',(1.,0.,0.));
#9627=DIRECTION('',(0.,1.,0.));
#9628=DIRECTION('center_axis',(-1.,0.,0.));
#9629=DIRECTION('ref_axis',(0.,0.,1.));
#9630=DIRECTION('',(0.,0.,-1.));
#9631=DIRECTION('',(0.,0.,1.));
#9632=DIRECTION('center_axis',(0.,1.,0.));
#9633=DIRECTION('ref_axis',(0.,0.,1.));
#9634=DIRECTION('center_axis',(0.,1.,0.));
#9635=DIRECTION('ref_axis',(0.,0.,1.));
#9636=DIRECTION('',(0.,0.,-1.));
#9637=DIRECTION('',(-1.,0.,0.));
#9638=DIRECTION('',(3.54284149049205E-32,0.,1.));
#9639=DIRECTION('',(1.,0.,-2.24855296126614E-16));
#9640=DIRECTION('',(0.,0.,-1.));
#9641=DIRECTION('',(-1.,0.,0.));
#9642=DIRECTION('',(0.,0.,1.));
#9643=DIRECTION('',(-1.,0.,1.58603289232165E-16));
#9644=DIRECTION('center_axis',(0.,-1.,0.));
#9645=DIRECTION('ref_axis',(1.,0.,0.));
#9646=DIRECTION('',(-3.33066907387547E-16,0.,-1.));
#9647=DIRECTION('',(1.,0.,0.));
#9648=DIRECTION('',(1.11022302462516E-16,0.,1.));
#9649=DIRECTION('',(-1.,0.,0.));
#9650=DIRECTION('',(-5.43228391253899E-16,0.,-1.));
#9651=DIRECTION('',(1.,0.,-2.22044604925031E-16));
#9652=DIRECTION('',(3.39517744533687E-17,0.,1.));
#9653=DIRECTION('',(-1.,0.,0.));
#9654=DIRECTION('',(0.,0.,-1.));
#9655=DIRECTION('',(1.,0.,-5.55111512312578E-16));
#9656=DIRECTION('',(0.,0.,1.));
#9657=DIRECTION('',(-1.,0.,1.58603289232165E-16));
#9658=DIRECTION('',(0.,0.,-1.));
#9659=DIRECTION('',(1.,0.,0.));
#9660=DIRECTION('',(0.,0.,1.));
#9661=DIRECTION('',(-1.,0.,0.));
#9662=DIRECTION('center_axis',(0.,-1.,0.));
#9663=DIRECTION('ref_axis',(-1.,0.,0.));
#9664=DIRECTION('',(4.4408920985006E-15,0.,-1.));
#9665=DIRECTION('center_axis',(0.,-1.,0.));
#9666=DIRECTION('ref_axis',(0.,0.,-1.));
#9667=DIRECTION('',(1.,0.,-2.96059473233375E-16));
#9668=DIRECTION('center_axis',(0.,-1.,0.));
#9669=DIRECTION('ref_axis',(1.,0.,0.));
#9670=DIRECTION('',(0.,0.,1.));
#9671=DIRECTION('center_axis',(0.,-1.,0.));
#9672=DIRECTION('ref_axis',(0.,0.,1.));
#9673=DIRECTION('',(-1.,0.,-5.9211894646675E-16));
#9674=DIRECTION('center_axis',(0.,-1.,0.));
#9675=DIRECTION('ref_axis',(1.,0.,0.));
#9676=DIRECTION('center_axis',(0.,-1.,0.));
#9677=DIRECTION('ref_axis',(1.,0.,0.));
#9678=DIRECTION('center_axis',(0.,-1.,0.));
#9679=DIRECTION('ref_axis',(1.,0.,0.));
#9680=DIRECTION('center_axis',(0.,-1.,0.));
#9681=DIRECTION('ref_axis',(1.,0.,0.));
#9682=DIRECTION('center_axis',(0.,1.,0.));
#9683=DIRECTION('ref_axis',(0.,0.,1.));
#9684=DIRECTION('center_axis',(0.,1.,0.));
#9685=DIRECTION('ref_axis',(0.,0.,1.));
#9686=DIRECTION('center_axis',(0.,-1.,0.));
#9687=DIRECTION('ref_axis',(1.,0.,0.));
#9688=DIRECTION('center_axis',(0.,-1.,0.));
#9689=DIRECTION('ref_axis',(1.,0.,0.));
#9690=DIRECTION('center_axis',(0.,-1.,0.));
#9691=DIRECTION('ref_axis',(1.,0.,0.));
#9692=DIRECTION('center_axis',(0.,-1.,0.));
#9693=DIRECTION('ref_axis',(1.,0.,0.));
#9694=DIRECTION('center_axis',(0.,-1.,0.));
#9695=DIRECTION('ref_axis',(1.,0.,0.));
#9696=DIRECTION('center_axis',(0.,-1.,0.));
#9697=DIRECTION('ref_axis',(1.,0.,0.));
#9698=DIRECTION('center_axis',(0.,-1.,0.));
#9699=DIRECTION('ref_axis',(1.,0.,0.));
#9700=DIRECTION('center_axis',(0.,-1.,0.));
#9701=DIRECTION('ref_axis',(1.,0.,0.));
#9702=DIRECTION('center_axis',(0.,-1.,0.));
#9703=DIRECTION('ref_axis',(1.,0.,0.));
#9704=DIRECTION('center_axis',(0.,-1.,0.));
#9705=DIRECTION('ref_axis',(1.,0.,0.));
#9706=DIRECTION('center_axis',(0.,-1.,0.));
#9707=DIRECTION('ref_axis',(1.,0.,0.));
#9708=DIRECTION('center_axis',(0.,-1.,0.));
#9709=DIRECTION('ref_axis',(1.,0.,0.));
#9710=DIRECTION('center_axis',(0.,1.,0.));
#9711=DIRECTION('ref_axis',(0.,0.,1.));
#9712=DIRECTION('center_axis',(0.,1.,0.));
#9713=DIRECTION('ref_axis',(0.,0.,1.));
#9714=DIRECTION('center_axis',(0.,0.,1.));
#9715=DIRECTION('ref_axis',(1.,0.,0.));
#9716=DIRECTION('',(-1.,0.,0.));
#9717=DIRECTION('',(0.,1.,0.));
#9718=DIRECTION('',(1.,0.,0.));
#9719=DIRECTION('',(0.,1.,0.));
#9720=DIRECTION('center_axis',(-1.,0.,0.));
#9721=DIRECTION('ref_axis',(0.,0.,1.));
#9722=DIRECTION('',(0.,0.,-1.));
#9723=DIRECTION('',(0.,0.,1.));
#9724=DIRECTION('',(0.,1.,0.));
#9725=DIRECTION('center_axis',(0.,0.,-1.));
#9726=DIRECTION('ref_axis',(-1.,0.,0.));
#9727=DIRECTION('',(1.,0.,0.));
#9728=DIRECTION('',(-1.,0.,0.));
#9729=DIRECTION('',(0.,1.,0.));
#9730=DIRECTION('center_axis',(-1.,0.,0.));
#9731=DIRECTION('ref_axis',(0.,0.,1.));
#9732=DIRECTION('',(0.,0.,-1.));
#9733=DIRECTION('',(0.,0.,1.));
#9734=DIRECTION('',(0.,1.,0.));
#9735=DIRECTION('center_axis',(0.,0.,1.));
#9736=DIRECTION('ref_axis',(1.,0.,0.));
#9737=DIRECTION('',(-1.,0.,0.));
#9738=DIRECTION('',(1.,0.,0.));
#9739=DIRECTION('',(0.,1.,0.));
#9740=DIRECTION('center_axis',(-1.,0.,0.));
#9741=DIRECTION('ref_axis',(0.,0.,1.));
#9742=DIRECTION('',(0.,0.,-1.));
#9743=DIRECTION('',(0.,0.,1.));
#9744=DIRECTION('',(0.,1.,0.));
#9745=DIRECTION('center_axis',(0.,0.,-1.));
#9746=DIRECTION('ref_axis',(-1.,0.,0.));
#9747=DIRECTION('',(1.,0.,0.));
#9748=DIRECTION('',(-1.,0.,0.));
#9749=DIRECTION('',(0.,1.,0.));
#9750=DIRECTION('center_axis',(-1.,0.,0.));
#9751=DIRECTION('ref_axis',(0.,0.,1.));
#9752=DIRECTION('',(0.,0.,-1.));
#9753=DIRECTION('',(0.,0.,1.));
#9754=DIRECTION('',(0.,1.,0.));
#9755=DIRECTION('center_axis',(0.,0.,-1.));
#9756=DIRECTION('ref_axis',(-1.,0.,0.));
#9757=DIRECTION('',(1.,0.,0.));
#9758=DIRECTION('',(-1.,0.,0.));
#9759=DIRECTION('',(0.,1.,0.));
#9760=DIRECTION('center_axis',(1.,0.,0.));
#9761=DIRECTION('ref_axis',(0.,0.,-1.));
#9762=DIRECTION('',(0.,0.,1.));
#9763=DIRECTION('',(0.,0.,-1.));
#9764=DIRECTION('center_axis',(0.,1.,0.));
#9765=DIRECTION('ref_axis',(0.,0.,1.));
#9766=DIRECTION('center_axis',(0.,1.,0.));
#9767=DIRECTION('ref_axis',(-1.,0.,0.));
#9768=DIRECTION('center_axis',(0.,-1.,0.));
#9769=DIRECTION('ref_axis',(-1.,0.,0.));
#9770=DIRECTION('',(0.,-1.,0.));
#9771=DIRECTION('center_axis',(0.,1.,0.));
#9772=DIRECTION('ref_axis',(-1.,0.,0.));
#9773=DIRECTION('center_axis',(0.,1.,0.));
#9774=DIRECTION('ref_axis',(1.,0.,0.));
#9775=DIRECTION('center_axis',(0.,1.,0.));
#9776=DIRECTION('ref_axis',(1.,0.,0.));
#9777=DIRECTION('',(0.,-1.,0.));
#9778=DIRECTION('center_axis',(0.,1.,0.));
#9779=DIRECTION('ref_axis',(0.,0.,1.));
#9780=DIRECTION('center_axis',(0.,0.,1.));
#9781=DIRECTION('ref_axis',(1.,0.,0.));
#9782=DIRECTION('',(-1.,0.,0.));
#9783=DIRECTION('',(0.,1.,0.));
#9784=DIRECTION('',(1.,0.,0.));
#9785=DIRECTION('',(0.,1.,0.));
#9786=DIRECTION('center_axis',(-0.85275441484345,0.,0.522312079091614));
#9787=DIRECTION('ref_axis',(0.522312079091614,0.,0.85275441484345));
#9788=DIRECTION('',(-0.522312079091614,0.,-0.85275441484345));
#9789=DIRECTION('',(0.522312079091614,0.,0.85275441484345));
#9790=DIRECTION('',(0.,1.,0.));
#9791=DIRECTION('center_axis',(1.,0.,0.));
#9792=DIRECTION('ref_axis',(0.,0.,-1.));
#9793=DIRECTION('',(0.,0.,1.));
#9794=DIRECTION('',(0.,0.,-1.));
#9795=DIRECTION('',(0.,1.,0.));
#9796=DIRECTION('center_axis',(0.,0.,1.));
#9797=DIRECTION('ref_axis',(1.,0.,0.));
#9798=DIRECTION('',(-1.,0.,0.));
#9799=DIRECTION('',(1.,0.,0.));
#9800=DIRECTION('',(0.,1.,0.));
#9801=DIRECTION('center_axis',(-1.,0.,0.));
#9802=DIRECTION('ref_axis',(0.,0.,1.));
#9803=DIRECTION('',(0.,0.,-1.));
#9804=DIRECTION('',(0.,0.,1.));
#9805=DIRECTION('',(0.,1.,0.));
#9806=DIRECTION('center_axis',(0.,0.,-1.));
#9807=DIRECTION('ref_axis',(-1.,0.,0.));
#9808=DIRECTION('',(1.,0.,0.));
#9809=DIRECTION('',(-1.,0.,0.));
#9810=DIRECTION('',(0.,1.,0.));
#9811=DIRECTION('center_axis',(0.851148786060075,0.,-0.524924512657259));
#9812=DIRECTION('ref_axis',(-0.524924512657259,0.,-0.851148786060075));
#9813=DIRECTION('',(0.524924512657259,0.,0.851148786060075));
#9814=DIRECTION('',(-0.524924512657259,0.,-0.851148786060075));
#9815=DIRECTION('',(0.,1.,0.));
#9816=DIRECTION('center_axis',(-1.,0.,0.));
#9817=DIRECTION('ref_axis',(0.,0.,1.));
#9818=DIRECTION('',(0.,0.,-1.));
#9819=DIRECTION('',(0.,0.,1.));
#9820=DIRECTION('',(0.,1.,0.));
#9821=DIRECTION('center_axis',(0.,0.,-1.));
#9822=DIRECTION('ref_axis',(-1.,0.,0.));
#9823=DIRECTION('',(1.,0.,0.));
#9824=DIRECTION('',(-1.,0.,0.));
#9825=DIRECTION('',(0.,1.,0.));
#9826=DIRECTION('center_axis',(1.,0.,0.));
#9827=DIRECTION('ref_axis',(0.,0.,-1.));
#9828=DIRECTION('',(0.,0.,1.));
#9829=DIRECTION('',(0.,0.,-1.));
#9830=DIRECTION('center_axis',(0.,1.,0.));
#9831=DIRECTION('ref_axis',(0.,0.,1.));
#9832=DIRECTION('',(0.,1.,0.));
#9833=DIRECTION('',(0.,1.,0.));
#9834=DIRECTION('',(0.,1.,0.));
#9835=DIRECTION('',(0.,1.,0.));
#9836=DIRECTION('',(0.,1.,0.));
#9837=DIRECTION('',(0.,1.,0.));
#9838=DIRECTION('center_axis',(-0.233793998960291,0.,-0.972286154406282));
#9839=DIRECTION('ref_axis',(-0.972286154406282,0.,0.233793998960291));
#9840=DIRECTION('',(0.972286154406282,0.,-0.233793998960291));
#9841=DIRECTION('',(-0.972286154406282,0.,0.233793998960291));
#9842=DIRECTION('',(0.,1.,0.));
#9843=DIRECTION('',(0.,1.,0.));
#9844=DIRECTION('',(0.,1.,0.));
#9845=DIRECTION('',(0.,1.,0.));
#9846=DIRECTION('',(0.,1.,0.));
#9847=DIRECTION('center_axis',(-0.300598494042428,0.,0.953750777393877));
#9848=DIRECTION('ref_axis',(0.953750777393877,0.,0.300598494042427));
#9849=DIRECTION('',(-0.953750777393877,0.,-0.300598494042427));
#9850=DIRECTION('',(0.953750777393877,0.,0.300598494042427));
#9851=DIRECTION('center_axis',(0.,-1.,0.));
#9852=DIRECTION('ref_axis',(0.,0.,-1.));
#9853=DIRECTION('center_axis',(0.,1.,0.));
#9854=DIRECTION('ref_axis',(0.,0.,1.));
#9855=DIRECTION('center_axis',(-1.,0.,0.));
#9856=DIRECTION('ref_axis',(0.,1.,0.));
#9857=DIRECTION('center_axis',(0.,1.,0.));
#9858=DIRECTION('ref_axis',(-0.707106781186547,0.,-0.707106781186547));
#9859=DIRECTION('center_axis',(0.,0.,-1.));
#9860=DIRECTION('ref_axis',(-1.,0.,0.));
#9861=DIRECTION('center_axis',(0.,-1.,0.));
#9862=DIRECTION('ref_axis',(-0.707106781186548,0.,-0.707106781186548));
#9863=DIRECTION('center_axis',(-4.4408920985006E-15,0.,1.));
#9864=DIRECTION('ref_axis',(-0.707106781186548,0.707106781186548,-3.14018491736755E-15));
#9865=DIRECTION('center_axis',(4.44089209850062E-15,0.,-1.));
#9866=DIRECTION('ref_axis',(-1.,0.,-4.44089209850062E-15));
#9867=DIRECTION('',(4.4408920985006E-15,0.,-1.));
#9868=DIRECTION('',(-4.4408920985006E-15,0.,1.));
#9869=DIRECTION('center_axis',(-1.,0.,0.));
#9870=DIRECTION('ref_axis',(0.,0.,1.));
#9871=DIRECTION('center_axis',(0.,-1.,0.));
#9872=DIRECTION('ref_axis',(-0.707106781186547,0.,0.707106781186547));
#9873=DIRECTION('center_axis',(0.,1.,0.));
#9874=DIRECTION('ref_axis',(-0.707106781186548,0.,0.707106781186548));
#9875=DIRECTION('center_axis',(1.,0.,5.9211894646675E-16));
#9876=DIRECTION('ref_axis',(0.,0.707106781186548,0.707106781186548));
#9877=DIRECTION('center_axis',(-1.,0.,0.));
#9878=DIRECTION('ref_axis',(0.,0.,1.));
#9879=DIRECTION('',(-1.,0.,-5.9211894646675E-16));
#9880=DIRECTION('',(1.,0.,5.9211894646675E-16));
#9881=DIRECTION('center_axis',(0.,0.,1.));
#9882=DIRECTION('ref_axis',(1.,0.,0.));
#9883=DIRECTION('center_axis',(0.,-1.,0.));
#9884=DIRECTION('ref_axis',(0.707106781186547,0.,0.707106781186548));
#9885=DIRECTION('center_axis',(0.,1.,0.));
#9886=DIRECTION('ref_axis',(0.707106781186547,0.,0.707106781186548));
#9887=DIRECTION('center_axis',(0.,0.,-1.));
#9888=DIRECTION('ref_axis',(0.707106781186549,0.707106781186546,0.));
#9889=DIRECTION('center_axis',(0.,0.,1.));
#9890=DIRECTION('ref_axis',(1.,0.,0.));
#9891=DIRECTION('',(0.,0.,1.));
#9892=DIRECTION('',(0.,0.,-1.));
#9893=DIRECTION('center_axis',(1.,0.,4.44089209850062E-15));
#9894=DIRECTION('ref_axis',(4.44089209850062E-15,0.,-1.));
#9895=DIRECTION('center_axis',(0.,-1.,0.));
#9896=DIRECTION('ref_axis',(0.707106781186549,0.,-0.707106781186546));
#9897=DIRECTION('center_axis',(0.,1.,0.));
#9898=DIRECTION('ref_axis',(0.707106781186549,0.,-0.707106781186546));
#9899=DIRECTION('center_axis',(-1.,0.,2.96059473233375E-16));
#9900=DIRECTION('ref_axis',(0.,0.707106781186548,-0.707106781186548));
#9901=DIRECTION('',(1.,0.,-2.96059473233375E-16));
#9902=DIRECTION('',(-1.,0.,2.96059473233375E-16));
#9903=DIRECTION('center_axis',(-5.9211894646675E-16,0.,1.));
#9904=DIRECTION('ref_axis',(1.,0.,5.9211894646675E-16));
#9905=DIRECTION('',(0.,1.,0.));
#9906=DIRECTION('',(0.,1.,0.));
#9907=DIRECTION('center_axis',(0.,1.,0.));
#9908=DIRECTION('ref_axis',(-1.,0.,0.));
#9909=DIRECTION('',(0.,1.,0.));
#9910=DIRECTION('center_axis',(-1.,0.,-4.4408920985006E-15));
#9911=DIRECTION('ref_axis',(-4.4408920985006E-15,0.,1.));
#9912=DIRECTION('',(0.,1.,0.));
#9913=DIRECTION('center_axis',(0.,1.,0.));
#9914=DIRECTION('ref_axis',(0.,0.,-1.));
#9915=DIRECTION('',(0.,1.,0.));
#9916=DIRECTION('center_axis',(0.,1.,0.));
#9917=DIRECTION('ref_axis',(0.,0.,1.));
#9918=DIRECTION('center_axis',(-1.,0.,-1.04083408558608E-15));
#9919=DIRECTION('ref_axis',(-1.04083408558608E-15,0.,1.));
#9920=DIRECTION('',(1.04083408558608E-15,0.,-1.));
#9921=DIRECTION('',(0.,1.,0.));
#9922=DIRECTION('',(-1.04083408558608E-15,0.,1.));
#9923=DIRECTION('',(0.,1.,0.));
#9924=DIRECTION('center_axis',(0.,0.,1.));
#9925=DIRECTION('ref_axis',(1.,0.,0.));
#9926=DIRECTION('',(-1.,0.,0.));
#9927=DIRECTION('',(0.,1.,0.));
#9928=DIRECTION('',(1.,0.,0.));
#9929=DIRECTION('center_axis',(0.,0.,-1.));
#9930=DIRECTION('ref_axis',(-1.,0.,0.));
#9931=DIRECTION('',(1.,0.,0.));
#9932=DIRECTION('',(-1.,0.,0.));
#9933=DIRECTION('',(0.,1.,0.));
#9934=DIRECTION('center_axis',(1.,0.,-1.38777878078144E-15));
#9935=DIRECTION('ref_axis',(-1.38777878078144E-15,0.,-1.));
#9936=DIRECTION('',(1.38777878078144E-15,0.,1.));
#9937=DIRECTION('',(-1.38777878078144E-15,0.,-1.));
#9938=DIRECTION('center_axis',(0.,1.,0.));
#9939=DIRECTION('ref_axis',(0.,0.,1.));
#9940=DIRECTION('center_axis',(-1.,0.,-1.04083408558608E-15));
#9941=DIRECTION('ref_axis',(-1.04083408558608E-15,0.,1.));
#9942=DIRECTION('',(1.04083408558608E-15,0.,-1.));
#9943=DIRECTION('',(0.,1.,0.));
#9944=DIRECTION('',(-1.04083408558608E-15,0.,1.));
#9945=DIRECTION('',(0.,1.,0.));
#9946=DIRECTION('center_axis',(0.,0.,1.));
#9947=DIRECTION('ref_axis',(1.,0.,0.));
#9948=DIRECTION('',(-1.,0.,0.));
#9949=DIRECTION('',(0.,1.,0.));
#9950=DIRECTION('',(1.,0.,0.));
#9951=DIRECTION('center_axis',(0.,0.,-1.));
#9952=DIRECTION('ref_axis',(-1.,0.,0.));
#9953=DIRECTION('',(1.,0.,0.));
#9954=DIRECTION('',(-1.,0.,0.));
#9955=DIRECTION('',(0.,1.,0.));
#9956=DIRECTION('center_axis',(1.,0.,-1.38777878078144E-15));
#9957=DIRECTION('ref_axis',(-1.38777878078144E-15,0.,-1.));
#9958=DIRECTION('',(1.38777878078144E-15,0.,1.));
#9959=DIRECTION('',(-1.38777878078144E-15,0.,-1.));
#9960=DIRECTION('center_axis',(0.,1.,0.));
#9961=DIRECTION('ref_axis',(0.,0.,1.));
#9962=DIRECTION('center_axis',(-1.,0.,-1.04083408558608E-15));
#9963=DIRECTION('ref_axis',(-1.04083408558608E-15,0.,1.));
#9964=DIRECTION('',(1.04083408558608E-15,0.,-1.));
#9965=DIRECTION('',(0.,1.,0.));
#9966=DIRECTION('',(-1.04083408558608E-15,0.,1.));
#9967=DIRECTION('',(0.,1.,0.));
#9968=DIRECTION('center_axis',(0.,0.,1.));
#9969=DIRECTION('ref_axis',(1.,0.,0.));
#9970=DIRECTION('',(-1.,0.,0.));
#9971=DIRECTION('',(0.,1.,0.));
#9972=DIRECTION('',(1.,0.,0.));
#9973=DIRECTION('center_axis',(0.,0.,-1.));
#9974=DIRECTION('ref_axis',(-1.,0.,0.));
#9975=DIRECTION('',(1.,0.,0.));
#9976=DIRECTION('',(-1.,0.,0.));
#9977=DIRECTION('',(0.,1.,0.));
#9978=DIRECTION('center_axis',(1.,0.,-1.38777878078144E-15));
#9979=DIRECTION('ref_axis',(-1.38777878078144E-15,0.,-1.));
#9980=DIRECTION('',(1.38777878078144E-15,0.,1.));
#9981=DIRECTION('',(-1.38777878078144E-15,0.,-1.));
#9982=DIRECTION('center_axis',(0.,1.,0.));
#9983=DIRECTION('ref_axis',(0.,0.,1.));
#9984=DIRECTION('center_axis',(-1.,0.,-1.04083408558608E-15));
#9985=DIRECTION('ref_axis',(-1.04083408558608E-15,0.,1.));
#9986=DIRECTION('',(1.04083408558608E-15,0.,-1.));
#9987=DIRECTION('',(0.,1.,0.));
#9988=DIRECTION('',(-1.04083408558608E-15,0.,1.));
#9989=DIRECTION('',(0.,1.,0.));
#9990=DIRECTION('center_axis',(0.,0.,1.));
#9991=DIRECTION('ref_axis',(1.,0.,0.));
#9992=DIRECTION('',(-1.,0.,0.));
#9993=DIRECTION('',(0.,1.,0.));
#9994=DIRECTION('',(1.,0.,0.));
#9995=DIRECTION('center_axis',(0.,0.,-1.));
#9996=DIRECTION('ref_axis',(-1.,0.,0.));
#9997=DIRECTION('',(1.,0.,0.));
#9998=DIRECTION('',(-1.,0.,0.));
#9999=DIRECTION('',(0.,1.,0.));
#10000=DIRECTION('center_axis',(1.,0.,-1.38777878078144E-15));
#10001=DIRECTION('ref_axis',(-1.38777878078144E-15,0.,-1.));
#10002=DIRECTION('',(1.38777878078144E-15,0.,1.));
#10003=DIRECTION('',(-1.38777878078144E-15,0.,-1.));
#10004=DIRECTION('center_axis',(0.,1.,0.));
#10005=DIRECTION('ref_axis',(0.,0.,1.));
#10006=DIRECTION('center_axis',(-1.,0.,-1.04083408558608E-15));
#10007=DIRECTION('ref_axis',(-1.04083408558608E-15,0.,1.));
#10008=DIRECTION('',(1.04083408558608E-15,0.,-1.));
#10009=DIRECTION('',(0.,1.,0.));
#10010=DIRECTION('',(-1.04083408558608E-15,0.,1.));
#10011=DIRECTION('',(0.,1.,0.));
#10012=DIRECTION('center_axis',(0.,0.,1.));
#10013=DIRECTION('ref_axis',(1.,0.,0.));
#10014=DIRECTION('',(-1.,0.,0.));
#10015=DIRECTION('',(0.,1.,0.));
#10016=DIRECTION('',(1.,0.,0.));
#10017=DIRECTION('center_axis',(0.,0.,-1.));
#10018=DIRECTION('ref_axis',(-1.,0.,0.));
#10019=DIRECTION('',(1.,0.,0.));
#10020=DIRECTION('',(-1.,0.,0.));
#10021=DIRECTION('',(0.,1.,0.));
#10022=DIRECTION('center_axis',(1.,0.,-1.38777878078144E-15));
#10023=DIRECTION('ref_axis',(-1.38777878078144E-15,0.,-1.));
#10024=DIRECTION('',(1.38777878078144E-15,0.,1.));
#10025=DIRECTION('',(-1.38777878078144E-15,0.,-1.));
#10026=DIRECTION('center_axis',(0.,1.,0.));
#10027=DIRECTION('ref_axis',(0.,0.,1.));
#10028=DIRECTION('center_axis',(-1.,0.,-1.04083408558608E-15));
#10029=DIRECTION('ref_axis',(-1.04083408558608E-15,0.,1.));
#10030=DIRECTION('',(1.04083408558608E-15,0.,-1.));
#10031=DIRECTION('',(0.,1.,0.));
#10032=DIRECTION('',(-1.04083408558608E-15,0.,1.));
#10033=DIRECTION('',(0.,1.,0.));
#10034=DIRECTION('center_axis',(0.,0.,1.));
#10035=DIRECTION('ref_axis',(1.,0.,0.));
#10036=DIRECTION('',(-1.,0.,0.));
#10037=DIRECTION('',(0.,1.,0.));
#10038=DIRECTION('',(1.,0.,0.));
#10039=DIRECTION('center_axis',(0.,0.,-1.));
#10040=DIRECTION('ref_axis',(-1.,0.,0.));
#10041=DIRECTION('',(1.,0.,0.));
#10042=DIRECTION('',(-1.,0.,0.));
#10043=DIRECTION('',(0.,1.,0.));
#10044=DIRECTION('center_axis',(1.,0.,-1.38777878078144E-15));
#10045=DIRECTION('ref_axis',(-1.38777878078144E-15,0.,-1.));
#10046=DIRECTION('',(1.38777878078144E-15,0.,1.));
#10047=DIRECTION('',(-1.38777878078144E-15,0.,-1.));
#10048=DIRECTION('center_axis',(0.,1.,0.));
#10049=DIRECTION('ref_axis',(0.,0.,1.));
#10050=DIRECTION('center_axis',(-1.,0.,0.));
#10051=DIRECTION('ref_axis',(0.,0.,1.));
#10052=DIRECTION('',(0.,0.,-1.));
#10053=DIRECTION('',(0.,1.,0.));
#10054=DIRECTION('',(0.,0.,1.));
#10055=DIRECTION('',(0.,1.,0.));
#10056=DIRECTION('center_axis',(0.,0.,1.));
#10057=DIRECTION('ref_axis',(1.,0.,0.));
#10058=DIRECTION('',(-1.,0.,0.));
#10059=DIRECTION('',(0.,1.,0.));
#10060=DIRECTION('',(1.,0.,0.));
#10061=DIRECTION('center_axis',(0.,0.,-1.));
#10062=DIRECTION('ref_axis',(-1.,0.,0.));
#10063=DIRECTION('',(1.,0.,0.));
#10064=DIRECTION('',(-1.,0.,0.));
#10065=DIRECTION('',(0.,1.,0.));
#10066=DIRECTION('center_axis',(1.,0.,-2.7755575615629E-15));
#10067=DIRECTION('ref_axis',(-2.7755575615629E-15,0.,-1.));
#10068=DIRECTION('',(2.7755575615629E-15,0.,1.));
#10069=DIRECTION('',(-2.7755575615629E-15,0.,-1.));
#10070=DIRECTION('center_axis',(0.,1.,0.));
#10071=DIRECTION('ref_axis',(0.,0.,1.));
#10072=DIRECTION('center_axis',(1.,0.,-2.77555756156289E-15));
#10073=DIRECTION('ref_axis',(-2.77555756156289E-15,0.,-1.));
#10074=DIRECTION('',(2.77555756156289E-15,0.,1.));
#10075=DIRECTION('',(0.,1.,0.));
#10076=DIRECTION('',(-2.77555756156289E-15,0.,-1.));
#10077=DIRECTION('',(0.,1.,0.));
#10078=DIRECTION('center_axis',(0.,0.,-1.));
#10079=DIRECTION('ref_axis',(-1.,0.,0.));
#10080=DIRECTION('',(1.,0.,0.));
#10081=DIRECTION('',(0.,1.,0.));
#10082=DIRECTION('',(-1.,0.,0.));
#10083=DIRECTION('center_axis',(0.,0.,1.));
#10084=DIRECTION('ref_axis',(1.,0.,0.));
#10085=DIRECTION('',(-1.,0.,0.));
#10086=DIRECTION('',(1.,0.,0.));
#10087=DIRECTION('',(0.,1.,0.));
#10088=DIRECTION('center_axis',(-1.,0.,0.));
#10089=DIRECTION('ref_axis',(0.,0.,1.));
#10090=DIRECTION('',(0.,0.,-1.));
#10091=DIRECTION('',(0.,0.,1.));
#10092=DIRECTION('center_axis',(0.,1.,0.));
#10093=DIRECTION('ref_axis',(0.,0.,1.));
#10094=DIRECTION('center_axis',(1.,0.,-2.77555756156289E-15));
#10095=DIRECTION('ref_axis',(-2.77555756156289E-15,0.,-1.));
#10096=DIRECTION('',(2.77555756156289E-15,0.,1.));
#10097=DIRECTION('',(0.,1.,0.));
#10098=DIRECTION('',(-2.77555756156289E-15,0.,-1.));
#10099=DIRECTION('',(0.,1.,0.));
#10100=DIRECTION('center_axis',(0.,0.,-1.));
#10101=DIRECTION('ref_axis',(-1.,0.,0.));
#10102=DIRECTION('',(1.,0.,0.));
#10103=DIRECTION('',(0.,1.,0.));
#10104=DIRECTION('',(-1.,0.,0.));
#10105=DIRECTION('center_axis',(0.,0.,1.));
#10106=DIRECTION('ref_axis',(1.,0.,0.));
#10107=DIRECTION('',(-1.,0.,0.));
#10108=DIRECTION('',(1.,0.,0.));
#10109=DIRECTION('',(0.,1.,0.));
#10110=DIRECTION('center_axis',(-1.,0.,0.));
#10111=DIRECTION('ref_axis',(0.,0.,1.));
#10112=DIRECTION('',(0.,0.,-1.));
#10113=DIRECTION('',(0.,0.,1.));
#10114=DIRECTION('center_axis',(0.,1.,0.));
#10115=DIRECTION('ref_axis',(0.,0.,1.));
#10116=DIRECTION('center_axis',(1.,0.,-2.77555756156289E-15));
#10117=DIRECTION('ref_axis',(-2.77555756156289E-15,0.,-1.));
#10118=DIRECTION('',(2.77555756156289E-15,0.,1.));
#10119=DIRECTION('',(0.,1.,0.));
#10120=DIRECTION('',(-2.77555756156289E-15,0.,-1.));
#10121=DIRECTION('',(0.,1.,0.));
#10122=DIRECTION('center_axis',(0.,0.,-1.));
#10123=DIRECTION('ref_axis',(-1.,0.,0.));
#10124=DIRECTION('',(1.,0.,0.));
#10125=DIRECTION('',(0.,1.,0.));
#10126=DIRECTION('',(-1.,0.,0.));
#10127=DIRECTION('center_axis',(0.,0.,1.));
#10128=DIRECTION('ref_axis',(1.,0.,0.));
#10129=DIRECTION('',(-1.,0.,0.));
#10130=DIRECTION('',(1.,0.,0.));
#10131=DIRECTION('',(0.,1.,0.));
#10132=DIRECTION('center_axis',(-1.,0.,0.));
#10133=DIRECTION('ref_axis',(0.,0.,1.));
#10134=DIRECTION('',(0.,0.,-1.));
#10135=DIRECTION('',(0.,0.,1.));
#10136=DIRECTION('center_axis',(0.,1.,0.));
#10137=DIRECTION('ref_axis',(0.,0.,1.));
#10138=DIRECTION('center_axis',(0.,0.,1.));
#10139=DIRECTION('ref_axis',(1.,0.,0.));
#10140=DIRECTION('',(-1.,0.,0.));
#10141=DIRECTION('',(0.,1.,0.));
#10142=DIRECTION('',(1.,0.,0.));
#10143=DIRECTION('',(0.,1.,0.));
#10144=DIRECTION('center_axis',(1.,0.,0.));
#10145=DIRECTION('ref_axis',(0.,0.,-1.));
#10146=DIRECTION('',(0.,0.,1.));
#10147=DIRECTION('',(0.,1.,0.));
#10148=DIRECTION('',(0.,0.,-1.));
#10149=DIRECTION('center_axis',(-1.,0.,3.26128013483639E-14));
#10150=DIRECTION('ref_axis',(3.26128013483639E-14,0.,1.));
#10151=DIRECTION('',(-3.26128013483639E-14,0.,-1.));
#10152=DIRECTION('',(3.26128013483639E-14,0.,1.));
#10153=DIRECTION('',(0.,1.,0.));
#10154=DIRECTION('center_axis',(0.,0.,-1.));
#10155=DIRECTION('ref_axis',(-1.,0.,0.));
#10156=DIRECTION('',(1.,0.,0.));
#10157=DIRECTION('',(-1.,0.,0.));
#10158=DIRECTION('center_axis',(0.,1.,0.));
#10159=DIRECTION('ref_axis',(0.,0.,1.));
#10160=DIRECTION('center_axis',(0.,0.,1.));
#10161=DIRECTION('ref_axis',(1.,0.,0.));
#10162=DIRECTION('',(-1.,0.,0.));
#10163=DIRECTION('',(0.,1.,0.));
#10164=DIRECTION('',(1.,0.,0.));
#10165=DIRECTION('',(0.,1.,0.));
#10166=DIRECTION('center_axis',(1.,0.,0.));
#10167=DIRECTION('ref_axis',(0.,0.,-1.));
#10168=DIRECTION('',(0.,0.,1.));
#10169=DIRECTION('',(0.,1.,0.));
#10170=DIRECTION('',(0.,0.,-1.));
#10171=DIRECTION('center_axis',(-1.,0.,2.77555756156289E-14));
#10172=DIRECTION('ref_axis',(2.77555756156289E-14,0.,1.));
#10173=DIRECTION('',(-2.77555756156289E-14,0.,-1.));
#10174=DIRECTION('',(2.77555756156289E-14,0.,1.));
#10175=DIRECTION('',(0.,1.,0.));
#10176=DIRECTION('center_axis',(0.,0.,-1.));
#10177=DIRECTION('ref_axis',(-1.,0.,0.));
#10178=DIRECTION('',(1.,0.,0.));
#10179=DIRECTION('',(-1.,0.,0.));
#10180=DIRECTION('center_axis',(0.,1.,0.));
#10181=DIRECTION('ref_axis',(0.,0.,1.));
#10182=DIRECTION('center_axis',(0.,0.,1.));
#10183=DIRECTION('ref_axis',(1.,0.,0.));
#10184=DIRECTION('',(-1.,0.,0.));
#10185=DIRECTION('',(0.,1.,0.));
#10186=DIRECTION('',(1.,0.,0.));
#10187=DIRECTION('',(0.,1.,0.));
#10188=DIRECTION('center_axis',(1.,0.,0.));
#10189=DIRECTION('ref_axis',(0.,0.,-1.));
#10190=DIRECTION('',(0.,0.,1.));
#10191=DIRECTION('',(0.,1.,0.));
#10192=DIRECTION('',(0.,0.,-1.));
#10193=DIRECTION('center_axis',(-1.,0.,2.22044604925031E-14));
#10194=DIRECTION('ref_axis',(2.22044604925031E-14,0.,1.));
#10195=DIRECTION('',(-2.22044604925031E-14,0.,-1.));
#10196=DIRECTION('',(2.22044604925031E-14,0.,1.));
#10197=DIRECTION('',(0.,1.,0.));
#10198=DIRECTION('center_axis',(0.,0.,-1.));
#10199=DIRECTION('ref_axis',(-1.,0.,0.));
#10200=DIRECTION('',(1.,0.,0.));
#10201=DIRECTION('',(-1.,0.,0.));
#10202=DIRECTION('center_axis',(0.,1.,0.));
#10203=DIRECTION('ref_axis',(0.,0.,1.));
#10204=DIRECTION('center_axis',(0.,0.,1.));
#10205=DIRECTION('ref_axis',(1.,0.,0.));
#10206=DIRECTION('',(-1.,0.,0.));
#10207=DIRECTION('',(0.,1.,0.));
#10208=DIRECTION('',(1.,0.,0.));
#10209=DIRECTION('',(0.,1.,0.));
#10210=DIRECTION('center_axis',(1.,0.,0.));
#10211=DIRECTION('ref_axis',(0.,0.,-1.));
#10212=DIRECTION('',(0.,0.,1.));
#10213=DIRECTION('',(0.,1.,0.));
#10214=DIRECTION('',(0.,0.,-1.));
#10215=DIRECTION('center_axis',(-1.,0.,1.66533453693773E-14));
#10216=DIRECTION('ref_axis',(1.66533453693773E-14,0.,1.));
#10217=DIRECTION('',(-1.66533453693773E-14,0.,-1.));
#10218=DIRECTION('',(1.66533453693773E-14,0.,1.));
#10219=DIRECTION('',(0.,1.,0.));
#10220=DIRECTION('center_axis',(0.,0.,-1.));
#10221=DIRECTION('ref_axis',(-1.,0.,0.));
#10222=DIRECTION('',(1.,0.,0.));
#10223=DIRECTION('',(-1.,0.,0.));
#10224=DIRECTION('center_axis',(0.,1.,0.));
#10225=DIRECTION('ref_axis',(0.,0.,1.));
#10226=DIRECTION('center_axis',(0.,0.,1.));
#10227=DIRECTION('ref_axis',(1.,0.,0.));
#10228=DIRECTION('',(-1.,0.,0.));
#10229=DIRECTION('',(0.,1.,0.));
#10230=DIRECTION('',(1.,0.,0.));
#10231=DIRECTION('',(0.,1.,0.));
#10232=DIRECTION('center_axis',(1.,0.,0.));
#10233=DIRECTION('ref_axis',(0.,0.,-1.));
#10234=DIRECTION('',(0.,0.,1.));
#10235=DIRECTION('',(0.,1.,0.));
#10236=DIRECTION('',(0.,0.,-1.));
#10237=DIRECTION('center_axis',(-1.,0.,1.11022302462516E-14));
#10238=DIRECTION('ref_axis',(1.11022302462516E-14,0.,1.));
#10239=DIRECTION('',(-1.11022302462516E-14,0.,-1.));
#10240=DIRECTION('',(1.11022302462516E-14,0.,1.));
#10241=DIRECTION('',(0.,1.,0.));
#10242=DIRECTION('center_axis',(0.,0.,-1.));
#10243=DIRECTION('ref_axis',(-1.,0.,0.));
#10244=DIRECTION('',(1.,0.,0.));
#10245=DIRECTION('',(-1.,0.,0.));
#10246=DIRECTION('center_axis',(0.,1.,0.));
#10247=DIRECTION('ref_axis',(0.,0.,1.));
#10248=DIRECTION('center_axis',(0.,0.,1.));
#10249=DIRECTION('ref_axis',(1.,0.,0.));
#10250=DIRECTION('',(-1.,0.,0.));
#10251=DIRECTION('',(0.,1.,0.));
#10252=DIRECTION('',(1.,0.,0.));
#10253=DIRECTION('',(0.,1.,0.));
#10254=DIRECTION('center_axis',(1.,0.,0.));
#10255=DIRECTION('ref_axis',(0.,0.,-1.));
#10256=DIRECTION('',(0.,0.,1.));
#10257=DIRECTION('',(0.,1.,0.));
#10258=DIRECTION('',(0.,0.,-1.));
#10259=DIRECTION('center_axis',(-1.,0.,5.55111512312578E-15));
#10260=DIRECTION('ref_axis',(5.55111512312578E-15,0.,1.));
#10261=DIRECTION('',(-5.55111512312578E-15,0.,-1.));
#10262=DIRECTION('',(5.55111512312578E-15,0.,1.));
#10263=DIRECTION('',(0.,1.,0.));
#10264=DIRECTION('center_axis',(0.,0.,-1.));
#10265=DIRECTION('ref_axis',(-1.,0.,0.));
#10266=DIRECTION('',(1.,0.,0.));
#10267=DIRECTION('',(-1.,0.,0.));
#10268=DIRECTION('center_axis',(0.,1.,0.));
#10269=DIRECTION('ref_axis',(0.,0.,1.));
#10270=DIRECTION('center_axis',(-1.,0.,0.));
#10271=DIRECTION('ref_axis',(0.,0.,1.));
#10272=DIRECTION('',(0.,0.,-1.));
#10273=DIRECTION('',(0.,1.,0.));
#10274=DIRECTION('',(0.,0.,1.));
#10275=DIRECTION('',(0.,1.,0.));
#10276=DIRECTION('center_axis',(0.,0.,1.));
#10277=DIRECTION('ref_axis',(1.,0.,0.));
#10278=DIRECTION('',(-1.,0.,0.));
#10279=DIRECTION('',(0.,1.,0.));
#10280=DIRECTION('',(1.,0.,0.));
#10281=DIRECTION('center_axis',(0.,0.,-1.));
#10282=DIRECTION('ref_axis',(-1.,0.,0.));
#10283=DIRECTION('',(1.,0.,0.));
#10284=DIRECTION('',(-1.,0.,0.));
#10285=DIRECTION('',(0.,1.,0.));
#10286=DIRECTION('center_axis',(1.,0.,0.));
#10287=DIRECTION('ref_axis',(0.,0.,-1.));
#10288=DIRECTION('',(0.,0.,1.));
#10289=DIRECTION('',(0.,0.,-1.));
#10290=DIRECTION('center_axis',(0.,1.,0.));
#10291=DIRECTION('ref_axis',(0.,0.,1.));
#10292=DIRECTION('center_axis',(0.,0.,1.));
#10293=DIRECTION('ref_axis',(1.,0.,0.));
#10294=DIRECTION('',(-1.,0.,0.));
#10295=DIRECTION('',(0.,1.,0.));
#10296=DIRECTION('',(1.,0.,0.));
#10297=DIRECTION('',(0.,1.,0.));
#10298=DIRECTION('center_axis',(1.,0.,0.));
#10299=DIRECTION('ref_axis',(0.,0.,-1.));
#10300=DIRECTION('',(0.,0.,1.));
#10301=DIRECTION('',(0.,1.,0.));
#10302=DIRECTION('',(0.,0.,-1.));
#10303=DIRECTION('center_axis',(-1.,0.,3.46944695195361E-15));
#10304=DIRECTION('ref_axis',(3.46944695195361E-15,0.,1.));
#10305=DIRECTION('',(-3.46944695195361E-15,0.,-1.));
#10306=DIRECTION('',(3.46944695195361E-15,0.,1.));
#10307=DIRECTION('',(0.,1.,0.));
#10308=DIRECTION('center_axis',(0.,0.,-1.));
#10309=DIRECTION('ref_axis',(-1.,0.,0.));
#10310=DIRECTION('',(1.,0.,0.));
#10311=DIRECTION('',(-1.,0.,0.));
#10312=DIRECTION('center_axis',(0.,1.,0.));
#10313=DIRECTION('ref_axis',(0.,0.,1.));
#10314=DIRECTION('center_axis',(0.,0.,1.));
#10315=DIRECTION('ref_axis',(1.,0.,0.));
#10316=DIRECTION('',(-1.,0.,0.));
#10317=DIRECTION('',(0.,1.,0.));
#10318=DIRECTION('',(1.,0.,0.));
#10319=DIRECTION('',(0.,1.,0.));
#10320=DIRECTION('center_axis',(1.,0.,0.));
#10321=DIRECTION('ref_axis',(0.,0.,-1.));
#10322=DIRECTION('',(0.,0.,1.));
#10323=DIRECTION('',(0.,1.,0.));
#10324=DIRECTION('',(0.,0.,-1.));
#10325=DIRECTION('center_axis',(-1.,0.,8.32667268468867E-15));
#10326=DIRECTION('ref_axis',(8.32667268468867E-15,0.,1.));
#10327=DIRECTION('',(-8.32667268468867E-15,0.,-1.));
#10328=DIRECTION('',(8.32667268468867E-15,0.,1.));
#10329=DIRECTION('',(0.,1.,0.));
#10330=DIRECTION('center_axis',(0.,0.,-1.));
#10331=DIRECTION('ref_axis',(-1.,0.,0.));
#10332=DIRECTION('',(1.,0.,0.));
#10333=DIRECTION('',(-1.,0.,0.));
#10334=DIRECTION('center_axis',(0.,1.,0.));
#10335=DIRECTION('ref_axis',(0.,0.,1.));
#10336=DIRECTION('center_axis',(0.,0.,1.));
#10337=DIRECTION('ref_axis',(1.,0.,0.));
#10338=DIRECTION('',(-1.,0.,0.));
#10339=DIRECTION('',(0.,1.,0.));
#10340=DIRECTION('',(1.,0.,0.));
#10341=DIRECTION('',(0.,1.,0.));
#10342=DIRECTION('center_axis',(1.,0.,0.));
#10343=DIRECTION('ref_axis',(0.,0.,-1.));
#10344=DIRECTION('',(0.,0.,1.));
#10345=DIRECTION('',(0.,1.,0.));
#10346=DIRECTION('',(0.,0.,-1.));
#10347=DIRECTION('center_axis',(-1.,0.,1.38777878078144E-14));
#10348=DIRECTION('ref_axis',(1.38777878078144E-14,0.,1.));
#10349=DIRECTION('',(-1.38777878078144E-14,0.,-1.));
#10350=DIRECTION('',(1.38777878078144E-14,0.,1.));
#10351=DIRECTION('',(0.,1.,0.));
#10352=DIRECTION('center_axis',(0.,0.,-1.));
#10353=DIRECTION('ref_axis',(-1.,0.,0.));
#10354=DIRECTION('',(1.,0.,0.));
#10355=DIRECTION('',(-1.,0.,0.));
#10356=DIRECTION('center_axis',(0.,1.,0.));
#10357=DIRECTION('ref_axis',(0.,0.,1.));
#10358=DIRECTION('center_axis',(0.,0.,1.));
#10359=DIRECTION('ref_axis',(1.,0.,0.));
#10360=DIRECTION('',(-1.,0.,0.));
#10361=DIRECTION('',(0.,1.,0.));
#10362=DIRECTION('',(1.,0.,0.));
#10363=DIRECTION('',(0.,1.,0.));
#10364=DIRECTION('center_axis',(1.,0.,0.));
#10365=DIRECTION('ref_axis',(0.,0.,-1.));
#10366=DIRECTION('',(0.,0.,1.));
#10367=DIRECTION('',(0.,1.,0.));
#10368=DIRECTION('',(0.,0.,-1.));
#10369=DIRECTION('center_axis',(-1.,0.,1.94289029309402E-14));
#10370=DIRECTION('ref_axis',(1.94289029309402E-14,0.,1.));
#10371=DIRECTION('',(-1.94289029309402E-14,0.,-1.));
#10372=DIRECTION('',(1.94289029309402E-14,0.,1.));
#10373=DIRECTION('',(0.,1.,0.));
#10374=DIRECTION('center_axis',(0.,0.,-1.));
#10375=DIRECTION('ref_axis',(-1.,0.,0.));
#10376=DIRECTION('',(1.,0.,0.));
#10377=DIRECTION('',(-1.,0.,0.));
#10378=DIRECTION('center_axis',(0.,1.,0.));
#10379=DIRECTION('ref_axis',(0.,0.,1.));
#10380=DIRECTION('center_axis',(0.,0.,1.));
#10381=DIRECTION('ref_axis',(1.,0.,0.));
#10382=DIRECTION('',(-1.,0.,0.));
#10383=DIRECTION('',(0.,1.,0.));
#10384=DIRECTION('',(1.,0.,0.));
#10385=DIRECTION('',(0.,1.,0.));
#10386=DIRECTION('center_axis',(1.,0.,0.));
#10387=DIRECTION('ref_axis',(0.,0.,-1.));
#10388=DIRECTION('',(0.,0.,1.));
#10389=DIRECTION('',(0.,1.,0.));
#10390=DIRECTION('',(0.,0.,-1.));
#10391=DIRECTION('center_axis',(-1.,0.,2.4980018054066E-14));
#10392=DIRECTION('ref_axis',(2.4980018054066E-14,0.,1.));
#10393=DIRECTION('',(-2.4980018054066E-14,0.,-1.));
#10394=DIRECTION('',(2.4980018054066E-14,0.,1.));
#10395=DIRECTION('',(0.,1.,0.));
#10396=DIRECTION('center_axis',(0.,0.,-1.));
#10397=DIRECTION('ref_axis',(-1.,0.,0.));
#10398=DIRECTION('',(1.,0.,0.));
#10399=DIRECTION('',(-1.,0.,0.));
#10400=DIRECTION('center_axis',(0.,1.,0.));
#10401=DIRECTION('ref_axis',(0.,0.,1.));
#10402=DIRECTION('center_axis',(0.,0.,1.));
#10403=DIRECTION('ref_axis',(1.,0.,0.));
#10404=DIRECTION('',(-1.,0.,0.));
#10405=DIRECTION('',(0.,1.,0.));
#10406=DIRECTION('',(1.,0.,0.));
#10407=DIRECTION('',(0.,1.,0.));
#10408=DIRECTION('center_axis',(1.,0.,0.));
#10409=DIRECTION('ref_axis',(0.,0.,-1.));
#10410=DIRECTION('',(0.,0.,1.));
#10411=DIRECTION('',(0.,1.,0.));
#10412=DIRECTION('',(0.,0.,-1.));
#10413=DIRECTION('center_axis',(-1.,0.,2.98372437868011E-14));
#10414=DIRECTION('ref_axis',(2.98372437868011E-14,0.,1.));
#10415=DIRECTION('',(-2.98372437868011E-14,0.,-1.));
#10416=DIRECTION('',(2.98372437868011E-14,0.,1.));
#10417=DIRECTION('',(0.,1.,0.));
#10418=DIRECTION('center_axis',(0.,0.,-1.));
#10419=DIRECTION('ref_axis',(-1.,0.,0.));
#10420=DIRECTION('',(1.,0.,0.));
#10421=DIRECTION('',(-1.,0.,0.));
#10422=DIRECTION('center_axis',(0.,1.,0.));
#10423=DIRECTION('ref_axis',(0.,0.,1.));
#10424=DIRECTION('center_axis',(1.,0.,-2.7755575615629E-15));
#10425=DIRECTION('ref_axis',(-2.7755575615629E-15,0.,-1.));
#10426=DIRECTION('',(2.7755575615629E-15,0.,1.));
#10427=DIRECTION('',(0.,1.,0.));
#10428=DIRECTION('',(-2.7755575615629E-15,0.,-1.));
#10429=DIRECTION('',(0.,1.,0.));
#10430=DIRECTION('center_axis',(0.,0.,-1.));
#10431=DIRECTION('ref_axis',(-1.,0.,0.));
#10432=DIRECTION('',(1.,0.,0.));
#10433=DIRECTION('',(0.,1.,0.));
#10434=DIRECTION('',(-1.,0.,0.));
#10435=DIRECTION('center_axis',(0.,0.,1.));
#10436=DIRECTION('ref_axis',(1.,0.,0.));
#10437=DIRECTION('',(-1.,0.,0.));
#10438=DIRECTION('',(1.,0.,0.));
#10439=DIRECTION('',(0.,1.,0.));
#10440=DIRECTION('center_axis',(-1.,0.,0.));
#10441=DIRECTION('ref_axis',(0.,0.,1.));
#10442=DIRECTION('',(0.,0.,-1.));
#10443=DIRECTION('',(0.,0.,1.));
#10444=DIRECTION('center_axis',(0.,1.,0.));
#10445=DIRECTION('ref_axis',(0.,0.,1.));
#10446=DIRECTION('center_axis',(1.,0.,-2.77555756156289E-15));
#10447=DIRECTION('ref_axis',(-2.77555756156289E-15,0.,-1.));
#10448=DIRECTION('',(2.77555756156289E-15,0.,1.));
#10449=DIRECTION('',(0.,1.,0.));
#10450=DIRECTION('',(-2.77555756156289E-15,0.,-1.));
#10451=DIRECTION('',(0.,1.,0.));
#10452=DIRECTION('center_axis',(0.,0.,-1.));
#10453=DIRECTION('ref_axis',(-1.,0.,0.));
#10454=DIRECTION('',(1.,0.,0.));
#10455=DIRECTION('',(0.,1.,0.));
#10456=DIRECTION('',(-1.,0.,0.));
#10457=DIRECTION('center_axis',(0.,0.,1.));
#10458=DIRECTION('ref_axis',(1.,0.,0.));
#10459=DIRECTION('',(-1.,0.,0.));
#10460=DIRECTION('',(1.,0.,0.));
#10461=DIRECTION('',(0.,1.,0.));
#10462=DIRECTION('center_axis',(-1.,0.,0.));
#10463=DIRECTION('ref_axis',(0.,0.,1.));
#10464=DIRECTION('',(0.,0.,-1.));
#10465=DIRECTION('',(0.,0.,1.));
#10466=DIRECTION('center_axis',(0.,1.,0.));
#10467=DIRECTION('ref_axis',(0.,0.,1.));
#10468=DIRECTION('center_axis',(1.,0.,-2.77555756156289E-15));
#10469=DIRECTION('ref_axis',(-2.77555756156289E-15,0.,-1.));
#10470=DIRECTION('',(2.77555756156289E-15,0.,1.));
#10471=DIRECTION('',(0.,1.,0.));
#10472=DIRECTION('',(-2.77555756156289E-15,0.,-1.));
#10473=DIRECTION('',(0.,1.,0.));
#10474=DIRECTION('center_axis',(0.,0.,-1.));
#10475=DIRECTION('ref_axis',(-1.,0.,0.));
#10476=DIRECTION('',(1.,0.,0.));
#10477=DIRECTION('',(0.,1.,0.));
#10478=DIRECTION('',(-1.,0.,0.));
#10479=DIRECTION('center_axis',(0.,0.,1.));
#10480=DIRECTION('ref_axis',(1.,0.,0.));
#10481=DIRECTION('',(-1.,0.,0.));
#10482=DIRECTION('',(1.,0.,0.));
#10483=DIRECTION('',(0.,1.,0.));
#10484=DIRECTION('center_axis',(-1.,0.,0.));
#10485=DIRECTION('ref_axis',(0.,0.,1.));
#10486=DIRECTION('',(0.,0.,-1.));
#10487=DIRECTION('',(0.,0.,1.));
#10488=DIRECTION('center_axis',(0.,1.,0.));
#10489=DIRECTION('ref_axis',(0.,0.,1.));
#10490=DIRECTION('center_axis',(1.,0.,-2.77555756156289E-15));
#10491=DIRECTION('ref_axis',(-2.77555756156289E-15,0.,-1.));
#10492=DIRECTION('',(2.77555756156289E-15,0.,1.));
#10493=DIRECTION('',(0.,1.,0.));
#10494=DIRECTION('',(-2.77555756156289E-15,0.,-1.));
#10495=DIRECTION('',(0.,1.,0.));
#10496=DIRECTION('center_axis',(0.,0.,-1.));
#10497=DIRECTION('ref_axis',(-1.,0.,0.));
#10498=DIRECTION('',(1.,0.,0.));
#10499=DIRECTION('',(0.,1.,0.));
#10500=DIRECTION('',(-1.,0.,0.));
#10501=DIRECTION('center_axis',(0.,0.,1.));
#10502=DIRECTION('ref_axis',(1.,0.,0.));
#10503=DIRECTION('',(-1.,0.,0.));
#10504=DIRECTION('',(1.,0.,0.));
#10505=DIRECTION('',(0.,1.,0.));
#10506=DIRECTION('center_axis',(-1.,0.,0.));
#10507=DIRECTION('ref_axis',(0.,0.,1.));
#10508=DIRECTION('',(0.,0.,-1.));
#10509=DIRECTION('',(0.,0.,1.));
#10510=DIRECTION('center_axis',(0.,1.,0.));
#10511=DIRECTION('ref_axis',(0.,0.,1.));
#10512=DIRECTION('center_axis',(-1.,0.,-1.04083408558608E-15));
#10513=DIRECTION('ref_axis',(-1.04083408558608E-15,0.,1.));
#10514=DIRECTION('',(1.04083408558608E-15,0.,-1.));
#10515=DIRECTION('',(0.,1.,0.));
#10516=DIRECTION('',(-1.04083408558608E-15,0.,1.));
#10517=DIRECTION('',(0.,1.,0.));
#10518=DIRECTION('center_axis',(0.,0.,1.));
#10519=DIRECTION('ref_axis',(1.,0.,0.));
#10520=DIRECTION('',(-1.,0.,0.));
#10521=DIRECTION('',(0.,1.,0.));
#10522=DIRECTION('',(1.,0.,0.));
#10523=DIRECTION('center_axis',(0.,0.,-1.));
#10524=DIRECTION('ref_axis',(-1.,0.,0.));
#10525=DIRECTION('',(1.,0.,0.));
#10526=DIRECTION('',(-1.,0.,0.));
#10527=DIRECTION('',(0.,1.,0.));
#10528=DIRECTION('center_axis',(1.,0.,-1.38777878078144E-15));
#10529=DIRECTION('ref_axis',(-1.38777878078144E-15,0.,-1.));
#10530=DIRECTION('',(1.38777878078144E-15,0.,1.));
#10531=DIRECTION('',(-1.38777878078144E-15,0.,-1.));
#10532=DIRECTION('center_axis',(0.,1.,0.));
#10533=DIRECTION('ref_axis',(0.,0.,1.));
#10534=DIRECTION('center_axis',(-1.,0.,-1.04083408558608E-15));
#10535=DIRECTION('ref_axis',(-1.04083408558608E-15,0.,1.));
#10536=DIRECTION('',(1.04083408558608E-15,0.,-1.));
#10537=DIRECTION('',(0.,1.,0.));
#10538=DIRECTION('',(-1.04083408558608E-15,0.,1.));
#10539=DIRECTION('',(0.,1.,0.));
#10540=DIRECTION('center_axis',(0.,0.,1.));
#10541=DIRECTION('ref_axis',(1.,0.,0.));
#10542=DIRECTION('',(-1.,0.,0.));
#10543=DIRECTION('',(0.,1.,0.));
#10544=DIRECTION('',(1.,0.,0.));
#10545=DIRECTION('center_axis',(0.,0.,-1.));
#10546=DIRECTION('ref_axis',(-1.,0.,0.));
#10547=DIRECTION('',(1.,0.,0.));
#10548=DIRECTION('',(-1.,0.,0.));
#10549=DIRECTION('',(0.,1.,0.));
#10550=DIRECTION('center_axis',(1.,0.,-1.38777878078144E-15));
#10551=DIRECTION('ref_axis',(-1.38777878078144E-15,0.,-1.));
#10552=DIRECTION('',(1.38777878078144E-15,0.,1.));
#10553=DIRECTION('',(-1.38777878078144E-15,0.,-1.));
#10554=DIRECTION('center_axis',(0.,1.,0.));
#10555=DIRECTION('ref_axis',(0.,0.,1.));
#10556=DIRECTION('center_axis',(-1.,0.,-1.04083408558608E-15));
#10557=DIRECTION('ref_axis',(-1.04083408558608E-15,0.,1.));
#10558=DIRECTION('',(1.04083408558608E-15,0.,-1.));
#10559=DIRECTION('',(0.,1.,0.));
#10560=DIRECTION('',(-1.04083408558608E-15,0.,1.));
#10561=DIRECTION('',(0.,1.,0.));
#10562=DIRECTION('center_axis',(0.,0.,1.));
#10563=DIRECTION('ref_axis',(1.,0.,0.));
#10564=DIRECTION('',(-1.,0.,0.));
#10565=DIRECTION('',(0.,1.,0.));
#10566=DIRECTION('',(1.,0.,0.));
#10567=DIRECTION('center_axis',(0.,0.,-1.));
#10568=DIRECTION('ref_axis',(-1.,0.,0.));
#10569=DIRECTION('',(1.,0.,0.));
#10570=DIRECTION('',(-1.,0.,0.));
#10571=DIRECTION('',(0.,1.,0.));
#10572=DIRECTION('center_axis',(1.,0.,-1.38777878078144E-15));
#10573=DIRECTION('ref_axis',(-1.38777878078144E-15,0.,-1.));
#10574=DIRECTION('',(1.38777878078144E-15,0.,1.));
#10575=DIRECTION('',(-1.38777878078144E-15,0.,-1.));
#10576=DIRECTION('center_axis',(0.,1.,0.));
#10577=DIRECTION('ref_axis',(0.,0.,1.));
#10578=DIRECTION('center_axis',(-1.,0.,-1.04083408558608E-15));
#10579=DIRECTION('ref_axis',(-1.04083408558608E-15,0.,1.));
#10580=DIRECTION('',(1.04083408558608E-15,0.,-1.));
#10581=DIRECTION('',(0.,1.,0.));
#10582=DIRECTION('',(-1.04083408558608E-15,0.,1.));
#10583=DIRECTION('',(0.,1.,0.));
#10584=DIRECTION('center_axis',(0.,0.,1.));
#10585=DIRECTION('ref_axis',(1.,0.,0.));
#10586=DIRECTION('',(-1.,0.,0.));
#10587=DIRECTION('',(0.,1.,0.));
#10588=DIRECTION('',(1.,0.,0.));
#10589=DIRECTION('center_axis',(0.,0.,-1.));
#10590=DIRECTION('ref_axis',(-1.,0.,0.));
#10591=DIRECTION('',(1.,0.,0.));
#10592=DIRECTION('',(-1.,0.,0.));
#10593=DIRECTION('',(0.,1.,0.));
#10594=DIRECTION('center_axis',(1.,0.,-1.38777878078144E-15));
#10595=DIRECTION('ref_axis',(-1.38777878078144E-15,0.,-1.));
#10596=DIRECTION('',(1.38777878078144E-15,0.,1.));
#10597=DIRECTION('',(-1.38777878078144E-15,0.,-1.));
#10598=DIRECTION('center_axis',(0.,1.,0.));
#10599=DIRECTION('ref_axis',(0.,0.,1.));
#10600=DIRECTION('center_axis',(-1.,0.,-1.04083408558608E-15));
#10601=DIRECTION('ref_axis',(-1.04083408558608E-15,0.,1.));
#10602=DIRECTION('',(1.04083408558608E-15,0.,-1.));
#10603=DIRECTION('',(0.,1.,0.));
#10604=DIRECTION('',(-1.04083408558608E-15,0.,1.));
#10605=DIRECTION('',(0.,1.,0.));
#10606=DIRECTION('center_axis',(0.,0.,1.));
#10607=DIRECTION('ref_axis',(1.,0.,0.));
#10608=DIRECTION('',(-1.,0.,0.));
#10609=DIRECTION('',(0.,1.,0.));
#10610=DIRECTION('',(1.,0.,0.));
#10611=DIRECTION('center_axis',(0.,0.,-1.));
#10612=DIRECTION('ref_axis',(-1.,0.,0.));
#10613=DIRECTION('',(1.,0.,0.));
#10614=DIRECTION('',(-1.,0.,0.));
#10615=DIRECTION('',(0.,1.,0.));
#10616=DIRECTION('center_axis',(1.,0.,-1.38777878078144E-15));
#10617=DIRECTION('ref_axis',(-1.38777878078144E-15,0.,-1.));
#10618=DIRECTION('',(1.38777878078144E-15,0.,1.));
#10619=DIRECTION('',(-1.38777878078144E-15,0.,-1.));
#10620=DIRECTION('center_axis',(0.,1.,0.));
#10621=DIRECTION('ref_axis',(0.,0.,1.));
#10622=DIRECTION('center_axis',(-1.,0.,-1.04083408558608E-15));
#10623=DIRECTION('ref_axis',(-1.04083408558608E-15,0.,1.));
#10624=DIRECTION('',(1.04083408558608E-15,0.,-1.));
#10625=DIRECTION('',(0.,1.,0.));
#10626=DIRECTION('',(-1.04083408558608E-15,0.,1.));
#10627=DIRECTION('',(0.,1.,0.));
#10628=DIRECTION('center_axis',(0.,0.,1.));
#10629=DIRECTION('ref_axis',(1.,0.,0.));
#10630=DIRECTION('',(-1.,0.,0.));
#10631=DIRECTION('',(0.,1.,0.));
#10632=DIRECTION('',(1.,0.,0.));
#10633=DIRECTION('center_axis',(0.,0.,-1.));
#10634=DIRECTION('ref_axis',(-1.,0.,0.));
#10635=DIRECTION('',(1.,0.,0.));
#10636=DIRECTION('',(-1.,0.,0.));
#10637=DIRECTION('',(0.,1.,0.));
#10638=DIRECTION('center_axis',(1.,0.,-1.38777878078144E-15));
#10639=DIRECTION('ref_axis',(-1.38777878078144E-15,0.,-1.));
#10640=DIRECTION('',(1.38777878078144E-15,0.,1.));
#10641=DIRECTION('',(-1.38777878078144E-15,0.,-1.));
#10642=DIRECTION('center_axis',(0.,1.,0.));
#10643=DIRECTION('ref_axis',(0.,0.,1.));
#10644=DIRECTION('center_axis',(-1.,0.,-1.04083408558608E-15));
#10645=DIRECTION('ref_axis',(-1.04083408558608E-15,0.,1.));
#10646=DIRECTION('',(1.04083408558608E-15,0.,-1.));
#10647=DIRECTION('',(0.,1.,0.));
#10648=DIRECTION('',(-1.04083408558608E-15,0.,1.));
#10649=DIRECTION('',(0.,1.,0.));
#10650=DIRECTION('center_axis',(0.,0.,1.));
#10651=DIRECTION('ref_axis',(1.,0.,0.));
#10652=DIRECTION('',(-1.,0.,0.));
#10653=DIRECTION('',(0.,1.,0.));
#10654=DIRECTION('',(1.,0.,0.));
#10655=DIRECTION('center_axis',(0.,0.,-1.));
#10656=DIRECTION('ref_axis',(-1.,0.,0.));
#10657=DIRECTION('',(1.,0.,0.));
#10658=DIRECTION('',(-1.,0.,0.));
#10659=DIRECTION('',(0.,1.,0.));
#10660=DIRECTION('center_axis',(1.,0.,-1.38777878078145E-15));
#10661=DIRECTION('ref_axis',(-1.38777878078145E-15,0.,-1.));
#10662=DIRECTION('',(1.38777878078145E-15,0.,1.));
#10663=DIRECTION('',(-1.38777878078145E-15,0.,-1.));
#10664=DIRECTION('center_axis',(0.,1.,0.));
#10665=DIRECTION('ref_axis',(0.,0.,1.));
#10666=DIRECTION('center_axis',(0.,-1.,0.));
#10667=DIRECTION('ref_axis',(1.,0.,0.));
#10668=DIRECTION('',(0.,-1.,0.));
#10669=DIRECTION('center_axis',(0.,1.,0.));
#10670=DIRECTION('ref_axis',(1.,0.,0.));
#10671=DIRECTION('center_axis',(0.,-1.,0.));
#10672=DIRECTION('ref_axis',(1.,0.,0.));
#10673=DIRECTION('',(0.,-1.,0.));
#10674=DIRECTION('center_axis',(0.,1.,0.));
#10675=DIRECTION('ref_axis',(1.,0.,0.));
#10676=DIRECTION('center_axis',(0.,-1.,0.));
#10677=DIRECTION('ref_axis',(1.,0.,0.));
#10678=DIRECTION('',(0.,-1.,0.));
#10679=DIRECTION('center_axis',(0.,1.,0.));
#10680=DIRECTION('ref_axis',(1.,0.,0.));
#10681=DIRECTION('center_axis',(0.,-1.,0.));
#10682=DIRECTION('ref_axis',(1.,0.,0.));
#10683=DIRECTION('',(0.,-1.,0.));
#10684=DIRECTION('center_axis',(0.,1.,0.));
#10685=DIRECTION('ref_axis',(1.,0.,0.));
#10686=DIRECTION('center_axis',(0.,-1.,0.));
#10687=DIRECTION('ref_axis',(1.,0.,0.));
#10688=DIRECTION('',(0.,-1.,0.));
#10689=DIRECTION('center_axis',(0.,1.,0.));
#10690=DIRECTION('ref_axis',(1.,0.,0.));
#10691=DIRECTION('center_axis',(0.,-1.,0.));
#10692=DIRECTION('ref_axis',(1.,0.,0.));
#10693=DIRECTION('',(0.,-1.,0.));
#10694=DIRECTION('center_axis',(0.,1.,0.));
#10695=DIRECTION('ref_axis',(1.,0.,0.));
#10696=DIRECTION('center_axis',(0.,-1.,0.));
#10697=DIRECTION('ref_axis',(1.,0.,0.));
#10698=DIRECTION('',(0.,-1.,0.));
#10699=DIRECTION('center_axis',(0.,1.,0.));
#10700=DIRECTION('ref_axis',(1.,0.,0.));
#10701=DIRECTION('center_axis',(0.,-1.,0.));
#10702=DIRECTION('ref_axis',(1.,0.,0.));
#10703=DIRECTION('',(0.,-1.,0.));
#10704=DIRECTION('center_axis',(0.,1.,0.));
#10705=DIRECTION('ref_axis',(1.,0.,0.));
#10706=DIRECTION('center_axis',(0.,-1.,0.));
#10707=DIRECTION('ref_axis',(1.,0.,0.));
#10708=DIRECTION('',(0.,-1.,0.));
#10709=DIRECTION('center_axis',(0.,1.,0.));
#10710=DIRECTION('ref_axis',(1.,0.,0.));
#10711=DIRECTION('center_axis',(0.,-1.,0.));
#10712=DIRECTION('ref_axis',(1.,0.,0.));
#10713=DIRECTION('',(0.,-1.,0.));
#10714=DIRECTION('center_axis',(0.,1.,0.));
#10715=DIRECTION('ref_axis',(1.,0.,0.));
#10716=DIRECTION('center_axis',(0.,-1.,0.));
#10717=DIRECTION('ref_axis',(1.,0.,0.));
#10718=DIRECTION('',(0.,-1.,0.));
#10719=DIRECTION('center_axis',(0.,1.,0.));
#10720=DIRECTION('ref_axis',(1.,0.,0.));
#10721=DIRECTION('center_axis',(0.,-1.,0.));
#10722=DIRECTION('ref_axis',(1.,0.,0.));
#10723=DIRECTION('',(0.,-1.,0.));
#10724=DIRECTION('center_axis',(0.,1.,0.));
#10725=DIRECTION('ref_axis',(1.,0.,0.));
#10726=DIRECTION('center_axis',(-1.,0.,3.33066907387547E-16));
#10727=DIRECTION('ref_axis',(3.33066907387547E-16,0.,1.));
#10728=DIRECTION('',(0.,1.,0.));
#10729=DIRECTION('',(3.33066907387547E-16,0.,1.));
#10730=DIRECTION('',(0.,1.,0.));
#10731=DIRECTION('center_axis',(0.,0.,-1.));
#10732=DIRECTION('ref_axis',(-1.,0.,0.));
#10733=DIRECTION('',(-1.,0.,0.));
#10734=DIRECTION('',(0.,1.,0.));
#10735=DIRECTION('center_axis',(1.,0.,-1.11022302462516E-16));
#10736=DIRECTION('ref_axis',(-1.11022302462516E-16,0.,-1.));
#10737=DIRECTION('',(-1.11022302462516E-16,0.,-1.));
#10738=DIRECTION('',(0.,1.,0.));
#10739=DIRECTION('center_axis',(0.,0.,1.));
#10740=DIRECTION('ref_axis',(1.,0.,0.));
#10741=DIRECTION('',(1.,0.,0.));
#10742=DIRECTION('center_axis',(0.,1.,0.));
#10743=DIRECTION('ref_axis',(0.,0.,1.));
#10744=DIRECTION('center_axis',(-1.,0.,5.43228391253899E-16));
#10745=DIRECTION('ref_axis',(5.43228391253899E-16,0.,1.));
#10746=DIRECTION('',(0.,1.,0.));
#10747=DIRECTION('',(5.43228391253899E-16,0.,1.));
#10748=DIRECTION('',(0.,1.,0.));
#10749=DIRECTION('center_axis',(-2.22044604925031E-16,0.,-1.));
#10750=DIRECTION('ref_axis',(-1.,0.,2.22044604925031E-16));
#10751=DIRECTION('',(-1.,0.,2.22044604925031E-16));
#10752=DIRECTION('',(0.,1.,0.));
#10753=DIRECTION('center_axis',(1.,0.,-3.39517744533687E-17));
#10754=DIRECTION('ref_axis',(-3.39517744533687E-17,0.,-1.));
#10755=DIRECTION('',(-3.39517744533687E-17,0.,-1.));
#10756=DIRECTION('',(0.,1.,0.));
#10757=DIRECTION('center_axis',(0.,0.,1.));
#10758=DIRECTION('ref_axis',(1.,0.,0.));
#10759=DIRECTION('',(1.,0.,0.));
#10760=DIRECTION('center_axis',(0.,1.,0.));
#10761=DIRECTION('ref_axis',(0.,0.,1.));
#10762=DIRECTION('center_axis',(0.,1.,0.));
#10763=DIRECTION('ref_axis',(0.,0.,1.));
#10764=DIRECTION('center_axis',(1.58603289232165E-16,0.,1.));
#10765=DIRECTION('ref_axis',(1.,0.,-1.58603289232165E-16));
#10766=DIRECTION('',(0.,1.,0.));
#10767=DIRECTION('',(1.,0.,-1.58603289232165E-16));
#10768=DIRECTION('',(0.,1.,0.));
#10769=DIRECTION('center_axis',(-1.,0.,0.));
#10770=DIRECTION('ref_axis',(0.,0.,1.));
#10771=DIRECTION('',(0.,0.,1.));
#10772=DIRECTION('',(0.,1.,0.));
#10773=DIRECTION('center_axis',(1.,0.,0.));
#10774=DIRECTION('ref_axis',(0.,0.,-1.));
#10775=DIRECTION('',(0.,1.,0.));
#10776=DIRECTION('',(0.,0.,-1.));
#10777=DIRECTION('center_axis',(0.,1.,0.));
#10778=DIRECTION('ref_axis',(0.,0.,1.));
#10779=DIRECTION('',(-1.,0.,0.));
#10780=DIRECTION('center_axis',(-1.,0.,0.));
#10781=DIRECTION('ref_axis',(0.,0.,1.));
#10782=DIRECTION('',(0.,1.,0.));
#10783=DIRECTION('',(0.,0.,1.));
#10784=DIRECTION('',(0.,1.,0.));
#10785=DIRECTION('center_axis',(-5.55111512312578E-16,0.,-1.));
#10786=DIRECTION('ref_axis',(-1.,0.,5.55111512312578E-16));
#10787=DIRECTION('',(-1.,0.,5.55111512312578E-16));
#10788=DIRECTION('',(0.,1.,0.));
#10789=DIRECTION('center_axis',(1.,0.,0.));
#10790=DIRECTION('ref_axis',(0.,0.,-1.));
#10791=DIRECTION('',(0.,0.,-1.));
#10792=DIRECTION('',(0.,1.,0.));
#10793=DIRECTION('center_axis',(1.58603289232165E-16,0.,1.));
#10794=DIRECTION('ref_axis',(1.,0.,-1.58603289232165E-16));
#10795=DIRECTION('',(1.,0.,-1.58603289232165E-16));
#10796=DIRECTION('center_axis',(0.,1.,0.));
#10797=DIRECTION('ref_axis',(0.,0.,1.));
#10798=DIRECTION('center_axis',(-1.,0.,0.));
#10799=DIRECTION('ref_axis',(0.,0.,1.));
#10800=DIRECTION('',(0.,1.,0.));
#10801=DIRECTION('',(0.,0.,1.));
#10802=DIRECTION('',(0.,1.,0.));
#10803=DIRECTION('center_axis',(0.,0.,-1.));
#10804=DIRECTION('ref_axis',(-1.,0.,0.));
#10805=DIRECTION('',(-1.,0.,0.));
#10806=DIRECTION('',(0.,1.,0.));
#10807=DIRECTION('center_axis',(1.,0.,0.));
#10808=DIRECTION('ref_axis',(0.,0.,-1.));
#10809=DIRECTION('',(0.,0.,-1.));
#10810=DIRECTION('',(0.,1.,0.));
#10811=DIRECTION('center_axis',(0.,0.,1.));
#10812=DIRECTION('ref_axis',(1.,0.,0.));
#10813=DIRECTION('',(1.,0.,0.));
#10814=DIRECTION('center_axis',(0.,1.,0.));
#10815=DIRECTION('ref_axis',(0.,0.,1.));
#10816=DIRECTION('center_axis',(-2.96059473233375E-16,0.,-1.));
#10817=DIRECTION('ref_axis',(-1.,0.,2.96059473233375E-16));
#10818=DIRECTION('',(0.,1.,0.));
#10819=DIRECTION('center_axis',(0.,1.,0.));
#10820=DIRECTION('ref_axis',(1.,0.,0.));
#10821=DIRECTION('',(0.,1.,0.));
#10822=DIRECTION('center_axis',(1.,0.,0.));
#10823=DIRECTION('ref_axis',(0.,0.,-1.));
#10824=DIRECTION('',(0.,1.,0.));
#10825=DIRECTION('center_axis',(0.,1.,0.));
#10826=DIRECTION('ref_axis',(0.,0.,1.));
#10827=DIRECTION('center_axis',(0.,1.,0.));
#10828=DIRECTION('ref_axis',(1.,0.,0.));
#10829=DIRECTION('',(0.,-1.,0.));
#10830=DIRECTION('center_axis',(0.,-1.,0.));
#10831=DIRECTION('ref_axis',(1.,0.,0.));
#10832=DIRECTION('center_axis',(0.,1.,0.));
#10833=DIRECTION('ref_axis',(1.,0.,0.));
#10834=DIRECTION('',(0.,-1.,0.));
#10835=DIRECTION('center_axis',(0.,-1.,0.));
#10836=DIRECTION('ref_axis',(1.,0.,0.));
#10837=DIRECTION('center_axis',(0.,1.,0.));
#10838=DIRECTION('ref_axis',(1.,0.,0.));
#10839=DIRECTION('',(0.,-1.,0.));
#10840=DIRECTION('center_axis',(0.,-1.,0.));
#10841=DIRECTION('ref_axis',(1.,0.,0.));
#10842=DIRECTION('center_axis',(0.,1.,0.));
#10843=DIRECTION('ref_axis',(1.,0.,0.));
#10844=DIRECTION('',(0.,-1.,0.));
#10845=DIRECTION('center_axis',(0.,-1.,0.));
#10846=DIRECTION('ref_axis',(1.,0.,0.));
#10847=DIRECTION('center_axis',(-1.,0.,3.54284149049205E-32));
#10848=DIRECTION('ref_axis',(3.54284149049205E-32,0.,1.));
#10849=DIRECTION('',(3.54284149049205E-32,0.,1.));
#10850=DIRECTION('',(0.,1.,0.));
#10851=DIRECTION('',(0.,1.,0.));
#10852=DIRECTION('center_axis',(0.,0.,-1.));
#10853=DIRECTION('ref_axis',(-1.,0.,0.));
#10854=DIRECTION('',(-1.,0.,0.));
#10855=DIRECTION('',(0.,1.,0.));
#10856=DIRECTION('center_axis',(1.,0.,0.));
#10857=DIRECTION('ref_axis',(0.,0.,-1.));
#10858=DIRECTION('',(0.,0.,-1.));
#10859=DIRECTION('',(0.,1.,0.));
#10860=DIRECTION('center_axis',(2.24855296126614E-16,0.,1.));
#10861=DIRECTION('ref_axis',(1.,0.,-2.24855296126614E-16));
#10862=DIRECTION('',(1.,0.,-2.24855296126614E-16));
#10863=DIRECTION('center_axis',(0.,1.,0.));
#10864=DIRECTION('ref_axis',(0.,0.,1.));
#10865=CARTESIAN_POINT('',(0.,0.,0.));
#10866=CARTESIAN_POINT('Origin',(34.4740637625381,1.,6.21512215326772));
#10867=CARTESIAN_POINT('',(34.4740637625381,1.,6.21512215326772));
#10868=CARTESIAN_POINT('',(34.4740637625381,1.,6.58594871989278));
#10869=CARTESIAN_POINT('',(34.4740637625381,1.,15.3575610766339));
#10870=CARTESIAN_POINT('',(34.4740637625381,1.001,6.21512215326772));
#10871=CARTESIAN_POINT('',(34.4740637625381,1.,6.21512215326772));
#10872=CARTESIAN_POINT('',(34.4740637625381,1.001,6.58594871989278));
#10873=CARTESIAN_POINT('',(34.4740637625381,1.001,6.33778484496452));
#10874=CARTESIAN_POINT('',(34.4740637625381,1.,6.58594871989278));
#10875=CARTESIAN_POINT('Ctrl Pts',(34.6731723451862,1.,6.411070282223));
#10876=CARTESIAN_POINT('Ctrl Pts',(34.6731723451862,1.001,6.411070282223));
#10877=CARTESIAN_POINT('Ctrl Pts',(34.6731723451862,1.,6.32152409425957));
#10878=CARTESIAN_POINT('Ctrl Pts',(34.6731723451862,1.001,6.32152409425957));
#10879=CARTESIAN_POINT('Ctrl Pts',(34.5657169196301,1.,6.22038957608909));
#10880=CARTESIAN_POINT('Ctrl Pts',(34.5657169196301,1.001,6.22038957608909));
#10881=CARTESIAN_POINT('Ctrl Pts',(34.4740637625381,1.,6.21512215326772));
#10882=CARTESIAN_POINT('Ctrl Pts',(34.4740637625381,1.001,6.21512215326772));
#10883=CARTESIAN_POINT('',(34.6731723451862,1.,6.411070282223));
#10884=CARTESIAN_POINT('Ctrl Pts',(34.6731723451862,1.,6.411070282223));
#10885=CARTESIAN_POINT('Ctrl Pts',(34.6731723451862,1.,6.32152409425957));
#10886=CARTESIAN_POINT('Ctrl Pts',(34.5657169196301,1.,6.22038957608909));
#10887=CARTESIAN_POINT('Ctrl Pts',(34.4740637625381,1.,6.21512215326772));
#10888=CARTESIAN_POINT('',(34.6731723451862,1.001,6.411070282223));
#10889=CARTESIAN_POINT('',(34.6731723451862,1.,6.411070282223));
#10890=CARTESIAN_POINT('Ctrl Pts',(34.4740637625381,1.001,6.21512215326772));
#10891=CARTESIAN_POINT('Ctrl Pts',(34.5657169196301,1.001,6.22038957608909));
#10892=CARTESIAN_POINT('Ctrl Pts',(34.6731723451862,1.001,6.32152409425957));
#10893=CARTESIAN_POINT('Ctrl Pts',(34.6731723451862,1.001,6.411070282223));
#10894=CARTESIAN_POINT('Ctrl Pts',(34.4740637625381,1.,6.58594871989278));
#10895=CARTESIAN_POINT('Ctrl Pts',(34.4740637625381,1.001,6.58594871989278));
#10896=CARTESIAN_POINT('Ctrl Pts',(34.5709843424515,1.,6.58384175076423));
#10897=CARTESIAN_POINT('Ctrl Pts',(34.5709843424515,1.001,6.58384175076423));
#10898=CARTESIAN_POINT('Ctrl Pts',(34.6731723451862,1.,6.49850950105789));
#10899=CARTESIAN_POINT('Ctrl Pts',(34.6731723451862,1.001,6.49850950105789));
#10900=CARTESIAN_POINT('Ctrl Pts',(34.6731723451862,1.,6.411070282223));
#10901=CARTESIAN_POINT('Ctrl Pts',(34.6731723451862,1.001,6.411070282223));
#10902=CARTESIAN_POINT('Ctrl Pts',(34.4740637625381,1.,6.58594871989278));
#10903=CARTESIAN_POINT('Ctrl Pts',(34.5709843424515,1.,6.58384175076423));
#10904=CARTESIAN_POINT('Ctrl Pts',(34.6731723451862,1.,6.49850950105789));
#10905=CARTESIAN_POINT('Ctrl Pts',(34.6731723451862,1.,6.411070282223));
#10906=CARTESIAN_POINT('Ctrl Pts',(34.6731723451862,1.001,6.411070282223));
#10907=CARTESIAN_POINT('Ctrl Pts',(34.6731723451862,1.001,6.49850950105789));
#10908=CARTESIAN_POINT('Ctrl Pts',(34.5709843424515,1.001,6.58384175076423));
#10909=CARTESIAN_POINT('Ctrl Pts',(34.4740637625381,1.001,6.58594871989278));
#10910=CARTESIAN_POINT('Ctrl Pts',(34.8691204741415,1.,6.43530042720135));
#10911=CARTESIAN_POINT('Ctrl Pts',(34.8691204741415,1.001,6.43530042720135));
#10912=CARTESIAN_POINT('Ctrl Pts',(34.8691204741415,1.,6.18667807003227));
#10913=CARTESIAN_POINT('Ctrl Pts',(34.8691204741415,1.001,6.18667807003227));
#10914=CARTESIAN_POINT('Ctrl Pts',(34.5825726726585,1.,5.91066511419202));
#10915=CARTESIAN_POINT('Ctrl Pts',(34.5825726726585,1.001,5.91066511419202));
#10916=CARTESIAN_POINT('Ctrl Pts',(34.3423781920036,1.,5.91066511419202));
#10917=CARTESIAN_POINT('Ctrl Pts',(34.3423781920036,1.001,5.91066511419202));
#10918=CARTESIAN_POINT('',(34.3423781920036,1.,5.91066511419202));
#10919=CARTESIAN_POINT('',(34.8691204741415,1.,6.43530042720135));
#10920=CARTESIAN_POINT('Ctrl Pts',(34.3423781920036,1.,5.91066511419202));
#10921=CARTESIAN_POINT('Ctrl Pts',(34.5825726726585,1.,5.91066511419202));
#10922=CARTESIAN_POINT('Ctrl Pts',(34.8691204741415,1.,6.18667807003227));
#10923=CARTESIAN_POINT('Ctrl Pts',(34.8691204741415,1.,6.43530042720135));
#10924=CARTESIAN_POINT('',(34.3423781920036,1.001,5.91066511419202));
#10925=CARTESIAN_POINT('',(34.3423781920036,1.,5.91066511419202));
#10926=CARTESIAN_POINT('',(34.8691204741415,1.001,6.43530042720135));
#10927=CARTESIAN_POINT('Ctrl Pts',(34.8691204741415,1.001,6.43530042720135));
#10928=CARTESIAN_POINT('Ctrl Pts',(34.8691204741415,1.001,6.18667807003227));
#10929=CARTESIAN_POINT('Ctrl Pts',(34.5825726726585,1.001,5.91066511419202));
#10930=CARTESIAN_POINT('Ctrl Pts',(34.3423781920036,1.001,5.91066511419202));
#10931=CARTESIAN_POINT('',(34.8691204741415,1.,6.43530042720135));
#10932=CARTESIAN_POINT('Ctrl Pts',(34.4003198430388,1.,6.88724530527565));
#10933=CARTESIAN_POINT('Ctrl Pts',(34.4003198430388,1.001,6.88724530527565));
#10934=CARTESIAN_POINT('Ctrl Pts',(34.6257655397938,1.,6.88724530527565));
#10935=CARTESIAN_POINT('Ctrl Pts',(34.6257655397938,1.001,6.88724530527565));
#10936=CARTESIAN_POINT('Ctrl Pts',(34.8691204741415,1.,6.65969263939208));
#10937=CARTESIAN_POINT('Ctrl Pts',(34.8691204741415,1.001,6.65969263939208));
#10938=CARTESIAN_POINT('Ctrl Pts',(34.8691204741415,1.,6.43530042720135));
#10939=CARTESIAN_POINT('Ctrl Pts',(34.8691204741415,1.001,6.43530042720135));
#10940=CARTESIAN_POINT('',(34.4003198430388,1.,6.88724530527565));
#10941=CARTESIAN_POINT('Ctrl Pts',(34.8691204741415,1.,6.43530042720135));
#10942=CARTESIAN_POINT('Ctrl Pts',(34.8691204741415,1.,6.65969263939208));
#10943=CARTESIAN_POINT('Ctrl Pts',(34.6257655397938,1.,6.88724530527565));
#10944=CARTESIAN_POINT('Ctrl Pts',(34.4003198430388,1.,6.88724530527565));
#10945=CARTESIAN_POINT('',(34.4003198430388,1.001,6.88724530527565));
#10946=CARTESIAN_POINT('Ctrl Pts',(34.4003198430388,1.001,6.88724530527565));
#10947=CARTESIAN_POINT('Ctrl Pts',(34.6257655397938,1.001,6.88724530527565));
#10948=CARTESIAN_POINT('Ctrl Pts',(34.8691204741415,1.001,6.65969263939208));
#10949=CARTESIAN_POINT('Ctrl Pts',(34.8691204741415,1.001,6.43530042720135));
#10950=CARTESIAN_POINT('',(34.4003198430388,1.,6.88724530527565));
#10951=CARTESIAN_POINT('Origin',(34.2897039637898,1.,6.88724530527565));
#10952=CARTESIAN_POINT('',(34.2897039637898,1.,6.88724530527565));
#10953=CARTESIAN_POINT('',(36.8948519818949,1.,6.88724530527565));
#10954=CARTESIAN_POINT('',(34.2897039637898,1.001,6.88724530527565));
#10955=CARTESIAN_POINT('',(34.4003198430388,1.001,6.88724530527565));
#10956=CARTESIAN_POINT('',(34.2897039637898,1.,6.88724530527565));
#10957=CARTESIAN_POINT('Origin',(34.2897039637898,1.,6.21617563783199));
#10958=CARTESIAN_POINT('',(34.2897039637898,1.,6.21617563783199));
#10959=CARTESIAN_POINT('',(34.2897039637899,1.,15.358087818916));
#10960=CARTESIAN_POINT('',(34.2897039637898,1.001,6.21617563783199));
#10961=CARTESIAN_POINT('',(34.2897039637898,1.001,6.88724530527565));
#10962=CARTESIAN_POINT('',(34.2897039637898,1.,6.21617563783199));
#10963=CARTESIAN_POINT('Ctrl Pts',(34.103237195913,1.,6.30993576405253));
#10964=CARTESIAN_POINT('Ctrl Pts',(34.103237195913,1.001,6.30993576405253));
#10965=CARTESIAN_POINT('Ctrl Pts',(34.1306277945842,1.,6.26990335061005));
#10966=CARTESIAN_POINT('Ctrl Pts',(34.1306277945842,1.001,6.26990335061005));
#10967=CARTESIAN_POINT('Ctrl Pts',(34.2212274671119,1.,6.22038957608909));
#10968=CARTESIAN_POINT('Ctrl Pts',(34.2212274671119,1.001,6.22038957608909));
#10969=CARTESIAN_POINT('Ctrl Pts',(34.2897039637898,1.,6.21617563783199));
#10970=CARTESIAN_POINT('Ctrl Pts',(34.2897039637898,1.001,6.21617563783199));
#10971=CARTESIAN_POINT('',(34.103237195913,1.,6.30993576405253));
#10972=CARTESIAN_POINT('Ctrl Pts',(34.2897039637898,1.,6.21617563783199));
#10973=CARTESIAN_POINT('Ctrl Pts',(34.2212274671119,1.,6.22038957608909));
#10974=CARTESIAN_POINT('Ctrl Pts',(34.1306277945842,1.,6.26990335061005));
#10975=CARTESIAN_POINT('Ctrl Pts',(34.103237195913,1.,6.30993576405253));
#10976=CARTESIAN_POINT('',(34.103237195913,1.001,6.30993576405253));
#10977=CARTESIAN_POINT('Ctrl Pts',(34.103237195913,1.001,6.30993576405253));
#10978=CARTESIAN_POINT('Ctrl Pts',(34.1306277945842,1.001,6.26990335061005));
#10979=CARTESIAN_POINT('Ctrl Pts',(34.2212274671119,1.001,6.22038957608909));
#10980=CARTESIAN_POINT('Ctrl Pts',(34.2897039637898,1.001,6.21617563783199));
#10981=CARTESIAN_POINT('',(34.103237195913,1.,6.30993576405253));
#10982=CARTESIAN_POINT('Ctrl Pts',(34.0526699368278,1.,6.51641873865058));
#10983=CARTESIAN_POINT('Ctrl Pts',(34.0526699368278,1.001,6.51641873865058));
#10984=CARTESIAN_POINT('Ctrl Pts',(34.0526699368278,1.,6.45426314935831));
#10985=CARTESIAN_POINT('Ctrl Pts',(34.0526699368278,1.001,6.45426314935831));
#10986=CARTESIAN_POINT('Ctrl Pts',(34.0758465972419,1.,6.34891469293073));
#10987=CARTESIAN_POINT('Ctrl Pts',(34.0758465972419,1.001,6.34891469293073));
#10988=CARTESIAN_POINT('Ctrl Pts',(34.103237195913,1.,6.30993576405253));
#10989=CARTESIAN_POINT('Ctrl Pts',(34.103237195913,1.001,6.30993576405253));
#10990=CARTESIAN_POINT('',(34.0526699368278,1.,6.51641873865058));
#10991=CARTESIAN_POINT('Ctrl Pts',(34.103237195913,1.,6.30993576405253));
#10992=CARTESIAN_POINT('Ctrl Pts',(34.0758465972419,1.,6.34891469293073));
#10993=CARTESIAN_POINT('Ctrl Pts',(34.0526699368278,1.,6.45426314935831));
#10994=CARTESIAN_POINT('Ctrl Pts',(34.0526699368278,1.,6.51641873865058));
#10995=CARTESIAN_POINT('',(34.0526699368278,1.001,6.51641873865058));
#10996=CARTESIAN_POINT('Ctrl Pts',(34.0526699368278,1.001,6.51641873865058));
#10997=CARTESIAN_POINT('Ctrl Pts',(34.0526699368278,1.001,6.45426314935831));
#10998=CARTESIAN_POINT('Ctrl Pts',(34.0758465972419,1.001,6.34891469293073));
#10999=CARTESIAN_POINT('Ctrl Pts',(34.103237195913,1.001,6.30993576405253));
#11000=CARTESIAN_POINT('',(34.0526699368278,1.,6.51641873865058));
#11001=CARTESIAN_POINT('Ctrl Pts',(34.0958628039631,1.,6.7155273212987));
#11002=CARTESIAN_POINT('Ctrl Pts',(34.0958628039631,1.001,6.7155273212987));
#11003=CARTESIAN_POINT('Ctrl Pts',(34.0758465972419,1.,6.67233445416339));
#11004=CARTESIAN_POINT('Ctrl Pts',(34.0758465972419,1.001,6.67233445416339));
#11005=CARTESIAN_POINT('Ctrl Pts',(34.0526699368278,1.,6.56909296686436));
#11006=CARTESIAN_POINT('Ctrl Pts',(34.0526699368278,1.001,6.56909296686436));
#11007=CARTESIAN_POINT('Ctrl Pts',(34.0526699368278,1.,6.51641873865058));
#11008=CARTESIAN_POINT('Ctrl Pts',(34.0526699368278,1.001,6.51641873865058));
#11009=CARTESIAN_POINT('',(34.0958628039631,1.,6.7155273212987));
#11010=CARTESIAN_POINT('Ctrl Pts',(34.0526699368278,1.,6.51641873865058));
#11011=CARTESIAN_POINT('Ctrl Pts',(34.0526699368278,1.,6.56909296686436));
#11012=CARTESIAN_POINT('Ctrl Pts',(34.0758465972419,1.,6.67233445416339));
#11013=CARTESIAN_POINT('Ctrl Pts',(34.0958628039631,1.,6.7155273212987));
#11014=CARTESIAN_POINT('',(34.0958628039631,1.001,6.7155273212987));
#11015=CARTESIAN_POINT('Ctrl Pts',(34.0958628039631,1.001,6.7155273212987));
#11016=CARTESIAN_POINT('Ctrl Pts',(34.0758465972419,1.001,6.67233445416339));
#11017=CARTESIAN_POINT('Ctrl Pts',(34.0526699368278,1.001,6.56909296686436));
#11018=CARTESIAN_POINT('Ctrl Pts',(34.0526699368278,1.001,6.51641873865058));
#11019=CARTESIAN_POINT('',(34.0958628039631,1.,6.7155273212987));
#11020=CARTESIAN_POINT('Ctrl Pts',(34.1653927852053,1.,6.83667804619041));
#11021=CARTESIAN_POINT('Ctrl Pts',(34.1653927852053,1.001,6.83667804619041));
#11022=CARTESIAN_POINT('Ctrl Pts',(34.1506440013055,1.,6.81666183946918));
#11023=CARTESIAN_POINT('Ctrl Pts',(34.1506440013055,1.001,6.81666183946918));
#11024=CARTESIAN_POINT('Ctrl Pts',(34.1116650724272,1.,6.75345276561262));
#11025=CARTESIAN_POINT('Ctrl Pts',(34.1116650724272,1.001,6.75345276561262));
#11026=CARTESIAN_POINT('Ctrl Pts',(34.0958628039631,1.,6.7155273212987));
#11027=CARTESIAN_POINT('Ctrl Pts',(34.0958628039631,1.001,6.7155273212987));
#11028=CARTESIAN_POINT('',(34.1653927852053,1.,6.83667804619041));
#11029=CARTESIAN_POINT('Ctrl Pts',(34.0958628039631,1.,6.7155273212987));
#11030=CARTESIAN_POINT('Ctrl Pts',(34.1116650724272,1.,6.75345276561262));
#11031=CARTESIAN_POINT('Ctrl Pts',(34.1506440013055,1.,6.81666183946918));
#11032=CARTESIAN_POINT('Ctrl Pts',(34.1653927852053,1.,6.83667804619041));
#11033=CARTESIAN_POINT('',(34.1653927852053,1.001,6.83667804619041));
#11034=CARTESIAN_POINT('Ctrl Pts',(34.1653927852053,1.001,6.83667804619041));
#11035=CARTESIAN_POINT('Ctrl Pts',(34.1506440013055,1.001,6.81666183946918));
#11036=CARTESIAN_POINT('Ctrl Pts',(34.1116650724272,1.001,6.75345276561262));
#11037=CARTESIAN_POINT('Ctrl Pts',(34.0958628039631,1.001,6.7155273212987));
#11038=CARTESIAN_POINT('',(34.1653927852053,1.,6.83667804619041));
#11039=CARTESIAN_POINT('Origin',(34.1653927852053,1.,6.86933606768296));
#11040=CARTESIAN_POINT('',(34.1653927852053,1.,6.86933606768296));
#11041=CARTESIAN_POINT('',(34.1653927852053,1.,15.6846680338415));
#11042=CARTESIAN_POINT('',(34.1653927852053,1.001,6.86933606768296));
#11043=CARTESIAN_POINT('',(34.1653927852053,1.001,6.83667804619041));
#11044=CARTESIAN_POINT('',(34.1653927852053,1.,6.86933606768296));
#11045=CARTESIAN_POINT('Origin',(33.9125564897791,1.,6.86933606768296));
#11046=CARTESIAN_POINT('',(33.9125564897791,1.,6.86933606768296));
#11047=CARTESIAN_POINT('',(36.7062782448896,1.,6.86933606768296));
#11048=CARTESIAN_POINT('',(33.9125564897791,1.001,6.86933606768296));
#11049=CARTESIAN_POINT('',(34.1653927852053,1.001,6.86933606768296));
#11050=CARTESIAN_POINT('',(33.9125564897791,1.,6.86933606768296));
#11051=CARTESIAN_POINT('Ctrl Pts',(33.8598822615653,1.,6.7155273212987));
#11052=CARTESIAN_POINT('Ctrl Pts',(33.8598822615653,1.001,6.7155273212987));
#11053=CARTESIAN_POINT('Ctrl Pts',(33.8725240763366,1.,6.77030851864104));
#11054=CARTESIAN_POINT('Ctrl Pts',(33.8725240763366,1.001,6.77030851864104));
#11055=CARTESIAN_POINT('Ctrl Pts',(33.8978077058793,1.,6.83141062336903));
#11056=CARTESIAN_POINT('Ctrl Pts',(33.8978077058793,1.001,6.83141062336903));
#11057=CARTESIAN_POINT('Ctrl Pts',(33.9125564897791,1.,6.86933606768296));
#11058=CARTESIAN_POINT('Ctrl Pts',(33.9125564897791,1.001,6.86933606768296));
#11059=CARTESIAN_POINT('',(33.8598822615653,1.,6.7155273212987));
#11060=CARTESIAN_POINT('Ctrl Pts',(33.9125564897791,1.,6.86933606768296));
#11061=CARTESIAN_POINT('Ctrl Pts',(33.8978077058793,1.,6.83141062336903));
#11062=CARTESIAN_POINT('Ctrl Pts',(33.8725240763366,1.,6.77030851864104));
#11063=CARTESIAN_POINT('Ctrl Pts',(33.8598822615653,1.,6.7155273212987));
#11064=CARTESIAN_POINT('',(33.8598822615653,1.001,6.7155273212987));
#11065=CARTESIAN_POINT('Ctrl Pts',(33.8598822615653,1.001,6.7155273212987));
#11066=CARTESIAN_POINT('Ctrl Pts',(33.8725240763366,1.001,6.77030851864104));
#11067=CARTESIAN_POINT('Ctrl Pts',(33.8978077058793,1.001,6.83141062336903));
#11068=CARTESIAN_POINT('Ctrl Pts',(33.9125564897791,1.001,6.86933606768296));
#11069=CARTESIAN_POINT('',(33.8598822615653,1.,6.7155273212987));
#11070=CARTESIAN_POINT('Ctrl Pts',(33.8314381783299,1.,6.48481420172231));
#11071=CARTESIAN_POINT('Ctrl Pts',(33.8314381783299,1.001,6.48481420172231));
#11072=CARTESIAN_POINT('Ctrl Pts',(33.8314381783299,1.,6.56066509035016));
#11073=CARTESIAN_POINT('Ctrl Pts',(33.8314381783299,1.001,6.56066509035016));
#11074=CARTESIAN_POINT('Ctrl Pts',(33.8461869622298,1.,6.66601354677774));
#11075=CARTESIAN_POINT('Ctrl Pts',(33.8461869622298,1.001,6.66601354677774));
#11076=CARTESIAN_POINT('Ctrl Pts',(33.8598822615653,1.,6.7155273212987));
#11077=CARTESIAN_POINT('Ctrl Pts',(33.8598822615653,1.001,6.7155273212987));
#11078=CARTESIAN_POINT('',(33.8314381783299,1.,6.48481420172231));
#11079=CARTESIAN_POINT('Ctrl Pts',(33.8598822615653,1.,6.7155273212987));
#11080=CARTESIAN_POINT('Ctrl Pts',(33.8461869622298,1.,6.66601354677774));
#11081=CARTESIAN_POINT('Ctrl Pts',(33.8314381783299,1.,6.56066509035016));
#11082=CARTESIAN_POINT('Ctrl Pts',(33.8314381783299,1.,6.48481420172231));
#11083=CARTESIAN_POINT('',(33.8314381783299,1.001,6.48481420172231));
#11084=CARTESIAN_POINT('Ctrl Pts',(33.8314381783299,1.001,6.48481420172231));
#11085=CARTESIAN_POINT('Ctrl Pts',(33.8314381783299,1.001,6.56066509035016));
#11086=CARTESIAN_POINT('Ctrl Pts',(33.8461869622298,1.001,6.66601354677774));
#11087=CARTESIAN_POINT('Ctrl Pts',(33.8598822615653,1.001,6.7155273212987));
#11088=CARTESIAN_POINT('',(33.8314381783299,1.,6.48481420172231));
#11089=CARTESIAN_POINT('Ctrl Pts',(34.3423781920036,1.,5.91066511419202));
#11090=CARTESIAN_POINT('Ctrl Pts',(34.3423781920036,1.001,5.91066511419202));
#11091=CARTESIAN_POINT('Ctrl Pts',(34.0969162885274,1.,5.91066511419202));
#11092=CARTESIAN_POINT('Ctrl Pts',(34.0969162885274,1.001,5.91066511419202));
#11093=CARTESIAN_POINT('Ctrl Pts',(33.8314381783299,1.,6.20669427675351));
#11094=CARTESIAN_POINT('Ctrl Pts',(33.8314381783299,1.001,6.20669427675351));
#11095=CARTESIAN_POINT('Ctrl Pts',(33.8314381783299,1.,6.48481420172231));
#11096=CARTESIAN_POINT('Ctrl Pts',(33.8314381783299,1.001,6.48481420172231));
#11097=CARTESIAN_POINT('Ctrl Pts',(33.8314381783299,1.,6.48481420172231));
#11098=CARTESIAN_POINT('Ctrl Pts',(33.8314381783299,1.,6.20669427675351));
#11099=CARTESIAN_POINT('Ctrl Pts',(34.0969162885274,1.,5.91066511419202));
#11100=CARTESIAN_POINT('Ctrl Pts',(34.3423781920036,1.,5.91066511419202));
#11101=CARTESIAN_POINT('Ctrl Pts',(34.3423781920036,1.001,5.91066511419202));
#11102=CARTESIAN_POINT('Ctrl Pts',(34.0969162885274,1.001,5.91066511419202));
#11103=CARTESIAN_POINT('Ctrl Pts',(33.8314381783299,1.001,6.20669427675351));
#11104=CARTESIAN_POINT('Ctrl Pts',(33.8314381783299,1.001,6.48481420172231));
#11105=CARTESIAN_POINT('Origin',(34.2895370210541,1.001,6.46044753666132));
#11106=CARTESIAN_POINT('Origin',(33.9662842025572,1.,4.9035338707444));
#11107=CARTESIAN_POINT('',(33.8577752924368,1.,4.9035338707444));
#11108=CARTESIAN_POINT('',(33.9662842025572,1.,4.9035338707444));
#11109=CARTESIAN_POINT('',(36.7331421012786,1.,4.9035338707444));
#11110=CARTESIAN_POINT('',(33.8577752924368,1.001,4.9035338707444));
#11111=CARTESIAN_POINT('',(33.8577752924368,1.,4.9035338707444));
#11112=CARTESIAN_POINT('',(33.9662842025572,1.001,4.9035338707444));
#11113=CARTESIAN_POINT('',(33.8577752924368,1.001,4.9035338707444));
#11114=CARTESIAN_POINT('',(33.9662842025572,1.,4.9035338707444));
#11115=CARTESIAN_POINT('Ctrl Pts',(33.8303846937656,1.,4.60013031623298));
#11116=CARTESIAN_POINT('Ctrl Pts',(33.8303846937656,1.001,4.60013031623298));
#11117=CARTESIAN_POINT('Ctrl Pts',(33.8303846937656,1.,4.69178347332497));
#11118=CARTESIAN_POINT('Ctrl Pts',(33.8303846937656,1.001,4.69178347332497));
#11119=CARTESIAN_POINT('Ctrl Pts',(33.8999146750078,1.,4.82452252842372));
#11120=CARTESIAN_POINT('Ctrl Pts',(33.8999146750078,1.001,4.82452252842372));
#11121=CARTESIAN_POINT('Ctrl Pts',(33.9662842025572,1.,4.9035338707444));
#11122=CARTESIAN_POINT('Ctrl Pts',(33.9662842025572,1.001,4.9035338707444));
#11123=CARTESIAN_POINT('',(33.8303846937656,1.,4.60013031623298));
#11124=CARTESIAN_POINT('Ctrl Pts',(33.9662842025572,1.,4.9035338707444));
#11125=CARTESIAN_POINT('Ctrl Pts',(33.8999146750078,1.,4.82452252842372));
#11126=CARTESIAN_POINT('Ctrl Pts',(33.8303846937656,1.,4.69178347332497));
#11127=CARTESIAN_POINT('Ctrl Pts',(33.8303846937656,1.,4.60013031623298));
#11128=CARTESIAN_POINT('',(33.8303846937656,1.001,4.60013031623298));
#11129=CARTESIAN_POINT('Ctrl Pts',(33.8303846937656,1.001,4.60013031623298));
#11130=CARTESIAN_POINT('Ctrl Pts',(33.8303846937656,1.001,4.69178347332497));
#11131=CARTESIAN_POINT('Ctrl Pts',(33.8999146750078,1.001,4.82452252842372));
#11132=CARTESIAN_POINT('Ctrl Pts',(33.9662842025572,1.001,4.9035338707444));
#11133=CARTESIAN_POINT('',(33.8303846937656,1.,4.60013031623298));
#11134=CARTESIAN_POINT('Ctrl Pts',(34.2001577758264,1.,4.29145933890018));
#11135=CARTESIAN_POINT('Ctrl Pts',(34.2001577758264,1.001,4.29145933890018));
#11136=CARTESIAN_POINT('Ctrl Pts',(34.0147444925139,1.,4.29145933890018));
#11137=CARTESIAN_POINT('Ctrl Pts',(34.0147444925139,1.001,4.29145933890018));
#11138=CARTESIAN_POINT('Ctrl Pts',(33.8303846937656,1.,4.45474944636293));
#11139=CARTESIAN_POINT('Ctrl Pts',(33.8303846937656,1.001,4.45474944636293));
#11140=CARTESIAN_POINT('Ctrl Pts',(33.8303846937656,1.,4.60013031623298));
#11141=CARTESIAN_POINT('Ctrl Pts',(33.8303846937656,1.001,4.60013031623298));
#11142=CARTESIAN_POINT('',(34.2001577758264,1.,4.29145933890018));
#11143=CARTESIAN_POINT('Ctrl Pts',(33.8303846937656,1.,4.60013031623298));
#11144=CARTESIAN_POINT('Ctrl Pts',(33.8303846937656,1.,4.45474944636293));
#11145=CARTESIAN_POINT('Ctrl Pts',(34.0147444925139,1.,4.29145933890018));
#11146=CARTESIAN_POINT('Ctrl Pts',(34.2001577758264,1.,4.29145933890018));
#11147=CARTESIAN_POINT('',(34.2001577758264,1.001,4.29145933890018));
#11148=CARTESIAN_POINT('Ctrl Pts',(34.2001577758264,1.001,4.29145933890018));
#11149=CARTESIAN_POINT('Ctrl Pts',(34.0147444925139,1.001,4.29145933890018));
#11150=CARTESIAN_POINT('Ctrl Pts',(33.8303846937656,1.001,4.45474944636293));
#11151=CARTESIAN_POINT('Ctrl Pts',(33.8303846937656,1.001,4.60013031623298));
#11152=CARTESIAN_POINT('',(34.2001577758264,1.,4.29145933890018));
#11153=CARTESIAN_POINT('Origin',(34.8385694217775,1.,4.29145933890018));
#11154=CARTESIAN_POINT('',(34.8385694217775,1.,4.29145933890018));
#11155=CARTESIAN_POINT('',(37.1692847108888,1.,4.29145933890018));
#11156=CARTESIAN_POINT('',(34.8385694217775,1.001,4.29145933890018));
#11157=CARTESIAN_POINT('',(34.2001577758264,1.001,4.29145933890018));
#11158=CARTESIAN_POINT('',(34.8385694217775,1.,4.29145933890018));
#11159=CARTESIAN_POINT('Origin',(34.8385694217775,1.,4.5990768316687));
#11160=CARTESIAN_POINT('',(34.8385694217775,1.,4.5990768316687));
#11161=CARTESIAN_POINT('',(34.8385694217775,1.,14.5495384158344));
#11162=CARTESIAN_POINT('',(34.8385694217775,1.001,4.5990768316687));
#11163=CARTESIAN_POINT('',(34.8385694217775,1.001,4.29145933890018));
#11164=CARTESIAN_POINT('',(34.8385694217775,1.,4.5990768316687));
#11165=CARTESIAN_POINT('Origin',(34.3518595530821,1.,4.5990768316687));
#11166=CARTESIAN_POINT('',(34.3518595530821,1.,4.5990768316687));
#11167=CARTESIAN_POINT('',(36.9259297765411,1.,4.5990768316687));
#11168=CARTESIAN_POINT('',(34.3518595530821,1.001,4.5990768316687));
#11169=CARTESIAN_POINT('',(34.8385694217775,1.001,4.5990768316687));
#11170=CARTESIAN_POINT('',(34.3518595530821,1.,4.5990768316687));
#11171=CARTESIAN_POINT('Ctrl Pts',(34.1464300630483,1.,4.62120000751849));
#11172=CARTESIAN_POINT('Ctrl Pts',(34.1464300630483,1.001,4.62120000751849));
#11173=CARTESIAN_POINT('Ctrl Pts',(34.1790880845409,1.,4.60645122361863));
#11174=CARTESIAN_POINT('Ctrl Pts',(34.1790880845409,1.001,4.60645122361863));
#11175=CARTESIAN_POINT('Ctrl Pts',(34.2760086644543,1.,4.5990768316687));
#11176=CARTESIAN_POINT('Ctrl Pts',(34.2760086644543,1.001,4.5990768316687));
#11177=CARTESIAN_POINT('Ctrl Pts',(34.3518595530821,1.,4.5990768316687));
#11178=CARTESIAN_POINT('Ctrl Pts',(34.3518595530821,1.001,4.5990768316687));
#11179=CARTESIAN_POINT('',(34.1464300630483,1.,4.62120000751849));
#11180=CARTESIAN_POINT('Ctrl Pts',(34.3518595530821,1.,4.5990768316687));
#11181=CARTESIAN_POINT('Ctrl Pts',(34.2760086644543,1.,4.5990768316687));
#11182=CARTESIAN_POINT('Ctrl Pts',(34.1790880845409,1.,4.60645122361863));
#11183=CARTESIAN_POINT('Ctrl Pts',(34.1464300630483,1.,4.62120000751849));
#11184=CARTESIAN_POINT('',(34.1464300630483,1.001,4.62120000751849));
#11185=CARTESIAN_POINT('Ctrl Pts',(34.1464300630483,1.001,4.62120000751849));
#11186=CARTESIAN_POINT('Ctrl Pts',(34.1790880845409,1.001,4.60645122361863));
#11187=CARTESIAN_POINT('Ctrl Pts',(34.2760086644543,1.001,4.5990768316687));
#11188=CARTESIAN_POINT('Ctrl Pts',(34.3518595530821,1.001,4.5990768316687));
#11189=CARTESIAN_POINT('',(34.1464300630483,1.,4.62120000751849));
#11190=CARTESIAN_POINT('Ctrl Pts',(34.0842744737561,1.,4.74656467066731));
#11191=CARTESIAN_POINT('Ctrl Pts',(34.0842744737561,1.001,4.74656467066731));
#11192=CARTESIAN_POINT('Ctrl Pts',(34.0842744737561,1.,4.69389044245352));
#11193=CARTESIAN_POINT('Ctrl Pts',(34.0842744737561,1.001,4.69389044245352));
#11194=CARTESIAN_POINT('Ctrl Pts',(34.1158790106844,1.,4.63594879141835));
#11195=CARTESIAN_POINT('Ctrl Pts',(34.1158790106844,1.001,4.63594879141835));
#11196=CARTESIAN_POINT('Ctrl Pts',(34.1464300630483,1.,4.62120000751849));
#11197=CARTESIAN_POINT('Ctrl Pts',(34.1464300630483,1.001,4.62120000751849));
#11198=CARTESIAN_POINT('',(34.0842744737561,1.,4.74656467066731));
#11199=CARTESIAN_POINT('Ctrl Pts',(34.1464300630483,1.,4.62120000751849));
#11200=CARTESIAN_POINT('Ctrl Pts',(34.1158790106844,1.,4.63594879141835));
#11201=CARTESIAN_POINT('Ctrl Pts',(34.0842744737561,1.,4.69389044245352));
#11202=CARTESIAN_POINT('Ctrl Pts',(34.0842744737561,1.,4.74656467066731));
#11203=CARTESIAN_POINT('',(34.0842744737561,1.001,4.74656467066731));
#11204=CARTESIAN_POINT('Ctrl Pts',(34.0842744737561,1.001,4.74656467066731));
#11205=CARTESIAN_POINT('Ctrl Pts',(34.0842744737561,1.001,4.69389044245352));
#11206=CARTESIAN_POINT('Ctrl Pts',(34.1158790106844,1.001,4.63594879141835));
#11207=CARTESIAN_POINT('Ctrl Pts',(34.1464300630483,1.001,4.62120000751849));
#11208=CARTESIAN_POINT('',(34.0842744737561,1.,4.74656467066731));
#11209=CARTESIAN_POINT('Ctrl Pts',(34.1432696093555,1.,4.9035338707444));
#11210=CARTESIAN_POINT('Ctrl Pts',(34.1432696093555,1.001,4.9035338707444));
#11211=CARTESIAN_POINT('Ctrl Pts',(34.1158790106844,1.,4.86666191099475));
#11212=CARTESIAN_POINT('Ctrl Pts',(34.1158790106844,1.001,4.86666191099475));
#11213=CARTESIAN_POINT('Ctrl Pts',(34.0842744737561,1.,4.77816920759558));
#11214=CARTESIAN_POINT('Ctrl Pts',(34.0842744737561,1.001,4.77816920759558));
#11215=CARTESIAN_POINT('Ctrl Pts',(34.0842744737561,1.,4.74656467066731));
#11216=CARTESIAN_POINT('Ctrl Pts',(34.0842744737561,1.001,4.74656467066731));
#11217=CARTESIAN_POINT('',(34.1432696093555,1.,4.9035338707444));
#11218=CARTESIAN_POINT('Ctrl Pts',(34.0842744737561,1.,4.74656467066731));
#11219=CARTESIAN_POINT('Ctrl Pts',(34.0842744737561,1.,4.77816920759558));
#11220=CARTESIAN_POINT('Ctrl Pts',(34.1158790106844,1.,4.86666191099475));
#11221=CARTESIAN_POINT('Ctrl Pts',(34.1432696093555,1.,4.9035338707444));
#11222=CARTESIAN_POINT('',(34.1432696093555,1.001,4.9035338707444));
#11223=CARTESIAN_POINT('Ctrl Pts',(34.1432696093555,1.001,4.9035338707444));
#11224=CARTESIAN_POINT('Ctrl Pts',(34.1158790106844,1.001,4.86666191099475));
#11225=CARTESIAN_POINT('Ctrl Pts',(34.0842744737561,1.001,4.77816920759558));
#11226=CARTESIAN_POINT('Ctrl Pts',(34.0842744737561,1.001,4.74656467066731));
#11227=CARTESIAN_POINT('',(34.1432696093555,1.,4.9035338707444));
#11228=CARTESIAN_POINT('Origin',(34.8385694217775,1.,4.9035338707444));
#11229=CARTESIAN_POINT('',(34.8385694217775,1.,4.9035338707444));
#11230=CARTESIAN_POINT('',(37.1692847108888,1.,4.9035338707444));
#11231=CARTESIAN_POINT('',(34.8385694217775,1.001,4.9035338707444));
#11232=CARTESIAN_POINT('',(34.1432696093555,1.001,4.9035338707444));
#11233=CARTESIAN_POINT('',(34.8385694217775,1.,4.9035338707444));
#11234=CARTESIAN_POINT('Origin',(34.8385694217775,1.,5.20904439438437));
#11235=CARTESIAN_POINT('',(34.8385694217775,1.,5.20904439438437));
#11236=CARTESIAN_POINT('',(34.8385694217775,1.,14.8545221971922));
#11237=CARTESIAN_POINT('',(34.8385694217775,1.001,5.20904439438437));
#11238=CARTESIAN_POINT('',(34.8385694217775,1.001,4.9035338707444));
#11239=CARTESIAN_POINT('',(34.8385694217775,1.,5.20904439438437));
#11240=CARTESIAN_POINT('Origin',(33.8577752924368,1.,5.20904439438437));
#11241=CARTESIAN_POINT('',(33.8577752924368,1.,5.20904439438437));
#11242=CARTESIAN_POINT('',(36.6788876462184,1.,5.20904439438437));
#11243=CARTESIAN_POINT('',(33.8577752924368,1.001,5.20904439438437));
#11244=CARTESIAN_POINT('',(34.8385694217775,1.001,5.20904439438437));
#11245=CARTESIAN_POINT('',(33.8577752924368,1.,5.20904439438437));
#11246=CARTESIAN_POINT('Origin',(33.8577752924368,1.,4.9035338707444));
#11247=CARTESIAN_POINT('',(33.8577752924368,1.,14.7017669353722));
#11248=CARTESIAN_POINT('',(33.8577752924368,1.001,5.20904439438437));
#11249=CARTESIAN_POINT('Origin',(34.3647374857077,1.001,4.77755203471718));
#11250=CARTESIAN_POINT('Ctrl Pts',(34.0684722052919,1.,3.60353391842811));
#11251=CARTESIAN_POINT('Ctrl Pts',(34.0684722052919,1.001,3.60353391842811));
#11252=CARTESIAN_POINT('Ctrl Pts',(34.0684722052919,1.,3.64356633187059));
#11253=CARTESIAN_POINT('Ctrl Pts',(34.0684722052919,1.001,3.64356633187059));
#11254=CARTESIAN_POINT('Ctrl Pts',(34.1000767422202,1.,3.7257381278841));
#11255=CARTESIAN_POINT('Ctrl Pts',(34.1000767422202,1.001,3.7257381278841));
#11256=CARTESIAN_POINT('Ctrl Pts',(34.1274673408914,1.,3.75944963394093));
#11257=CARTESIAN_POINT('Ctrl Pts',(34.1274673408914,1.001,3.75944963394093));
#11258=CARTESIAN_POINT('',(34.0684722052919,1.,3.60353391842811));
#11259=CARTESIAN_POINT('',(34.1274673408914,1.,3.75944963394093));
#11260=CARTESIAN_POINT('Ctrl Pts',(34.0684722052919,1.,3.60353391842811));
#11261=CARTESIAN_POINT('Ctrl Pts',(34.0684722052919,1.,3.64356633187059));
#11262=CARTESIAN_POINT('Ctrl Pts',(34.1000767422202,1.,3.7257381278841));
#11263=CARTESIAN_POINT('Ctrl Pts',(34.1274673408914,1.,3.75944963394093));
#11264=CARTESIAN_POINT('',(34.0684722052919,1.001,3.60353391842811));
#11265=CARTESIAN_POINT('',(34.0684722052919,1.,3.60353391842811));
#11266=CARTESIAN_POINT('',(34.1274673408914,1.001,3.75944963394093));
#11267=CARTESIAN_POINT('Ctrl Pts',(34.1274673408914,1.001,3.75944963394093));
#11268=CARTESIAN_POINT('Ctrl Pts',(34.1000767422202,1.001,3.7257381278841));
#11269=CARTESIAN_POINT('Ctrl Pts',(34.0684722052919,1.001,3.64356633187059));
#11270=CARTESIAN_POINT('Ctrl Pts',(34.0684722052919,1.001,3.60353391842811));
#11271=CARTESIAN_POINT('',(34.1274673408914,1.,3.75944963394093));
#11272=CARTESIAN_POINT('Ctrl Pts',(34.3434316765679,1.,3.41706715055131));
#11273=CARTESIAN_POINT('Ctrl Pts',(34.3434316765679,1.001,3.41706715055131));
#11274=CARTESIAN_POINT('Ctrl Pts',(34.1980508066979,1.,3.41706715055131));
#11275=CARTESIAN_POINT('Ctrl Pts',(34.1980508066979,1.001,3.41706715055131));
#11276=CARTESIAN_POINT('Ctrl Pts',(34.0684722052919,1.,3.50555985395047));
#11277=CARTESIAN_POINT('Ctrl Pts',(34.0684722052919,1.001,3.50555985395047));
#11278=CARTESIAN_POINT('Ctrl Pts',(34.0684722052919,1.,3.60353391842811));
#11279=CARTESIAN_POINT('Ctrl Pts',(34.0684722052919,1.001,3.60353391842811));
#11280=CARTESIAN_POINT('',(34.3434316765679,1.,3.41706715055131));
#11281=CARTESIAN_POINT('Ctrl Pts',(34.3434316765679,1.,3.41706715055131));
#11282=CARTESIAN_POINT('Ctrl Pts',(34.1980508066979,1.,3.41706715055131));
#11283=CARTESIAN_POINT('Ctrl Pts',(34.0684722052919,1.,3.50555985395047));
#11284=CARTESIAN_POINT('Ctrl Pts',(34.0684722052919,1.,3.60353391842811));
#11285=CARTESIAN_POINT('',(34.3434316765679,1.001,3.41706715055131));
#11286=CARTESIAN_POINT('',(34.3434316765679,1.,3.41706715055131));
#11287=CARTESIAN_POINT('Ctrl Pts',(34.0684722052919,1.001,3.60353391842811));
#11288=CARTESIAN_POINT('Ctrl Pts',(34.0684722052919,1.001,3.50555985395047));
#11289=CARTESIAN_POINT('Ctrl Pts',(34.1980508066979,1.001,3.41706715055131));
#11290=CARTESIAN_POINT('Ctrl Pts',(34.3434316765679,1.001,3.41706715055131));
#11291=CARTESIAN_POINT('Ctrl Pts',(34.6352469008723,1.,3.63724542448494));
#11292=CARTESIAN_POINT('Ctrl Pts',(34.6352469008723,1.001,3.63724542448494));
#11293=CARTESIAN_POINT('Ctrl Pts',(34.6352469008723,1.,3.52768302980026));
#11294=CARTESIAN_POINT('Ctrl Pts',(34.6352469008723,1.001,3.52768302980026));
#11295=CARTESIAN_POINT('Ctrl Pts',(34.481438154488,1.,3.41706715055131));
#11296=CARTESIAN_POINT('Ctrl Pts',(34.481438154488,1.001,3.41706715055131));
#11297=CARTESIAN_POINT('Ctrl Pts',(34.3434316765679,1.,3.41706715055131));
#11298=CARTESIAN_POINT('Ctrl Pts',(34.3434316765679,1.001,3.41706715055131));
#11299=CARTESIAN_POINT('',(34.6352469008723,1.,3.63724542448494));
#11300=CARTESIAN_POINT('Ctrl Pts',(34.6352469008723,1.,3.63724542448494));
#11301=CARTESIAN_POINT('Ctrl Pts',(34.6352469008723,1.,3.52768302980026));
#11302=CARTESIAN_POINT('Ctrl Pts',(34.481438154488,1.,3.41706715055131));
#11303=CARTESIAN_POINT('Ctrl Pts',(34.3434316765679,1.,3.41706715055131));
#11304=CARTESIAN_POINT('',(34.6352469008723,1.001,3.63724542448494));
#11305=CARTESIAN_POINT('',(34.6352469008723,1.,3.63724542448494));
#11306=CARTESIAN_POINT('Ctrl Pts',(34.3434316765679,1.001,3.41706715055131));
#11307=CARTESIAN_POINT('Ctrl Pts',(34.481438154488,1.001,3.41706715055131));
#11308=CARTESIAN_POINT('Ctrl Pts',(34.6352469008723,1.001,3.52768302980026));
#11309=CARTESIAN_POINT('Ctrl Pts',(34.6352469008723,1.001,3.63724542448494));
#11310=CARTESIAN_POINT('Ctrl Pts',(34.6089097867654,1.,3.75944963394093));
#11311=CARTESIAN_POINT('Ctrl Pts',(34.6089097867654,1.001,3.75944963394093));
#11312=CARTESIAN_POINT('Ctrl Pts',(34.6204981169724,1.,3.73732645809114));
#11313=CARTESIAN_POINT('Ctrl Pts',(34.6204981169724,1.001,3.73732645809114));
#11314=CARTESIAN_POINT('Ctrl Pts',(34.6352469008723,1.,3.66358253859183));
#11315=CARTESIAN_POINT('Ctrl Pts',(34.6352469008723,1.001,3.66358253859183));
#11316=CARTESIAN_POINT('Ctrl Pts',(34.6352469008723,1.,3.63724542448494));
#11317=CARTESIAN_POINT('Ctrl Pts',(34.6352469008723,1.001,3.63724542448494));
#11318=CARTESIAN_POINT('',(34.6089097867654,1.,3.75944963394093));
#11319=CARTESIAN_POINT('Ctrl Pts',(34.6089097867654,1.,3.75944963394093));
#11320=CARTESIAN_POINT('Ctrl Pts',(34.6204981169724,1.,3.73732645809114));
#11321=CARTESIAN_POINT('Ctrl Pts',(34.6352469008723,1.,3.66358253859183));
#11322=CARTESIAN_POINT('Ctrl Pts',(34.6352469008723,1.,3.63724542448494));
#11323=CARTESIAN_POINT('',(34.6089097867654,1.001,3.75944963394093));
#11324=CARTESIAN_POINT('',(34.6089097867654,1.,3.75944963394093));
#11325=CARTESIAN_POINT('Ctrl Pts',(34.6352469008723,1.001,3.63724542448494));
#11326=CARTESIAN_POINT('Ctrl Pts',(34.6352469008723,1.001,3.66358253859183));
#11327=CARTESIAN_POINT('Ctrl Pts',(34.6204981169724,1.001,3.73732645809114));
#11328=CARTESIAN_POINT('Ctrl Pts',(34.6089097867654,1.001,3.75944963394093));
#11329=CARTESIAN_POINT('Origin',(34.1274673408914,1.,3.75944963394093));
#11330=CARTESIAN_POINT('',(36.8137336704457,1.,3.75944963394093));
#11331=CARTESIAN_POINT('',(34.3110831647063,1.001,3.75944963394093));
#11332=CARTESIAN_POINT('Origin',(33.9599632951715,1.,3.75944963394093));
#11333=CARTESIAN_POINT('',(33.8577752924368,1.,3.75944963394093));
#11334=CARTESIAN_POINT('',(33.9599632951715,1.,3.75944963394093));
#11335=CARTESIAN_POINT('',(36.7299816475858,1.,3.75944963394093));
#11336=CARTESIAN_POINT('',(33.8577752924368,1.001,3.75944963394093));
#11337=CARTESIAN_POINT('',(33.8577752924368,1.,3.75944963394093));
#11338=CARTESIAN_POINT('',(33.9599632951715,1.001,3.75944963394093));
#11339=CARTESIAN_POINT('',(33.8577752924368,1.001,3.75944963394093));
#11340=CARTESIAN_POINT('',(33.9599632951715,1.,3.75944963394093));
#11341=CARTESIAN_POINT('Ctrl Pts',(33.8651496843867,1.,3.62460360971363));
#11342=CARTESIAN_POINT('Ctrl Pts',(33.8651496843867,1.001,3.62460360971363));
#11343=CARTESIAN_POINT('Ctrl Pts',(33.8798984682866,1.,3.65410117751335));
#11344=CARTESIAN_POINT('Ctrl Pts',(33.8798984682866,1.001,3.65410117751335));
#11345=CARTESIAN_POINT('Ctrl Pts',(33.9357331501932,1.,3.7299520661412));
#11346=CARTESIAN_POINT('Ctrl Pts',(33.9357331501932,1.001,3.7299520661412));
#11347=CARTESIAN_POINT('Ctrl Pts',(33.9599632951715,1.,3.75944963394093));
#11348=CARTESIAN_POINT('Ctrl Pts',(33.9599632951715,1.001,3.75944963394093));
#11349=CARTESIAN_POINT('',(33.8651496843867,1.,3.62460360971363));
#11350=CARTESIAN_POINT('Ctrl Pts',(33.9599632951715,1.,3.75944963394093));
#11351=CARTESIAN_POINT('Ctrl Pts',(33.9357331501932,1.,3.7299520661412));
#11352=CARTESIAN_POINT('Ctrl Pts',(33.8798984682866,1.,3.65410117751335));
#11353=CARTESIAN_POINT('Ctrl Pts',(33.8651496843867,1.,3.62460360971363));
#11354=CARTESIAN_POINT('',(33.8651496843867,1.001,3.62460360971363));
#11355=CARTESIAN_POINT('Ctrl Pts',(33.8651496843867,1.001,3.62460360971363));
#11356=CARTESIAN_POINT('Ctrl Pts',(33.8798984682866,1.001,3.65410117751335));
#11357=CARTESIAN_POINT('Ctrl Pts',(33.9357331501932,1.001,3.7299520661412));
#11358=CARTESIAN_POINT('Ctrl Pts',(33.9599632951715,1.001,3.75944963394093));
#11359=CARTESIAN_POINT('',(33.8651496843867,1.,3.62460360971363));
#11360=CARTESIAN_POINT('Ctrl Pts',(33.8303846937656,1.,3.46763440963654));
#11361=CARTESIAN_POINT('Ctrl Pts',(33.8303846937656,1.001,3.46763440963654));
#11362=CARTESIAN_POINT('Ctrl Pts',(33.8303846937656,1.,3.5171481841575));
#11363=CARTESIAN_POINT('Ctrl Pts',(33.8303846937656,1.001,3.5171481841575));
#11364=CARTESIAN_POINT('Ctrl Pts',(33.8482939313583,1.,3.58878513452825));
#11365=CARTESIAN_POINT('Ctrl Pts',(33.8482939313583,1.001,3.58878513452825));
#11366=CARTESIAN_POINT('Ctrl Pts',(33.8651496843867,1.,3.62460360971363));
#11367=CARTESIAN_POINT('Ctrl Pts',(33.8651496843867,1.001,3.62460360971363));
#11368=CARTESIAN_POINT('',(33.8303846937656,1.,3.46763440963654));
#11369=CARTESIAN_POINT('Ctrl Pts',(33.8651496843867,1.,3.62460360971363));
#11370=CARTESIAN_POINT('Ctrl Pts',(33.8482939313583,1.,3.58878513452825));
#11371=CARTESIAN_POINT('Ctrl Pts',(33.8303846937656,1.,3.5171481841575));
#11372=CARTESIAN_POINT('Ctrl Pts',(33.8303846937656,1.,3.46763440963654));
#11373=CARTESIAN_POINT('',(33.8303846937656,1.001,3.46763440963654));
#11374=CARTESIAN_POINT('Ctrl Pts',(33.8303846937656,1.001,3.46763440963654));
#11375=CARTESIAN_POINT('Ctrl Pts',(33.8303846937656,1.001,3.5171481841575));
#11376=CARTESIAN_POINT('Ctrl Pts',(33.8482939313583,1.001,3.58878513452825));
#11377=CARTESIAN_POINT('Ctrl Pts',(33.8651496843867,1.001,3.62460360971363));
#11378=CARTESIAN_POINT('',(33.8303846937656,1.,3.46763440963654));
#11379=CARTESIAN_POINT('Ctrl Pts',(34.3402712228751,1.,3.10418223496141));
#11380=CARTESIAN_POINT('Ctrl Pts',(34.3402712228751,1.001,3.10418223496141));
#11381=CARTESIAN_POINT('Ctrl Pts',(34.1085046187344,1.,3.10418223496141));
#11382=CARTESIAN_POINT('Ctrl Pts',(34.1085046187344,1.001,3.10418223496141));
#11383=CARTESIAN_POINT('Ctrl Pts',(33.8303846937656,1.,3.3001303639167));
#11384=CARTESIAN_POINT('Ctrl Pts',(33.8303846937656,1.001,3.3001303639167));
#11385=CARTESIAN_POINT('Ctrl Pts',(33.8303846937656,1.,3.46763440963654));
#11386=CARTESIAN_POINT('Ctrl Pts',(33.8303846937656,1.001,3.46763440963654));
#11387=CARTESIAN_POINT('',(34.3402712228751,1.,3.10418223496141));
#11388=CARTESIAN_POINT('Ctrl Pts',(33.8303846937656,1.,3.46763440963654));
#11389=CARTESIAN_POINT('Ctrl Pts',(33.8303846937656,1.,3.3001303639167));
#11390=CARTESIAN_POINT('Ctrl Pts',(34.1085046187344,1.,3.10418223496141));
#11391=CARTESIAN_POINT('Ctrl Pts',(34.3402712228751,1.,3.10418223496141));
#11392=CARTESIAN_POINT('',(34.3402712228751,1.001,3.10418223496141));
#11393=CARTESIAN_POINT('Ctrl Pts',(34.3402712228751,1.001,3.10418223496141));
#11394=CARTESIAN_POINT('Ctrl Pts',(34.1085046187344,1.001,3.10418223496141));
#11395=CARTESIAN_POINT('Ctrl Pts',(33.8303846937656,1.001,3.3001303639167));
#11396=CARTESIAN_POINT('Ctrl Pts',(33.8303846937656,1.001,3.46763440963654));
#11397=CARTESIAN_POINT('',(34.3402712228751,1.,3.10418223496141));
#11398=CARTESIAN_POINT('Ctrl Pts',(34.7269000579643,1.,3.22849341354595));
#11399=CARTESIAN_POINT('Ctrl Pts',(34.7269000579643,1.001,3.22849341354595));
#11400=CARTESIAN_POINT('Ctrl Pts',(34.6573700767221,1.,3.17055176251078));
#11401=CARTESIAN_POINT('Ctrl Pts',(34.6573700767221,1.001,3.17055176251078));
#11402=CARTESIAN_POINT('Ctrl Pts',(34.4687963397167,1.,3.10418223496141));
#11403=CARTESIAN_POINT('Ctrl Pts',(34.4687963397167,1.001,3.10418223496141));
#11404=CARTESIAN_POINT('Ctrl Pts',(34.3402712228751,1.,3.10418223496141));
#11405=CARTESIAN_POINT('Ctrl Pts',(34.3402712228751,1.001,3.10418223496141));
#11406=CARTESIAN_POINT('',(34.7269000579643,1.,3.22849341354595));
#11407=CARTESIAN_POINT('Ctrl Pts',(34.3402712228751,1.,3.10418223496141));
#11408=CARTESIAN_POINT('Ctrl Pts',(34.4687963397167,1.,3.10418223496141));
#11409=CARTESIAN_POINT('Ctrl Pts',(34.6573700767221,1.,3.17055176251078));
#11410=CARTESIAN_POINT('Ctrl Pts',(34.7269000579643,1.,3.22849341354595));
#11411=CARTESIAN_POINT('',(34.7269000579643,1.001,3.22849341354595));
#11412=CARTESIAN_POINT('Ctrl Pts',(34.7269000579643,1.001,3.22849341354595));
#11413=CARTESIAN_POINT('Ctrl Pts',(34.6573700767221,1.001,3.17055176251078));
#11414=CARTESIAN_POINT('Ctrl Pts',(34.4687963397167,1.001,3.10418223496141));
#11415=CARTESIAN_POINT('Ctrl Pts',(34.3402712228751,1.001,3.10418223496141));
#11416=CARTESIAN_POINT('',(34.7269000579643,1.,3.22849341354595));
#11417=CARTESIAN_POINT('Ctrl Pts',(34.8649065358844,1.,3.51820166872178));
#11418=CARTESIAN_POINT('Ctrl Pts',(34.8649065358844,1.001,3.51820166872178));
#11419=CARTESIAN_POINT('Ctrl Pts',(34.8649065358844,1.,3.43392290357972));
#11420=CARTESIAN_POINT('Ctrl Pts',(34.8649065358844,1.001,3.43392290357972));
#11421=CARTESIAN_POINT('Ctrl Pts',(34.7911626163851,1.,3.28222112632401));
#11422=CARTESIAN_POINT('Ctrl Pts',(34.7911626163851,1.001,3.28222112632401));
#11423=CARTESIAN_POINT('Ctrl Pts',(34.7269000579643,1.,3.22849341354595));
#11424=CARTESIAN_POINT('Ctrl Pts',(34.7269000579643,1.001,3.22849341354595));
#11425=CARTESIAN_POINT('',(34.8649065358844,1.,3.51820166872178));
#11426=CARTESIAN_POINT('Ctrl Pts',(34.7269000579643,1.,3.22849341354595));
#11427=CARTESIAN_POINT('Ctrl Pts',(34.7911626163851,1.,3.28222112632401));
#11428=CARTESIAN_POINT('Ctrl Pts',(34.8649065358844,1.,3.43392290357972));
#11429=CARTESIAN_POINT('Ctrl Pts',(34.8649065358844,1.,3.51820166872178));
#11430=CARTESIAN_POINT('',(34.8649065358844,1.001,3.51820166872178));
#11431=CARTESIAN_POINT('Ctrl Pts',(34.8649065358844,1.001,3.51820166872178));
#11432=CARTESIAN_POINT('Ctrl Pts',(34.8649065358844,1.001,3.43392290357972));
#11433=CARTESIAN_POINT('Ctrl Pts',(34.7911626163851,1.001,3.28222112632401));
#11434=CARTESIAN_POINT('Ctrl Pts',(34.7269000579643,1.001,3.22849341354595));
#11435=CARTESIAN_POINT('',(34.8649065358844,1.,3.51820166872178));
#11436=CARTESIAN_POINT('Ctrl Pts',(34.798537008335,1.,3.75944963394093));
#11437=CARTESIAN_POINT('Ctrl Pts',(34.798537008335,1.001,3.75944963394093));
#11438=CARTESIAN_POINT('Ctrl Pts',(34.8322485143919,1.,3.69413359095583));
#11439=CARTESIAN_POINT('Ctrl Pts',(34.8322485143919,1.001,3.69413359095583));
#11440=CARTESIAN_POINT('Ctrl Pts',(34.8649065358844,1.,3.59510604191391));
#11441=CARTESIAN_POINT('Ctrl Pts',(34.8649065358844,1.001,3.59510604191391));
#11442=CARTESIAN_POINT('Ctrl Pts',(34.8649065358844,1.,3.51820166872178));
#11443=CARTESIAN_POINT('Ctrl Pts',(34.8649065358844,1.001,3.51820166872178));
#11444=CARTESIAN_POINT('',(34.798537008335,1.,3.75944963394093));
#11445=CARTESIAN_POINT('Ctrl Pts',(34.8649065358844,1.,3.51820166872178));
#11446=CARTESIAN_POINT('Ctrl Pts',(34.8649065358844,1.,3.59510604191391));
#11447=CARTESIAN_POINT('Ctrl Pts',(34.8322485143919,1.,3.69413359095583));
#11448=CARTESIAN_POINT('Ctrl Pts',(34.798537008335,1.,3.75944963394093));
#11449=CARTESIAN_POINT('',(34.798537008335,1.001,3.75944963394093));
#11450=CARTESIAN_POINT('Ctrl Pts',(34.798537008335,1.001,3.75944963394093));
#11451=CARTESIAN_POINT('Ctrl Pts',(34.8322485143919,1.001,3.69413359095583));
#11452=CARTESIAN_POINT('Ctrl Pts',(34.8649065358844,1.001,3.59510604191391));
#11453=CARTESIAN_POINT('Ctrl Pts',(34.8649065358844,1.001,3.51820166872178));
#11454=CARTESIAN_POINT('',(34.798537008335,1.,3.75944963394093));
#11455=CARTESIAN_POINT('Origin',(35.2157168957882,1.,3.75944963394093));
#11456=CARTESIAN_POINT('',(35.2157168957882,1.,3.75944963394093));
#11457=CARTESIAN_POINT('',(37.3578584478941,1.,3.75944963394093));
#11458=CARTESIAN_POINT('',(35.2157168957882,1.001,3.75944963394093));
#11459=CARTESIAN_POINT('',(34.798537008335,1.001,3.75944963394093));
#11460=CARTESIAN_POINT('',(35.2157168957882,1.,3.75944963394093));
#11461=CARTESIAN_POINT('Origin',(35.2157168957882,1.,4.0649601575809));
#11462=CARTESIAN_POINT('',(35.2157168957882,1.,4.0649601575809));
#11463=CARTESIAN_POINT('',(35.2157168957882,1.,14.2824800787905));
#11464=CARTESIAN_POINT('',(35.2157168957882,1.001,4.0649601575809));
#11465=CARTESIAN_POINT('',(35.2157168957882,1.001,3.75944963394093));
#11466=CARTESIAN_POINT('',(35.2157168957882,1.,4.0649601575809));
#11467=CARTESIAN_POINT('Origin',(33.8577752924368,1.,4.0649601575809));
#11468=CARTESIAN_POINT('',(33.8577752924368,1.,4.0649601575809));
#11469=CARTESIAN_POINT('',(36.6788876462184,1.,4.0649601575809));
#11470=CARTESIAN_POINT('',(33.8577752924368,1.001,4.0649601575809));
#11471=CARTESIAN_POINT('',(35.2157168957882,1.001,4.0649601575809));
#11472=CARTESIAN_POINT('',(33.8577752924368,1.,4.0649601575809));
#11473=CARTESIAN_POINT('Origin',(33.8577752924368,1.,3.75944963394093));
#11474=CARTESIAN_POINT('',(33.8577752924368,1.,14.1297248169705));
#11475=CARTESIAN_POINT('',(33.8577752924368,1.001,4.0649601575809));
#11476=CARTESIAN_POINT('Origin',(34.4946989885212,1.001,3.72871003655299));
#11477=CARTESIAN_POINT('Ctrl Pts',(34.1095581032987,1.,2.6438094803729));
#11478=CARTESIAN_POINT('Ctrl Pts',(34.1095581032987,1.001,2.6438094803729));
#11479=CARTESIAN_POINT('Ctrl Pts',(34.1464300630483,1.,2.67014659447979));
#11480=CARTESIAN_POINT('Ctrl Pts',(34.1464300630483,1.001,2.67014659447979));
#11481=CARTESIAN_POINT('Ctrl Pts',(34.2528320040402,1.,2.69859067771524));
#11482=CARTESIAN_POINT('Ctrl Pts',(34.2528320040402,1.001,2.69859067771524));
#11483=CARTESIAN_POINT('Ctrl Pts',(34.3455386456965,1.,2.69859067771524));
#11484=CARTESIAN_POINT('Ctrl Pts',(34.3455386456965,1.001,2.69859067771524));
#11485=CARTESIAN_POINT('',(34.1095581032987,1.,2.6438094803729));
#11486=CARTESIAN_POINT('',(34.3455386456965,1.,2.69859067771524));
#11487=CARTESIAN_POINT('Ctrl Pts',(34.1095581032987,1.,2.6438094803729));
#11488=CARTESIAN_POINT('Ctrl Pts',(34.1464300630483,1.,2.67014659447979));
#11489=CARTESIAN_POINT('Ctrl Pts',(34.2528320040402,1.,2.69859067771524));
#11490=CARTESIAN_POINT('Ctrl Pts',(34.3455386456965,1.,2.69859067771524));
#11491=CARTESIAN_POINT('',(34.1095581032987,1.001,2.6438094803729));
#11492=CARTESIAN_POINT('',(34.1095581032987,1.,2.6438094803729));
#11493=CARTESIAN_POINT('',(34.3455386456965,1.001,2.69859067771524));
#11494=CARTESIAN_POINT('Ctrl Pts',(34.3455386456965,1.001,2.69859067771524));
#11495=CARTESIAN_POINT('Ctrl Pts',(34.2528320040402,1.001,2.69859067771524));
#11496=CARTESIAN_POINT('Ctrl Pts',(34.1464300630483,1.001,2.67014659447979));
#11497=CARTESIAN_POINT('Ctrl Pts',(34.1095581032987,1.001,2.6438094803729));
#11498=CARTESIAN_POINT('',(34.3455386456965,1.,2.69859067771524));
#11499=CARTESIAN_POINT('Ctrl Pts',(34.0463490294422,1.,2.50790997158132));
#11500=CARTESIAN_POINT('Ctrl Pts',(34.0463490294422,1.001,2.50790997158132));
#11501=CARTESIAN_POINT('Ctrl Pts',(34.0463490294422,1.,2.54478193133098));
#11502=CARTESIAN_POINT('Ctrl Pts',(34.0463490294422,1.001,2.54478193133098));
#11503=CARTESIAN_POINT('Ctrl Pts',(34.0779535663704,1.,2.62063281995883));
#11504=CARTESIAN_POINT('Ctrl Pts',(34.0779535663704,1.001,2.62063281995883));
#11505=CARTESIAN_POINT('Ctrl Pts',(34.1095581032987,1.,2.6438094803729));
#11506=CARTESIAN_POINT('Ctrl Pts',(34.1095581032987,1.001,2.6438094803729));
#11507=CARTESIAN_POINT('',(34.0463490294422,1.,2.50790997158132));
#11508=CARTESIAN_POINT('Ctrl Pts',(34.0463490294422,1.,2.50790997158132));
#11509=CARTESIAN_POINT('Ctrl Pts',(34.0463490294422,1.,2.54478193133098));
#11510=CARTESIAN_POINT('Ctrl Pts',(34.0779535663704,1.,2.62063281995883));
#11511=CARTESIAN_POINT('Ctrl Pts',(34.1095581032987,1.,2.6438094803729));
#11512=CARTESIAN_POINT('',(34.0463490294422,1.001,2.50790997158132));
#11513=CARTESIAN_POINT('',(34.0463490294422,1.,2.50790997158132));
#11514=CARTESIAN_POINT('Ctrl Pts',(34.1095581032987,1.001,2.6438094803729));
#11515=CARTESIAN_POINT('Ctrl Pts',(34.0779535663704,1.001,2.62063281995883));
#11516=CARTESIAN_POINT('Ctrl Pts',(34.0463490294422,1.001,2.54478193133098));
#11517=CARTESIAN_POINT('Ctrl Pts',(34.0463490294422,1.001,2.50790997158132));
#11518=CARTESIAN_POINT('Ctrl Pts',(34.1116650724273,1.,2.3656895554041));
#11519=CARTESIAN_POINT('Ctrl Pts',(34.1116650724273,1.001,2.3656895554041));
#11520=CARTESIAN_POINT('Ctrl Pts',(34.0779535663704,1.,2.38991970038244));
#11521=CARTESIAN_POINT('Ctrl Pts',(34.0779535663704,1.001,2.38991970038244));
#11522=CARTESIAN_POINT('Ctrl Pts',(34.0463490294422,1.,2.46366361988174));
#11523=CARTESIAN_POINT('Ctrl Pts',(34.0463490294422,1.001,2.46366361988174));
#11524=CARTESIAN_POINT('Ctrl Pts',(34.0463490294422,1.,2.50790997158132));
#11525=CARTESIAN_POINT('Ctrl Pts',(34.0463490294422,1.001,2.50790997158132));
#11526=CARTESIAN_POINT('',(34.1116650724273,1.,2.3656895554041));
#11527=CARTESIAN_POINT('Ctrl Pts',(34.1116650724273,1.,2.3656895554041));
#11528=CARTESIAN_POINT('Ctrl Pts',(34.0779535663704,1.,2.38991970038244));
#11529=CARTESIAN_POINT('Ctrl Pts',(34.0463490294422,1.,2.46366361988174));
#11530=CARTESIAN_POINT('Ctrl Pts',(34.0463490294422,1.,2.50790997158132));
#11531=CARTESIAN_POINT('',(34.1116650724273,1.001,2.3656895554041));
#11532=CARTESIAN_POINT('',(34.1116650724273,1.,2.3656895554041));
#11533=CARTESIAN_POINT('Ctrl Pts',(34.0463490294422,1.001,2.50790997158132));
#11534=CARTESIAN_POINT('Ctrl Pts',(34.0463490294422,1.001,2.46366361988174));
#11535=CARTESIAN_POINT('Ctrl Pts',(34.0779535663704,1.001,2.38991970038244));
#11536=CARTESIAN_POINT('Ctrl Pts',(34.1116650724273,1.001,2.3656895554041));
#11537=CARTESIAN_POINT('Ctrl Pts',(34.3455386456965,1.,2.31196184262604));
#11538=CARTESIAN_POINT('Ctrl Pts',(34.3455386456965,1.001,2.31196184262604));
#11539=CARTESIAN_POINT('Ctrl Pts',(34.255992457733,1.,2.31196184262604));
#11540=CARTESIAN_POINT('Ctrl Pts',(34.255992457733,1.001,2.31196184262604));
#11541=CARTESIAN_POINT('Ctrl Pts',(34.1453765784841,1.,2.34145941042576));
#11542=CARTESIAN_POINT('Ctrl Pts',(34.1453765784841,1.001,2.34145941042576));
#11543=CARTESIAN_POINT('Ctrl Pts',(34.1116650724273,1.,2.3656895554041));
#11544=CARTESIAN_POINT('Ctrl Pts',(34.1116650724273,1.001,2.3656895554041));
#11545=CARTESIAN_POINT('',(34.3455386456965,1.,2.31196184262604));
#11546=CARTESIAN_POINT('Ctrl Pts',(34.3455386456965,1.,2.31196184262604));
#11547=CARTESIAN_POINT('Ctrl Pts',(34.255992457733,1.,2.31196184262604));
#11548=CARTESIAN_POINT('Ctrl Pts',(34.1453765784841,1.,2.34145941042576));
#11549=CARTESIAN_POINT('Ctrl Pts',(34.1116650724273,1.,2.3656895554041));
#11550=CARTESIAN_POINT('',(34.3455386456965,1.001,2.31196184262604));
#11551=CARTESIAN_POINT('',(34.3455386456965,1.,2.31196184262604));
#11552=CARTESIAN_POINT('Ctrl Pts',(34.1116650724273,1.001,2.3656895554041));
#11553=CARTESIAN_POINT('Ctrl Pts',(34.1453765784841,1.001,2.34145941042576));
#11554=CARTESIAN_POINT('Ctrl Pts',(34.255992457733,1.001,2.31196184262604));
#11555=CARTESIAN_POINT('Ctrl Pts',(34.3455386456965,1.001,2.31196184262604));
#11556=CARTESIAN_POINT('Ctrl Pts',(34.5888935800442,1.,2.3699034936612));
#11557=CARTESIAN_POINT('Ctrl Pts',(34.5888935800442,1.001,2.3699034936612));
#11558=CARTESIAN_POINT('Ctrl Pts',(34.5551820739873,1.,2.34356637955431));
#11559=CARTESIAN_POINT('Ctrl Pts',(34.5551820739873,1.001,2.34356637955431));
#11560=CARTESIAN_POINT('Ctrl Pts',(34.4361383182242,1.,2.31196184262604));
#11561=CARTESIAN_POINT('Ctrl Pts',(34.4361383182242,1.001,2.31196184262604));
#11562=CARTESIAN_POINT('Ctrl Pts',(34.3455386456965,1.,2.31196184262604));
#11563=CARTESIAN_POINT('Ctrl Pts',(34.3455386456965,1.001,2.31196184262604));
#11564=CARTESIAN_POINT('',(34.5888935800442,1.,2.3699034936612));
#11565=CARTESIAN_POINT('Ctrl Pts',(34.5888935800442,1.,2.3699034936612));
#11566=CARTESIAN_POINT('Ctrl Pts',(34.5551820739873,1.,2.34356637955431));
#11567=CARTESIAN_POINT('Ctrl Pts',(34.4361383182242,1.,2.31196184262604));
#11568=CARTESIAN_POINT('Ctrl Pts',(34.3455386456965,1.,2.31196184262604));
#11569=CARTESIAN_POINT('',(34.5888935800442,1.001,2.3699034936612));
#11570=CARTESIAN_POINT('',(34.5888935800442,1.,2.3699034936612));
#11571=CARTESIAN_POINT('Ctrl Pts',(34.3455386456965,1.001,2.31196184262604));
#11572=CARTESIAN_POINT('Ctrl Pts',(34.4361383182242,1.001,2.31196184262604));
#11573=CARTESIAN_POINT('Ctrl Pts',(34.5551820739873,1.001,2.34356637955431));
#11574=CARTESIAN_POINT('Ctrl Pts',(34.5888935800442,1.001,2.3699034936612));
#11575=CARTESIAN_POINT('Ctrl Pts',(34.6499956847722,1.,2.50580300245277));
#11576=CARTESIAN_POINT('Ctrl Pts',(34.6499956847722,1.001,2.50580300245277));
#11577=CARTESIAN_POINT('Ctrl Pts',(34.6499956847722,1.,2.46366361988174));
#11578=CARTESIAN_POINT('Ctrl Pts',(34.6499956847722,1.001,2.46366361988174));
#11579=CARTESIAN_POINT('Ctrl Pts',(34.6247120552295,1.,2.39729409233237));
#11580=CARTESIAN_POINT('Ctrl Pts',(34.6247120552295,1.001,2.39729409233237));
#11581=CARTESIAN_POINT('Ctrl Pts',(34.5888935800442,1.,2.3699034936612));
#11582=CARTESIAN_POINT('Ctrl Pts',(34.5888935800442,1.001,2.3699034936612));
#11583=CARTESIAN_POINT('',(34.6499956847722,1.,2.50580300245277));
#11584=CARTESIAN_POINT('Ctrl Pts',(34.6499956847722,1.,2.50580300245277));
#11585=CARTESIAN_POINT('Ctrl Pts',(34.6499956847722,1.,2.46366361988174));
#11586=CARTESIAN_POINT('Ctrl Pts',(34.6247120552295,1.,2.39729409233237));
#11587=CARTESIAN_POINT('Ctrl Pts',(34.5888935800442,1.,2.3699034936612));
#11588=CARTESIAN_POINT('',(34.6499956847722,1.001,2.50580300245277));
#11589=CARTESIAN_POINT('',(34.6499956847722,1.,2.50580300245277));
#11590=CARTESIAN_POINT('Ctrl Pts',(34.5888935800442,1.001,2.3699034936612));
#11591=CARTESIAN_POINT('Ctrl Pts',(34.6247120552295,1.001,2.39729409233237));
#11592=CARTESIAN_POINT('Ctrl Pts',(34.6499956847722,1.001,2.46366361988174));
#11593=CARTESIAN_POINT('Ctrl Pts',(34.6499956847722,1.001,2.50580300245277));
#11594=CARTESIAN_POINT('Ctrl Pts',(34.5846796417871,1.,2.64486296493717));
#11595=CARTESIAN_POINT('Ctrl Pts',(34.5846796417871,1.001,2.64486296493717));
#11596=CARTESIAN_POINT('Ctrl Pts',(34.6215516015367,1.,2.617472366266));
#11597=CARTESIAN_POINT('Ctrl Pts',(34.6215516015367,1.001,2.617472366266));
#11598=CARTESIAN_POINT('Ctrl Pts',(34.6499956847722,1.,2.54899586958808));
#11599=CARTESIAN_POINT('Ctrl Pts',(34.6499956847722,1.001,2.54899586958808));
#11600=CARTESIAN_POINT('Ctrl Pts',(34.6499956847722,1.,2.50580300245277));
#11601=CARTESIAN_POINT('Ctrl Pts',(34.6499956847722,1.001,2.50580300245277));
#11602=CARTESIAN_POINT('',(34.5846796417871,1.,2.64486296493717));
#11603=CARTESIAN_POINT('Ctrl Pts',(34.5846796417871,1.,2.64486296493717));
#11604=CARTESIAN_POINT('Ctrl Pts',(34.6215516015367,1.,2.617472366266));
#11605=CARTESIAN_POINT('Ctrl Pts',(34.6499956847722,1.,2.54899586958808));
#11606=CARTESIAN_POINT('Ctrl Pts',(34.6499956847722,1.,2.50580300245277));
#11607=CARTESIAN_POINT('',(34.5846796417871,1.001,2.64486296493717));
#11608=CARTESIAN_POINT('',(34.5846796417871,1.,2.64486296493717));
#11609=CARTESIAN_POINT('Ctrl Pts',(34.6499956847722,1.001,2.50580300245277));
#11610=CARTESIAN_POINT('Ctrl Pts',(34.6499956847722,1.001,2.54899586958808));
#11611=CARTESIAN_POINT('Ctrl Pts',(34.6215516015367,1.001,2.617472366266));
#11612=CARTESIAN_POINT('Ctrl Pts',(34.5846796417871,1.001,2.64486296493717));
#11613=CARTESIAN_POINT('Ctrl Pts',(34.3455386456965,1.,2.69859067771524));
#11614=CARTESIAN_POINT('Ctrl Pts',(34.3455386456965,1.001,2.69859067771524));
#11615=CARTESIAN_POINT('Ctrl Pts',(34.4329778645314,1.,2.69859067771524));
#11616=CARTESIAN_POINT('Ctrl Pts',(34.4329778645314,1.001,2.69859067771524));
#11617=CARTESIAN_POINT('Ctrl Pts',(34.549914651166,1.,2.67014659447979));
#11618=CARTESIAN_POINT('Ctrl Pts',(34.549914651166,1.001,2.67014659447979));
#11619=CARTESIAN_POINT('Ctrl Pts',(34.5846796417871,1.,2.64486296493717));
#11620=CARTESIAN_POINT('Ctrl Pts',(34.5846796417871,1.001,2.64486296493717));
#11621=CARTESIAN_POINT('Ctrl Pts',(34.3455386456965,1.,2.69859067771524));
#11622=CARTESIAN_POINT('Ctrl Pts',(34.4329778645314,1.,2.69859067771524));
#11623=CARTESIAN_POINT('Ctrl Pts',(34.549914651166,1.,2.67014659447979));
#11624=CARTESIAN_POINT('Ctrl Pts',(34.5846796417871,1.,2.64486296493717));
#11625=CARTESIAN_POINT('Ctrl Pts',(34.5846796417871,1.001,2.64486296493717));
#11626=CARTESIAN_POINT('Ctrl Pts',(34.549914651166,1.001,2.67014659447979));
#11627=CARTESIAN_POINT('Ctrl Pts',(34.4329778645314,1.001,2.69859067771524));
#11628=CARTESIAN_POINT('Ctrl Pts',(34.3455386456965,1.001,2.69859067771524));
#11629=CARTESIAN_POINT('Ctrl Pts',(34.347645614825,1.,1.99907692703614));
#11630=CARTESIAN_POINT('Ctrl Pts',(34.347645614825,1.001,1.99907692703614));
#11631=CARTESIAN_POINT('Ctrl Pts',(34.1053441650416,1.,1.99907692703614));
#11632=CARTESIAN_POINT('Ctrl Pts',(34.1053441650416,1.001,1.99907692703614));
#11633=CARTESIAN_POINT('Ctrl Pts',(33.8272242400728,1.,2.2656085217979));
#11634=CARTESIAN_POINT('Ctrl Pts',(33.8272242400728,1.001,2.2656085217979));
#11635=CARTESIAN_POINT('Ctrl Pts',(33.8272242400728,1.,2.50580300245277));
#11636=CARTESIAN_POINT('Ctrl Pts',(33.8272242400728,1.001,2.50580300245277));
#11637=CARTESIAN_POINT('',(33.8272242400728,1.,2.50580300245277));
#11638=CARTESIAN_POINT('',(34.347645614825,1.,1.99907692703614));
#11639=CARTESIAN_POINT('Ctrl Pts',(33.8272242400728,1.,2.50580300245277));
#11640=CARTESIAN_POINT('Ctrl Pts',(33.8272242400728,1.,2.2656085217979));
#11641=CARTESIAN_POINT('Ctrl Pts',(34.1053441650416,1.,1.99907692703614));
#11642=CARTESIAN_POINT('Ctrl Pts',(34.347645614825,1.,1.99907692703614));
#11643=CARTESIAN_POINT('',(33.8272242400728,1.001,2.50580300245277));
#11644=CARTESIAN_POINT('',(33.8272242400728,1.,2.50580300245277));
#11645=CARTESIAN_POINT('',(34.347645614825,1.001,1.99907692703614));
#11646=CARTESIAN_POINT('Ctrl Pts',(34.347645614825,1.001,1.99907692703614));
#11647=CARTESIAN_POINT('Ctrl Pts',(34.1053441650416,1.001,1.99907692703614));
#11648=CARTESIAN_POINT('Ctrl Pts',(33.8272242400728,1.001,2.2656085217979));
#11649=CARTESIAN_POINT('Ctrl Pts',(33.8272242400728,1.001,2.50580300245277));
#11650=CARTESIAN_POINT('',(34.347645614825,1.,1.99907692703614));
#11651=CARTESIAN_POINT('Ctrl Pts',(34.8691204741415,1.,2.50580300245277));
#11652=CARTESIAN_POINT('Ctrl Pts',(34.8691204741415,1.001,2.50580300245277));
#11653=CARTESIAN_POINT('Ctrl Pts',(34.8691204741415,1.,2.2656085217979));
#11654=CARTESIAN_POINT('Ctrl Pts',(34.8691204741415,1.001,2.2656085217979));
#11655=CARTESIAN_POINT('Ctrl Pts',(34.592054033737,1.,1.99907692703614));
#11656=CARTESIAN_POINT('Ctrl Pts',(34.592054033737,1.001,1.99907692703614));
#11657=CARTESIAN_POINT('Ctrl Pts',(34.347645614825,1.,1.99907692703614));
#11658=CARTESIAN_POINT('Ctrl Pts',(34.347645614825,1.001,1.99907692703614));
#11659=CARTESIAN_POINT('',(34.8691204741415,1.,2.50580300245277));
#11660=CARTESIAN_POINT('Ctrl Pts',(34.347645614825,1.,1.99907692703614));
#11661=CARTESIAN_POINT('Ctrl Pts',(34.592054033737,1.,1.99907692703614));
#11662=CARTESIAN_POINT('Ctrl Pts',(34.8691204741415,1.,2.2656085217979));
#11663=CARTESIAN_POINT('Ctrl Pts',(34.8691204741415,1.,2.50580300245277));
#11664=CARTESIAN_POINT('',(34.8691204741415,1.001,2.50580300245277));
#11665=CARTESIAN_POINT('Ctrl Pts',(34.8691204741415,1.001,2.50580300245277));
#11666=CARTESIAN_POINT('Ctrl Pts',(34.8691204741415,1.001,2.2656085217979));
#11667=CARTESIAN_POINT('Ctrl Pts',(34.592054033737,1.001,1.99907692703614));
#11668=CARTESIAN_POINT('Ctrl Pts',(34.347645614825,1.001,1.99907692703614));
#11669=CARTESIAN_POINT('',(34.8691204741415,1.,2.50580300245277));
#11670=CARTESIAN_POINT('Ctrl Pts',(34.347645614825,1.,3.01147559330514));
#11671=CARTESIAN_POINT('Ctrl Pts',(34.347645614825,1.001,3.01147559330514));
#11672=CARTESIAN_POINT('Ctrl Pts',(34.5910005491727,1.,3.01147559330514));
#11673=CARTESIAN_POINT('Ctrl Pts',(34.5910005491727,1.001,3.01147559330514));
#11674=CARTESIAN_POINT('Ctrl Pts',(34.8691204741415,1.,2.74599748310765));
#11675=CARTESIAN_POINT('Ctrl Pts',(34.8691204741415,1.001,2.74599748310765));
#11676=CARTESIAN_POINT('Ctrl Pts',(34.8691204741415,1.,2.50580300245277));
#11677=CARTESIAN_POINT('Ctrl Pts',(34.8691204741415,1.001,2.50580300245277));
#11678=CARTESIAN_POINT('',(34.347645614825,1.,3.01147559330514));
#11679=CARTESIAN_POINT('Ctrl Pts',(34.8691204741415,1.,2.50580300245277));
#11680=CARTESIAN_POINT('Ctrl Pts',(34.8691204741415,1.,2.74599748310765));
#11681=CARTESIAN_POINT('Ctrl Pts',(34.5910005491727,1.,3.01147559330514));
#11682=CARTESIAN_POINT('Ctrl Pts',(34.347645614825,1.,3.01147559330514));
#11683=CARTESIAN_POINT('',(34.347645614825,1.001,3.01147559330514));
#11684=CARTESIAN_POINT('Ctrl Pts',(34.347645614825,1.001,3.01147559330514));
#11685=CARTESIAN_POINT('Ctrl Pts',(34.5910005491727,1.001,3.01147559330514));
#11686=CARTESIAN_POINT('Ctrl Pts',(34.8691204741415,1.001,2.74599748310765));
#11687=CARTESIAN_POINT('Ctrl Pts',(34.8691204741415,1.001,2.50580300245277));
#11688=CARTESIAN_POINT('',(34.347645614825,1.,3.01147559330514));
#11689=CARTESIAN_POINT('Ctrl Pts',(33.8272242400728,1.,2.50580300245277));
#11690=CARTESIAN_POINT('Ctrl Pts',(33.8272242400728,1.001,2.50580300245277));
#11691=CARTESIAN_POINT('Ctrl Pts',(33.8272242400728,1.,2.74705096767192));
#11692=CARTESIAN_POINT('Ctrl Pts',(33.8272242400728,1.001,2.74705096767192));
#11693=CARTESIAN_POINT('Ctrl Pts',(34.1053441650416,1.,3.01147559330514));
#11694=CARTESIAN_POINT('Ctrl Pts',(34.1053441650416,1.001,3.01147559330514));
#11695=CARTESIAN_POINT('Ctrl Pts',(34.347645614825,1.,3.01147559330514));
#11696=CARTESIAN_POINT('Ctrl Pts',(34.347645614825,1.001,3.01147559330514));
#11697=CARTESIAN_POINT('Ctrl Pts',(34.347645614825,1.,3.01147559330514));
#11698=CARTESIAN_POINT('Ctrl Pts',(34.1053441650416,1.,3.01147559330514));
#11699=CARTESIAN_POINT('Ctrl Pts',(33.8272242400728,1.,2.74705096767192));
#11700=CARTESIAN_POINT('Ctrl Pts',(33.8272242400728,1.,2.50580300245277));
#11701=CARTESIAN_POINT('Ctrl Pts',(33.8272242400728,1.001,2.50580300245277));
#11702=CARTESIAN_POINT('Ctrl Pts',(33.8272242400728,1.001,2.74705096767192));
#11703=CARTESIAN_POINT('Ctrl Pts',(34.1053441650416,1.001,3.01147559330514));
#11704=CARTESIAN_POINT('Ctrl Pts',(34.347645614825,1.001,3.01147559330514));
#11705=CARTESIAN_POINT('Origin',(34.3481537993502,1.001,2.50540201399594));
#11706=CARTESIAN_POINT('Origin',(36.4294531307969,1.,6.84534934078028));
#11707=CARTESIAN_POINT('',(36.1525487518713,1.,6.84534934078028));
#11708=CARTESIAN_POINT('',(36.4294531307969,1.,6.84534934078028));
#11709=CARTESIAN_POINT('',(37.9647265653984,1.,6.84534934078028));
#11710=CARTESIAN_POINT('',(36.1525487518713,1.001,6.84534934078028));
#11711=CARTESIAN_POINT('',(36.1525487518713,1.,6.84534934078028));
#11712=CARTESIAN_POINT('',(36.4294531307969,1.001,6.84534934078028));
#11713=CARTESIAN_POINT('',(36.1525487518713,1.001,6.84534934078028));
#11714=CARTESIAN_POINT('',(36.4294531307969,1.,6.84534934078028));
#11715=CARTESIAN_POINT('Ctrl Pts',(36.8799393591982,1.,7.35231855194751));
#11716=CARTESIAN_POINT('Ctrl Pts',(36.8799393591982,1.001,7.35231855194751));
#11717=CARTESIAN_POINT('Ctrl Pts',(36.7793720972003,1.,7.25726182485365));
#11718=CARTESIAN_POINT('Ctrl Pts',(36.7793720972003,1.001,7.25726182485365));
#11719=CARTESIAN_POINT('Ctrl Pts',(36.5561954335887,1.,7.00377721927004));
#11720=CARTESIAN_POINT('Ctrl Pts',(36.5561954335887,1.001,7.00377721927004));
#11721=CARTESIAN_POINT('Ctrl Pts',(36.4294531307969,1.,6.84534934078028));
#11722=CARTESIAN_POINT('Ctrl Pts',(36.4294531307969,1.001,6.84534934078028));
#11723=CARTESIAN_POINT('',(36.8799393591982,1.,7.35231855194751));
#11724=CARTESIAN_POINT('Ctrl Pts',(36.4294531307969,1.,6.84534934078028));
#11725=CARTESIAN_POINT('Ctrl Pts',(36.5561954335887,1.,7.00377721927004));
#11726=CARTESIAN_POINT('Ctrl Pts',(36.7793720972003,1.,7.25726182485365));
#11727=CARTESIAN_POINT('Ctrl Pts',(36.8799393591982,1.,7.35231855194751));
#11728=CARTESIAN_POINT('',(36.8799393591982,1.001,7.35231855194751));
#11729=CARTESIAN_POINT('Ctrl Pts',(36.8799393591982,1.001,7.35231855194751));
#11730=CARTESIAN_POINT('Ctrl Pts',(36.7793720972003,1.001,7.25726182485365));
#11731=CARTESIAN_POINT('Ctrl Pts',(36.5561954335887,1.001,7.00377721927004));
#11732=CARTESIAN_POINT('Ctrl Pts',(36.4294531307969,1.001,6.84534934078028));
#11733=CARTESIAN_POINT('',(36.8799393591982,1.,7.35231855194751));
#11734=CARTESIAN_POINT('Ctrl Pts',(37.3152716166135,1.,7.58927155281915));
#11735=CARTESIAN_POINT('Ctrl Pts',(37.3152716166135,1.001,7.58927155281915));
#11736=CARTESIAN_POINT('Ctrl Pts',(37.2105714534377,1.,7.58927155281915));
#11737=CARTESIAN_POINT('Ctrl Pts',(37.2105714534377,1.001,7.58927155281915));
#11738=CARTESIAN_POINT('Ctrl Pts',(37.010814563168,1.,7.47768322101332));
#11739=CARTESIAN_POINT('Ctrl Pts',(37.010814563168,1.001,7.47768322101332));
#11740=CARTESIAN_POINT('Ctrl Pts',(36.8799393591982,1.,7.35231855194751));
#11741=CARTESIAN_POINT('Ctrl Pts',(36.8799393591982,1.001,7.35231855194751));
#11742=CARTESIAN_POINT('',(37.3152716166135,1.,7.58927155281915));
#11743=CARTESIAN_POINT('Ctrl Pts',(36.8799393591982,1.,7.35231855194751));
#11744=CARTESIAN_POINT('Ctrl Pts',(37.010814563168,1.,7.47768322101332));
#11745=CARTESIAN_POINT('Ctrl Pts',(37.2105714534377,1.,7.58927155281915));
#11746=CARTESIAN_POINT('Ctrl Pts',(37.3152716166135,1.,7.58927155281915));
#11747=CARTESIAN_POINT('',(37.3152716166135,1.001,7.58927155281915));
#11748=CARTESIAN_POINT('Ctrl Pts',(37.3152716166135,1.001,7.58927155281915));
#11749=CARTESIAN_POINT('Ctrl Pts',(37.2105714534377,1.001,7.58927155281915));
#11750=CARTESIAN_POINT('Ctrl Pts',(37.010814563168,1.001,7.47768322101332));
#11751=CARTESIAN_POINT('Ctrl Pts',(36.8799393591982,1.001,7.35231855194751));
#11752=CARTESIAN_POINT('',(37.3152716166135,1.,7.58927155281915));
#11753=CARTESIAN_POINT('Ctrl Pts',(37.5604904198411,1.,7.32063297624955));
#11754=CARTESIAN_POINT('Ctrl Pts',(37.5604904198411,1.001,7.32063297624955));
#11755=CARTESIAN_POINT('Ctrl Pts',(37.5604904198411,1.,7.44737527904136));
#11756=CARTESIAN_POINT('Ctrl Pts',(37.5604904198411,1.001,7.44737527904136));
#11757=CARTESIAN_POINT('Ctrl Pts',(37.4337481170493,1.,7.58927155281915));
#11758=CARTESIAN_POINT('Ctrl Pts',(37.4337481170493,1.001,7.58927155281915));
#11759=CARTESIAN_POINT('Ctrl Pts',(37.3152716166135,1.,7.58927155281915));
#11760=CARTESIAN_POINT('Ctrl Pts',(37.3152716166135,1.001,7.58927155281915));
#11761=CARTESIAN_POINT('',(37.5604904198411,1.,7.32063297624955));
#11762=CARTESIAN_POINT('Ctrl Pts',(37.3152716166135,1.,7.58927155281915));
#11763=CARTESIAN_POINT('Ctrl Pts',(37.4337481170493,1.,7.58927155281915));
#11764=CARTESIAN_POINT('Ctrl Pts',(37.5604904198411,1.,7.44737527904136));
#11765=CARTESIAN_POINT('Ctrl Pts',(37.5604904198411,1.,7.32063297624955));
#11766=CARTESIAN_POINT('',(37.5604904198411,1.001,7.32063297624955));
#11767=CARTESIAN_POINT('Ctrl Pts',(37.5604904198411,1.001,7.32063297624955));
#11768=CARTESIAN_POINT('Ctrl Pts',(37.5604904198411,1.001,7.44737527904136));
#11769=CARTESIAN_POINT('Ctrl Pts',(37.4337481170493,1.001,7.58927155281915));
#11770=CARTESIAN_POINT('Ctrl Pts',(37.3152716166135,1.001,7.58927155281915));
#11771=CARTESIAN_POINT('',(37.5604904198411,1.,7.32063297624955));
#11772=CARTESIAN_POINT('Ctrl Pts',(37.5040074370752,1.,7.08092470792593));
#11773=CARTESIAN_POINT('Ctrl Pts',(37.5040074370752,1.001,7.08092470792593));
#11774=CARTESIAN_POINT('Ctrl Pts',(37.5288048441432,1.,7.14016295814383));
#11775=CARTESIAN_POINT('Ctrl Pts',(37.5288048441432,1.001,7.14016295814383));
#11776=CARTESIAN_POINT('Ctrl Pts',(37.5604904198411,1.,7.25588419112766));
#11777=CARTESIAN_POINT('Ctrl Pts',(37.5604904198411,1.001,7.25588419112766));
#11778=CARTESIAN_POINT('Ctrl Pts',(37.5604904198411,1.,7.32063297624955));
#11779=CARTESIAN_POINT('Ctrl Pts',(37.5604904198411,1.001,7.32063297624955));
#11780=CARTESIAN_POINT('',(37.5040074370752,1.,7.08092470792593));
#11781=CARTESIAN_POINT('Ctrl Pts',(37.5604904198411,1.,7.32063297624955));
#11782=CARTESIAN_POINT('Ctrl Pts',(37.5604904198411,1.,7.25588419112766));
#11783=CARTESIAN_POINT('Ctrl Pts',(37.5288048441432,1.,7.14016295814383));
#11784=CARTESIAN_POINT('Ctrl Pts',(37.5040074370752,1.,7.08092470792593));
#11785=CARTESIAN_POINT('',(37.5040074370752,1.001,7.08092470792593));
#11786=CARTESIAN_POINT('Ctrl Pts',(37.5040074370752,1.001,7.08092470792593));
#11787=CARTESIAN_POINT('Ctrl Pts',(37.5288048441432,1.001,7.14016295814383));
#11788=CARTESIAN_POINT('Ctrl Pts',(37.5604904198411,1.001,7.25588419112766));
#11789=CARTESIAN_POINT('Ctrl Pts',(37.5604904198411,1.001,7.32063297624955));
#11790=CARTESIAN_POINT('',(37.5040074370752,1.,7.08092470792593));
#11791=CARTESIAN_POINT('Ctrl Pts',(37.4089507099814,1.,6.91974156198417));
#11792=CARTESIAN_POINT('Ctrl Pts',(37.4089507099814,1.001,6.91974156198417));
#11793=CARTESIAN_POINT('Ctrl Pts',(37.4227270472414,1.,6.94040606787414));
#11794=CARTESIAN_POINT('Ctrl Pts',(37.4227270472414,1.001,6.94040606787414));
#11795=CARTESIAN_POINT('Ctrl Pts',(37.4778323962813,1.,7.02306409143401));
#11796=CARTESIAN_POINT('Ctrl Pts',(37.4778323962813,1.001,7.02306409143401));
#11797=CARTESIAN_POINT('Ctrl Pts',(37.5040074370752,1.,7.08092470792593));
#11798=CARTESIAN_POINT('Ctrl Pts',(37.5040074370752,1.001,7.08092470792593));
#11799=CARTESIAN_POINT('',(37.4089507099814,1.,6.91974156198417));
#11800=CARTESIAN_POINT('Ctrl Pts',(37.5040074370752,1.,7.08092470792593));
#11801=CARTESIAN_POINT('Ctrl Pts',(37.4778323962813,1.,7.02306409143401));
#11802=CARTESIAN_POINT('Ctrl Pts',(37.4227270472414,1.,6.94040606787414));
#11803=CARTESIAN_POINT('Ctrl Pts',(37.4089507099814,1.,6.91974156198417));
#11804=CARTESIAN_POINT('',(37.4089507099814,1.001,6.91974156198417));
#11805=CARTESIAN_POINT('Ctrl Pts',(37.4089507099814,1.001,6.91974156198417));
#11806=CARTESIAN_POINT('Ctrl Pts',(37.4227270472414,1.001,6.94040606787414));
#11807=CARTESIAN_POINT('Ctrl Pts',(37.4778323962813,1.001,7.02306409143401));
#11808=CARTESIAN_POINT('Ctrl Pts',(37.5040074370752,1.001,7.08092470792593));
#11809=CARTESIAN_POINT('',(37.4089507099814,1.,6.91974156198417));
#11810=CARTESIAN_POINT('Origin',(37.4089507099814,1.,6.88667835256022));
#11811=CARTESIAN_POINT('',(37.4089507099814,1.,6.88667835256022));
#11812=CARTESIAN_POINT('',(37.4089507099814,1.,15.6933391762801));
#11813=CARTESIAN_POINT('',(37.4089507099814,1.001,6.88667835256022));
#11814=CARTESIAN_POINT('',(37.4089507099814,1.001,6.91974156198417));
#11815=CARTESIAN_POINT('',(37.4089507099814,1.,6.88667835256022));
#11816=CARTESIAN_POINT('Origin',(37.7795341822748,1.,6.88667835256022));
#11817=CARTESIAN_POINT('',(37.7795341822748,1.,6.88667835256022));
#11818=CARTESIAN_POINT('',(38.6397670911374,1.,6.88667835256022));
#11819=CARTESIAN_POINT('',(37.7795341822748,1.001,6.88667835256022));
#11820=CARTESIAN_POINT('',(37.4089507099814,1.001,6.88667835256022));
#11821=CARTESIAN_POINT('',(37.7795341822748,1.,6.88667835256022));
#11822=CARTESIAN_POINT('Ctrl Pts',(37.8856119791766,1.,7.40604626726143));
#11823=CARTESIAN_POINT('Ctrl Pts',(37.8856119791766,1.001,7.40604626726143));
#11824=CARTESIAN_POINT('Ctrl Pts',(37.8856119791766,1.,7.26414999348365));
#11825=CARTESIAN_POINT('Ctrl Pts',(37.8856119791766,1.001,7.26414999348365));
#11826=CARTESIAN_POINT('Ctrl Pts',(37.8139750254248,1.,6.95831530631212));
#11827=CARTESIAN_POINT('Ctrl Pts',(37.8139750254248,1.001,6.95831530631212));
#11828=CARTESIAN_POINT('Ctrl Pts',(37.7795341822748,1.,6.88667835256022));
#11829=CARTESIAN_POINT('Ctrl Pts',(37.7795341822748,1.001,6.88667835256022));
#11830=CARTESIAN_POINT('',(37.8856119791766,1.,7.40604626726143));
#11831=CARTESIAN_POINT('Ctrl Pts',(37.7795341822748,1.,6.88667835256022));
#11832=CARTESIAN_POINT('Ctrl Pts',(37.8139750254248,1.,6.95831530631212));
#11833=CARTESIAN_POINT('Ctrl Pts',(37.8856119791766,1.,7.26414999348365));
#11834=CARTESIAN_POINT('Ctrl Pts',(37.8856119791766,1.,7.40604626726143));
#11835=CARTESIAN_POINT('',(37.8856119791766,1.001,7.40604626726143));
#11836=CARTESIAN_POINT('Ctrl Pts',(37.8856119791766,1.001,7.40604626726143));
#11837=CARTESIAN_POINT('Ctrl Pts',(37.8856119791766,1.001,7.26414999348365));
#11838=CARTESIAN_POINT('Ctrl Pts',(37.8139750254248,1.001,6.95831530631212));
#11839=CARTESIAN_POINT('Ctrl Pts',(37.7795341822748,1.001,6.88667835256022));
#11840=CARTESIAN_POINT('',(37.8856119791766,1.,7.40604626726143));
#11841=CARTESIAN_POINT('Ctrl Pts',(37.3717545993794,1.,8.02047090905648));
#11842=CARTESIAN_POINT('Ctrl Pts',(37.3717545993794,1.001,8.02047090905648));
#11843=CARTESIAN_POINT('Ctrl Pts',(37.6155957688811,1.,8.02047090905648));
#11844=CARTESIAN_POINT('Ctrl Pts',(37.6155957688811,1.001,8.02047090905648));
#11845=CARTESIAN_POINT('Ctrl Pts',(37.8856119791766,1.,7.70912568698096));
#11846=CARTESIAN_POINT('Ctrl Pts',(37.8856119791766,1.001,7.70912568698096));
#11847=CARTESIAN_POINT('Ctrl Pts',(37.8856119791766,1.,7.40604626726143));
#11848=CARTESIAN_POINT('Ctrl Pts',(37.8856119791766,1.001,7.40604626726143));
#11849=CARTESIAN_POINT('',(37.3717545993794,1.,8.02047090905648));
#11850=CARTESIAN_POINT('Ctrl Pts',(37.8856119791766,1.,7.40604626726143));
#11851=CARTESIAN_POINT('Ctrl Pts',(37.8856119791766,1.,7.70912568698096));
#11852=CARTESIAN_POINT('Ctrl Pts',(37.6155957688811,1.,8.02047090905648));
#11853=CARTESIAN_POINT('Ctrl Pts',(37.3717545993794,1.,8.02047090905648));
#11854=CARTESIAN_POINT('',(37.3717545993794,1.001,8.02047090905648));
#11855=CARTESIAN_POINT('Ctrl Pts',(37.3717545993794,1.001,8.02047090905648));
#11856=CARTESIAN_POINT('Ctrl Pts',(37.6155957688811,1.001,8.02047090905648));
#11857=CARTESIAN_POINT('Ctrl Pts',(37.8856119791766,1.001,7.70912568698096));
#11858=CARTESIAN_POINT('Ctrl Pts',(37.8856119791766,1.001,7.40604626726143));
#11859=CARTESIAN_POINT('',(37.3717545993794,1.,8.02047090905648));
#11860=CARTESIAN_POINT('Ctrl Pts',(36.7669733936664,1.,7.71463622188495));
#11861=CARTESIAN_POINT('Ctrl Pts',(36.7669733936664,1.001,7.71463622188495));
#11862=CARTESIAN_POINT('Ctrl Pts',(36.9322894407861,1.,7.8785746352787));
#11863=CARTESIAN_POINT('Ctrl Pts',(36.9322894407861,1.001,7.8785746352787));
#11864=CARTESIAN_POINT('Ctrl Pts',(37.2215925232457,1.,8.02047090905648));
#11865=CARTESIAN_POINT('Ctrl Pts',(37.2215925232457,1.001,8.02047090905648));
#11866=CARTESIAN_POINT('Ctrl Pts',(37.3717545993794,1.,8.02047090905648));
#11867=CARTESIAN_POINT('Ctrl Pts',(37.3717545993794,1.001,8.02047090905648));
#11868=CARTESIAN_POINT('',(36.7669733936664,1.,7.71463622188495));
#11869=CARTESIAN_POINT('Ctrl Pts',(37.3717545993794,1.,8.02047090905648));
#11870=CARTESIAN_POINT('Ctrl Pts',(37.2215925232457,1.,8.02047090905648));
#11871=CARTESIAN_POINT('Ctrl Pts',(36.9322894407861,1.,7.8785746352787));
#11872=CARTESIAN_POINT('Ctrl Pts',(36.7669733936664,1.,7.71463622188495));
#11873=CARTESIAN_POINT('',(36.7669733936664,1.001,7.71463622188495));
#11874=CARTESIAN_POINT('Ctrl Pts',(36.7669733936664,1.001,7.71463622188495));
#11875=CARTESIAN_POINT('Ctrl Pts',(36.9322894407861,1.001,7.8785746352787));
#11876=CARTESIAN_POINT('Ctrl Pts',(37.2215925232457,1.001,8.02047090905648));
#11877=CARTESIAN_POINT('Ctrl Pts',(37.3717545993794,1.001,8.02047090905648));
#11878=CARTESIAN_POINT('',(36.7669733936664,1.,7.71463622188495));
#11879=CARTESIAN_POINT('Ctrl Pts',(36.4735374100288,1.,7.37436069156348));
#11880=CARTESIAN_POINT('Ctrl Pts',(36.4735374100288,1.001,7.37436069156348));
#11881=CARTESIAN_POINT('Ctrl Pts',(36.5066006194528,1.,7.41706733706941));
#11882=CARTESIAN_POINT('Ctrl Pts',(36.5066006194528,1.001,7.41706733706941));
#11883=CARTESIAN_POINT('Ctrl Pts',(36.6650284979425,1.,7.61131369243511));
#11884=CARTESIAN_POINT('Ctrl Pts',(36.6650284979425,1.001,7.61131369243511));
#11885=CARTESIAN_POINT('Ctrl Pts',(36.7669733936664,1.,7.71463622188495));
#11886=CARTESIAN_POINT('Ctrl Pts',(36.7669733936664,1.001,7.71463622188495));
#11887=CARTESIAN_POINT('',(36.4735374100288,1.,7.37436069156348));
#11888=CARTESIAN_POINT('Ctrl Pts',(36.7669733936664,1.,7.71463622188495));
#11889=CARTESIAN_POINT('Ctrl Pts',(36.6650284979425,1.,7.61131369243511));
#11890=CARTESIAN_POINT('Ctrl Pts',(36.5066006194528,1.,7.41706733706941));
#11891=CARTESIAN_POINT('Ctrl Pts',(36.4735374100288,1.,7.37436069156348));
#11892=CARTESIAN_POINT('',(36.4735374100288,1.001,7.37436069156348));
#11893=CARTESIAN_POINT('Ctrl Pts',(36.4735374100288,1.001,7.37436069156348));
#11894=CARTESIAN_POINT('Ctrl Pts',(36.5066006194528,1.001,7.41706733706941));
#11895=CARTESIAN_POINT('Ctrl Pts',(36.6650284979425,1.001,7.61131369243511));
#11896=CARTESIAN_POINT('Ctrl Pts',(36.7669733936664,1.001,7.71463622188495));
#11897=CARTESIAN_POINT('',(36.4735374100288,1.,7.37436069156348));
#11898=CARTESIAN_POINT('Origin',(36.4735374100288,1.,8.09486313026037));
#11899=CARTESIAN_POINT('',(36.4735374100288,1.,8.09486313026037));
#11900=CARTESIAN_POINT('',(36.4735374100288,1.,16.2974315651302));
#11901=CARTESIAN_POINT('',(36.4735374100288,1.001,8.09486313026037));
#11902=CARTESIAN_POINT('',(36.4735374100288,1.001,7.37436069156348));
#11903=CARTESIAN_POINT('',(36.4735374100288,1.,8.09486313026037));
#11904=CARTESIAN_POINT('Origin',(36.1525487518713,1.,8.09486313026037));
#11905=CARTESIAN_POINT('',(36.1525487518713,1.,8.09486313026037));
#11906=CARTESIAN_POINT('',(37.8262743759357,1.,8.09486313026037));
#11907=CARTESIAN_POINT('',(36.1525487518713,1.001,8.09486313026037));
#11908=CARTESIAN_POINT('',(36.4735374100288,1.001,8.09486313026037));
#11909=CARTESIAN_POINT('',(36.1525487518713,1.,8.09486313026037));
#11910=CARTESIAN_POINT('Origin',(36.1525487518713,1.,6.84534934078028));
#11911=CARTESIAN_POINT('',(36.1525487518713,1.,15.6726746703901));
#11912=CARTESIAN_POINT('',(36.1525487518713,1.001,8.09486313026037));
#11913=CARTESIAN_POINT('Origin',(36.8872581935729,1.001,7.47716947000234));
#11914=CARTESIAN_POINT('Ctrl Pts',(36.1167302749954,1.,4.38351787242205));
#11915=CARTESIAN_POINT('Ctrl Pts',(36.1167302749954,1.001,4.38351787242205));
#11916=CARTESIAN_POINT('Ctrl Pts',(36.1167302749954,1.,4.56261025680178));
#11917=CARTESIAN_POINT('Ctrl Pts',(36.1167302749954,1.001,4.56261025680178));
#11918=CARTESIAN_POINT('Ctrl Pts',(36.2062764671852,1.,4.8078290600294));
#11919=CARTESIAN_POINT('Ctrl Pts',(36.2062764671852,1.001,4.8078290600294));
#11920=CARTESIAN_POINT('Ctrl Pts',(36.2875568570191,1.,4.89737525221927));
#11921=CARTESIAN_POINT('Ctrl Pts',(36.2875568570191,1.001,4.89737525221927));
#11922=CARTESIAN_POINT('',(36.2875568570191,1.,4.89737525221927));
#11923=CARTESIAN_POINT('',(36.1167302749954,1.,4.38351787242205));
#11924=CARTESIAN_POINT('Ctrl Pts',(36.2875568570191,1.,4.89737525221927));
#11925=CARTESIAN_POINT('Ctrl Pts',(36.2062764671852,1.,4.8078290600294));
#11926=CARTESIAN_POINT('Ctrl Pts',(36.1167302749954,1.,4.56261025680178));
#11927=CARTESIAN_POINT('Ctrl Pts',(36.1167302749954,1.,4.38351787242205));
#11928=CARTESIAN_POINT('',(36.2875568570191,1.001,4.89737525221927));
#11929=CARTESIAN_POINT('',(36.2875568570191,1.,4.89737525221927));
#11930=CARTESIAN_POINT('',(36.1167302749954,1.001,4.38351787242205));
#11931=CARTESIAN_POINT('Ctrl Pts',(36.1167302749954,1.001,4.38351787242205));
#11932=CARTESIAN_POINT('Ctrl Pts',(36.1167302749954,1.001,4.56261025680178));
#11933=CARTESIAN_POINT('Ctrl Pts',(36.2062764671852,1.001,4.8078290600294));
#11934=CARTESIAN_POINT('Ctrl Pts',(36.2875568570191,1.001,4.89737525221927));
#11935=CARTESIAN_POINT('',(36.1167302749954,1.,4.38351787242205));
#11936=CARTESIAN_POINT('Ctrl Pts',(36.2200528044452,1.,3.8310867482969));
#11937=CARTESIAN_POINT('Ctrl Pts',(36.2200528044452,1.001,3.8310867482969));
#11938=CARTESIAN_POINT('Ctrl Pts',(36.1801014263913,1.,3.92063294048676));
#11939=CARTESIAN_POINT('Ctrl Pts',(36.1801014263913,1.001,3.92063294048676));
#11940=CARTESIAN_POINT('Ctrl Pts',(36.1181079087214,1.,4.19340441823435));
#11941=CARTESIAN_POINT('Ctrl Pts',(36.1181079087214,1.001,4.19340441823435));
#11942=CARTESIAN_POINT('Ctrl Pts',(36.1167302749954,1.,4.38351787242205));
#11943=CARTESIAN_POINT('Ctrl Pts',(36.1167302749954,1.001,4.38351787242205));
#11944=CARTESIAN_POINT('',(36.2200528044452,1.,3.8310867482969));
#11945=CARTESIAN_POINT('Ctrl Pts',(36.1167302749954,1.,4.38351787242205));
#11946=CARTESIAN_POINT('Ctrl Pts',(36.1181079087214,1.,4.19340441823435));
#11947=CARTESIAN_POINT('Ctrl Pts',(36.1801014263913,1.,3.92063294048676));
#11948=CARTESIAN_POINT('Ctrl Pts',(36.2200528044452,1.,3.8310867482969));
#11949=CARTESIAN_POINT('',(36.2200528044452,1.001,3.8310867482969));
#11950=CARTESIAN_POINT('Ctrl Pts',(36.2200528044452,1.001,3.8310867482969));
#11951=CARTESIAN_POINT('Ctrl Pts',(36.1801014263913,1.001,3.92063294048676));
#11952=CARTESIAN_POINT('Ctrl Pts',(36.1181079087214,1.001,4.19340441823435));
#11953=CARTESIAN_POINT('Ctrl Pts',(36.1167302749954,1.001,4.38351787242205));
#11954=CARTESIAN_POINT('',(36.2200528044452,1.,3.8310867482969));
#11955=CARTESIAN_POINT('Origin',(36.5906362767386,1.,3.8310867482969));
#11956=CARTESIAN_POINT('',(36.5906362767386,1.,3.8310867482969));
#11957=CARTESIAN_POINT('',(38.0453181383693,1.,3.8310867482969));
#11958=CARTESIAN_POINT('',(36.5906362767386,1.001,3.8310867482969));
#11959=CARTESIAN_POINT('',(36.2200528044452,1.001,3.8310867482969));
#11960=CARTESIAN_POINT('',(36.5906362767386,1.,3.8310867482969));
#11961=CARTESIAN_POINT('Origin',(36.5906362767386,1.,3.86966049262484));
#11962=CARTESIAN_POINT('',(36.5906362767386,1.,3.86966049262484));
#11963=CARTESIAN_POINT('',(36.5906362767386,1.,14.1848302463124));
#11964=CARTESIAN_POINT('',(36.5906362767386,1.001,3.86966049262484));
#11965=CARTESIAN_POINT('',(36.5906362767386,1.001,3.8310867482969));
#11966=CARTESIAN_POINT('',(36.5906362767386,1.,3.86966049262484));
#11967=CARTESIAN_POINT('Ctrl Pts',(36.5010900845488,1.,4.04737524327857));
#11968=CARTESIAN_POINT('Ctrl Pts',(36.5010900845488,1.001,4.04737524327857));
#11969=CARTESIAN_POINT('Ctrl Pts',(36.5258874916167,1.,3.98262645815667));
#11970=CARTESIAN_POINT('Ctrl Pts',(36.5258874916167,1.001,3.98262645815667));
#11971=CARTESIAN_POINT('Ctrl Pts',(36.5727270383007,1.,3.90272370204879));
#11972=CARTESIAN_POINT('Ctrl Pts',(36.5727270383007,1.001,3.90272370204879));
#11973=CARTESIAN_POINT('Ctrl Pts',(36.5906362767386,1.,3.86966049262484));
#11974=CARTESIAN_POINT('Ctrl Pts',(36.5906362767386,1.001,3.86966049262484));
#11975=CARTESIAN_POINT('',(36.5010900845488,1.,4.04737524327857));
#11976=CARTESIAN_POINT('Ctrl Pts',(36.5906362767386,1.,3.86966049262484));
#11977=CARTESIAN_POINT('Ctrl Pts',(36.5727270383007,1.,3.90272370204879));
#11978=CARTESIAN_POINT('Ctrl Pts',(36.5258874916167,1.,3.98262645815667));
#11979=CARTESIAN_POINT('Ctrl Pts',(36.5010900845488,1.,4.04737524327857));
#11980=CARTESIAN_POINT('',(36.5010900845488,1.001,4.04737524327857));
#11981=CARTESIAN_POINT('Ctrl Pts',(36.5010900845488,1.001,4.04737524327857));
#11982=CARTESIAN_POINT('Ctrl Pts',(36.5258874916167,1.001,3.98262645815667));
#11983=CARTESIAN_POINT('Ctrl Pts',(36.5727270383007,1.001,3.90272370204879));
#11984=CARTESIAN_POINT('Ctrl Pts',(36.5906362767386,1.001,3.86966049262484));
#11985=CARTESIAN_POINT('',(36.5010900845488,1.,4.04737524327857));
#11986=CARTESIAN_POINT('Ctrl Pts',(36.4459847355089,1.,4.30912565121817));
#11987=CARTESIAN_POINT('Ctrl Pts',(36.4459847355089,1.001,4.30912565121817));
#11988=CARTESIAN_POINT('Ctrl Pts',(36.4459847355089,1.,4.23335579628829));
#11989=CARTESIAN_POINT('Ctrl Pts',(36.4459847355089,1.001,4.23335579628829));
#11990=CARTESIAN_POINT('Ctrl Pts',(36.4776703112068,1.,4.10799112722248));
#11991=CARTESIAN_POINT('Ctrl Pts',(36.4776703112068,1.001,4.10799112722248));
#11992=CARTESIAN_POINT('Ctrl Pts',(36.5010900845488,1.,4.04737524327857));
#11993=CARTESIAN_POINT('Ctrl Pts',(36.5010900845488,1.001,4.04737524327857));
#11994=CARTESIAN_POINT('',(36.4459847355089,1.,4.30912565121817));
#11995=CARTESIAN_POINT('Ctrl Pts',(36.5010900845488,1.,4.04737524327857));
#11996=CARTESIAN_POINT('Ctrl Pts',(36.4776703112068,1.,4.10799112722248));
#11997=CARTESIAN_POINT('Ctrl Pts',(36.4459847355089,1.,4.23335579628829));
#11998=CARTESIAN_POINT('Ctrl Pts',(36.4459847355089,1.,4.30912565121817));
#11999=CARTESIAN_POINT('',(36.4459847355089,1.001,4.30912565121817));
#12000=CARTESIAN_POINT('Ctrl Pts',(36.4459847355089,1.001,4.30912565121817));
#12001=CARTESIAN_POINT('Ctrl Pts',(36.4459847355089,1.001,4.23335579628829));
#12002=CARTESIAN_POINT('Ctrl Pts',(36.4776703112068,1.001,4.10799112722248));
#12003=CARTESIAN_POINT('Ctrl Pts',(36.5010900845488,1.001,4.04737524327857));
#12004=CARTESIAN_POINT('',(36.4459847355089,1.,4.30912565121817));
#12005=CARTESIAN_POINT('Ctrl Pts',(36.5231322241647,1.,4.57638659406176));
#12006=CARTESIAN_POINT('Ctrl Pts',(36.5231322241647,1.001,4.57638659406176));
#12007=CARTESIAN_POINT('Ctrl Pts',(36.4790479449328,1.,4.52954704737783));
#12008=CARTESIAN_POINT('Ctrl Pts',(36.4790479449328,1.001,4.52954704737783));
#12009=CARTESIAN_POINT('Ctrl Pts',(36.4459847355089,1.,4.37525207006607));
#12010=CARTESIAN_POINT('Ctrl Pts',(36.4459847355089,1.001,4.37525207006607));
#12011=CARTESIAN_POINT('Ctrl Pts',(36.4459847355089,1.,4.30912565121817));
#12012=CARTESIAN_POINT('Ctrl Pts',(36.4459847355089,1.001,4.30912565121817));
#12013=CARTESIAN_POINT('',(36.5231322241647,1.,4.57638659406176));
#12014=CARTESIAN_POINT('Ctrl Pts',(36.4459847355089,1.,4.30912565121817));
#12015=CARTESIAN_POINT('Ctrl Pts',(36.4459847355089,1.,4.37525207006607));
#12016=CARTESIAN_POINT('Ctrl Pts',(36.4790479449328,1.,4.52954704737783));
#12017=CARTESIAN_POINT('Ctrl Pts',(36.5231322241647,1.,4.57638659406176));
#12018=CARTESIAN_POINT('',(36.5231322241647,1.001,4.57638659406176));
#12019=CARTESIAN_POINT('Ctrl Pts',(36.5231322241647,1.001,4.57638659406176));
#12020=CARTESIAN_POINT('Ctrl Pts',(36.4790479449328,1.001,4.52954704737783));
#12021=CARTESIAN_POINT('Ctrl Pts',(36.4459847355089,1.001,4.37525207006607));
#12022=CARTESIAN_POINT('Ctrl Pts',(36.4459847355089,1.001,4.30912565121817));
#12023=CARTESIAN_POINT('',(36.5231322241647,1.,4.57638659406176));
#12024=CARTESIAN_POINT('Ctrl Pts',(36.7118680446264,1.,4.64940118153965));
#12025=CARTESIAN_POINT('Ctrl Pts',(36.7118680446264,1.001,4.64940118153965));
#12026=CARTESIAN_POINT('Ctrl Pts',(36.6416087246006,1.,4.64940118153965));
#12027=CARTESIAN_POINT('Ctrl Pts',(36.6416087246006,1.001,4.64940118153965));
#12028=CARTESIAN_POINT('Ctrl Pts',(36.5575730673147,1.,4.61082743721171));
#12029=CARTESIAN_POINT('Ctrl Pts',(36.5575730673147,1.001,4.61082743721171));
#12030=CARTESIAN_POINT('Ctrl Pts',(36.5231322241647,1.,4.57638659406176));
#12031=CARTESIAN_POINT('Ctrl Pts',(36.5231322241647,1.001,4.57638659406176));
#12032=CARTESIAN_POINT('',(36.7118680446264,1.,4.64940118153965));
#12033=CARTESIAN_POINT('Ctrl Pts',(36.5231322241647,1.,4.57638659406176));
#12034=CARTESIAN_POINT('Ctrl Pts',(36.5575730673147,1.,4.61082743721171));
#12035=CARTESIAN_POINT('Ctrl Pts',(36.6416087246006,1.,4.64940118153965));
#12036=CARTESIAN_POINT('Ctrl Pts',(36.7118680446264,1.,4.64940118153965));
#12037=CARTESIAN_POINT('',(36.7118680446264,1.001,4.64940118153965));
#12038=CARTESIAN_POINT('Ctrl Pts',(36.7118680446264,1.001,4.64940118153965));
#12039=CARTESIAN_POINT('Ctrl Pts',(36.6416087246006,1.001,4.64940118153965));
#12040=CARTESIAN_POINT('Ctrl Pts',(36.5575730673147,1.001,4.61082743721171));
#12041=CARTESIAN_POINT('Ctrl Pts',(36.5231322241647,1.001,4.57638659406176));
#12042=CARTESIAN_POINT('',(36.7118680446264,1.,4.64940118153965));
#12043=CARTESIAN_POINT('Ctrl Pts',(36.8840722603762,1.,4.55985498934978));
#12044=CARTESIAN_POINT('Ctrl Pts',(36.8840722603762,1.001,4.55985498934978));
#12045=CARTESIAN_POINT('Ctrl Pts',(36.8578972195822,1.,4.59980636740373));
#12046=CARTESIAN_POINT('Ctrl Pts',(36.8578972195822,1.001,4.59980636740373));
#12047=CARTESIAN_POINT('Ctrl Pts',(36.7724839285704,1.,4.64940118153965));
#12048=CARTESIAN_POINT('Ctrl Pts',(36.7724839285704,1.001,4.64940118153965));
#12049=CARTESIAN_POINT('Ctrl Pts',(36.7118680446264,1.,4.64940118153965));
#12050=CARTESIAN_POINT('Ctrl Pts',(36.7118680446264,1.001,4.64940118153965));
#12051=CARTESIAN_POINT('',(36.8840722603762,1.,4.55985498934978));
#12052=CARTESIAN_POINT('Ctrl Pts',(36.7118680446264,1.,4.64940118153965));
#12053=CARTESIAN_POINT('Ctrl Pts',(36.7724839285704,1.,4.64940118153965));
#12054=CARTESIAN_POINT('Ctrl Pts',(36.8578972195822,1.,4.59980636740373));
#12055=CARTESIAN_POINT('Ctrl Pts',(36.8840722603762,1.,4.55985498934978));
#12056=CARTESIAN_POINT('',(36.8840722603762,1.001,4.55985498934978));
#12057=CARTESIAN_POINT('Ctrl Pts',(36.8840722603762,1.001,4.55985498934978));
#12058=CARTESIAN_POINT('Ctrl Pts',(36.8578972195822,1.001,4.59980636740373));
#12059=CARTESIAN_POINT('Ctrl Pts',(36.7724839285704,1.001,4.64940118153965));
#12060=CARTESIAN_POINT('Ctrl Pts',(36.7118680446264,1.001,4.64940118153965));
#12061=CARTESIAN_POINT('',(36.8840722603762,1.,4.55985498934978));
#12062=CARTESIAN_POINT('Ctrl Pts',(36.9446881443201,1.,4.27744007552022));
#12063=CARTESIAN_POINT('Ctrl Pts',(36.9446881443201,1.001,4.27744007552022));
#12064=CARTESIAN_POINT('Ctrl Pts',(36.9446881443201,1.,4.33667832573813));
#12065=CARTESIAN_POINT('Ctrl Pts',(36.9446881443201,1.001,4.33667832573813));
#12066=CARTESIAN_POINT('Ctrl Pts',(36.9226460047041,1.,4.50199437285787));
#12067=CARTESIAN_POINT('Ctrl Pts',(36.9226460047041,1.001,4.50199437285787));
#12068=CARTESIAN_POINT('Ctrl Pts',(36.8840722603762,1.,4.55985498934978));
#12069=CARTESIAN_POINT('Ctrl Pts',(36.8840722603762,1.001,4.55985498934978));
#12070=CARTESIAN_POINT('',(36.9446881443201,1.,4.27744007552022));
#12071=CARTESIAN_POINT('Ctrl Pts',(36.8840722603762,1.,4.55985498934978));
#12072=CARTESIAN_POINT('Ctrl Pts',(36.9226460047041,1.,4.50199437285787));
#12073=CARTESIAN_POINT('Ctrl Pts',(36.9446881443201,1.,4.33667832573813));
#12074=CARTESIAN_POINT('Ctrl Pts',(36.9446881443201,1.,4.27744007552022));
#12075=CARTESIAN_POINT('',(36.9446881443201,1.001,4.27744007552022));
#12076=CARTESIAN_POINT('Ctrl Pts',(36.9446881443201,1.001,4.27744007552022));
#12077=CARTESIAN_POINT('Ctrl Pts',(36.9446881443201,1.001,4.33667832573813));
#12078=CARTESIAN_POINT('Ctrl Pts',(36.9226460047041,1.001,4.50199437285787));
#12079=CARTESIAN_POINT('Ctrl Pts',(36.8840722603762,1.001,4.55985498934978));
#12080=CARTESIAN_POINT('',(36.9446881443201,1.,4.27744007552022));
#12081=CARTESIAN_POINT('Ctrl Pts',(36.8978485976362,1.,3.94129744637673));
#12082=CARTESIAN_POINT('Ctrl Pts',(36.8978485976362,1.001,3.94129744637673));
#12083=CARTESIAN_POINT('Ctrl Pts',(36.9143802023481,1.,4.00604623149863));
#12084=CARTESIAN_POINT('Ctrl Pts',(36.9143802023481,1.001,4.00604623149863));
#12085=CARTESIAN_POINT('Ctrl Pts',(36.9446881443201,1.,4.18376098215236));
#12086=CARTESIAN_POINT('Ctrl Pts',(36.9446881443201,1.001,4.18376098215236));
#12087=CARTESIAN_POINT('Ctrl Pts',(36.9446881443201,1.,4.27744007552022));
#12088=CARTESIAN_POINT('Ctrl Pts',(36.9446881443201,1.001,4.27744007552022));
#12089=CARTESIAN_POINT('',(36.8978485976362,1.,3.94129744637673));
#12090=CARTESIAN_POINT('Ctrl Pts',(36.9446881443201,1.,4.27744007552022));
#12091=CARTESIAN_POINT('Ctrl Pts',(36.9446881443201,1.,4.18376098215236));
#12092=CARTESIAN_POINT('Ctrl Pts',(36.9143802023481,1.,4.00604623149863));
#12093=CARTESIAN_POINT('Ctrl Pts',(36.8978485976362,1.,3.94129744637673));
#12094=CARTESIAN_POINT('',(36.8978485976362,1.001,3.94129744637673));
#12095=CARTESIAN_POINT('Ctrl Pts',(36.8978485976362,1.001,3.94129744637673));
#12096=CARTESIAN_POINT('Ctrl Pts',(36.9143802023481,1.001,4.00604623149863));
#12097=CARTESIAN_POINT('Ctrl Pts',(36.9446881443201,1.001,4.18376098215236));
#12098=CARTESIAN_POINT('Ctrl Pts',(36.9446881443201,1.001,4.27744007552022));
#12099=CARTESIAN_POINT('',(36.8978485976362,1.,3.94129744637673));
#12100=CARTESIAN_POINT('Origin',(36.8978485976362,1.,3.90410133577479));
#12101=CARTESIAN_POINT('',(36.8978485976362,1.,3.90410133577479));
#12102=CARTESIAN_POINT('',(36.8978485976362,1.,14.2020506678874));
#12103=CARTESIAN_POINT('',(36.8978485976362,1.001,3.90410133577479));
#12104=CARTESIAN_POINT('',(36.8978485976362,1.001,3.94129744637673));
#12105=CARTESIAN_POINT('',(36.8978485976362,1.,3.90410133577479));
#12106=CARTESIAN_POINT('Origin',(37.8525487697527,1.,3.90410133577479));
#12107=CARTESIAN_POINT('',(37.8525487697527,1.,3.90410133577479));
#12108=CARTESIAN_POINT('',(38.6762743848764,1.,3.90410133577479));
#12109=CARTESIAN_POINT('',(37.8525487697527,1.001,3.90410133577479));
#12110=CARTESIAN_POINT('',(36.8978485976362,1.001,3.90410133577479));
#12111=CARTESIAN_POINT('',(37.8525487697527,1.,3.90410133577479));
#12112=CARTESIAN_POINT('Origin',(37.8525487697527,1.,5.03100572364107));
#12113=CARTESIAN_POINT('',(37.8525487697527,1.,5.03100572364107));
#12114=CARTESIAN_POINT('',(37.8525487697527,1.,14.7655028618205));
#12115=CARTESIAN_POINT('',(37.8525487697527,1.001,5.03100572364107));
#12116=CARTESIAN_POINT('',(37.8525487697527,1.001,3.90410133577479));
#12117=CARTESIAN_POINT('',(37.8525487697527,1.,5.03100572364107));
#12118=CARTESIAN_POINT('Origin',(37.5315601115952,1.,5.03100572364107));
#12119=CARTESIAN_POINT('',(37.5315601115952,1.,5.03100572364107));
#12120=CARTESIAN_POINT('',(38.5157800557976,1.,5.03100572364107));
#12121=CARTESIAN_POINT('',(37.5315601115952,1.001,5.03100572364107));
#12122=CARTESIAN_POINT('',(37.8525487697527,1.001,5.03100572364107));
#12123=CARTESIAN_POINT('',(37.5315601115952,1.,5.03100572364107));
#12124=CARTESIAN_POINT('Origin',(37.5315601115952,1.,4.30774801749217));
#12125=CARTESIAN_POINT('',(37.5315601115952,1.,4.30774801749217));
#12126=CARTESIAN_POINT('',(37.5315601115952,1.,14.4038740087461));
#12127=CARTESIAN_POINT('',(37.5315601115952,1.001,4.30774801749217));
#12128=CARTESIAN_POINT('',(37.5315601115952,1.001,5.03100572364107));
#12129=CARTESIAN_POINT('',(37.5315601115952,1.,4.30774801749217));
#12130=CARTESIAN_POINT('Origin',(37.2491451977656,1.,4.30774801749217));
#12131=CARTESIAN_POINT('',(37.2491451977656,1.,4.30774801749217));
#12132=CARTESIAN_POINT('',(38.3745725988828,1.,4.30774801749217));
#12133=CARTESIAN_POINT('',(37.2491451977656,1.001,4.30774801749217));
#12134=CARTESIAN_POINT('',(37.5315601115952,1.001,4.30774801749217));
#12135=CARTESIAN_POINT('',(37.2491451977656,1.,4.30774801749217));
#12136=CARTESIAN_POINT('Ctrl Pts',(37.2546557326696,1.,4.46342062852993));
#12137=CARTESIAN_POINT('Ctrl Pts',(37.2546557326696,1.001,4.46342062852993));
#12138=CARTESIAN_POINT('Ctrl Pts',(37.2546557326696,1.,4.43724558773597));
#12139=CARTESIAN_POINT('Ctrl Pts',(37.2546557326696,1.001,4.43724558773597));
#12140=CARTESIAN_POINT('Ctrl Pts',(37.2519004652176,1.,4.34218886064212));
#12141=CARTESIAN_POINT('Ctrl Pts',(37.2519004652176,1.001,4.34218886064212));
#12142=CARTESIAN_POINT('Ctrl Pts',(37.2491451977656,1.,4.30774801749217));
#12143=CARTESIAN_POINT('Ctrl Pts',(37.2491451977656,1.001,4.30774801749217));
#12144=CARTESIAN_POINT('',(37.2546557326696,1.,4.46342062852993));
#12145=CARTESIAN_POINT('Ctrl Pts',(37.2491451977656,1.,4.30774801749217));
#12146=CARTESIAN_POINT('Ctrl Pts',(37.2519004652176,1.,4.34218886064212));
#12147=CARTESIAN_POINT('Ctrl Pts',(37.2546557326696,1.,4.43724558773597));
#12148=CARTESIAN_POINT('Ctrl Pts',(37.2546557326696,1.,4.46342062852993));
#12149=CARTESIAN_POINT('',(37.2546557326696,1.001,4.46342062852993));
#12150=CARTESIAN_POINT('Ctrl Pts',(37.2546557326696,1.001,4.46342062852993));
#12151=CARTESIAN_POINT('Ctrl Pts',(37.2546557326696,1.001,4.43724558773597));
#12152=CARTESIAN_POINT('Ctrl Pts',(37.2519004652176,1.001,4.34218886064212));
#12153=CARTESIAN_POINT('Ctrl Pts',(37.2491451977656,1.001,4.30774801749217));
#12154=CARTESIAN_POINT('',(37.2546557326696,1.,4.46342062852993));
#12155=CARTESIAN_POINT('Ctrl Pts',(37.1540884706718,1.,4.87395547887731));
#12156=CARTESIAN_POINT('Ctrl Pts',(37.1540884706718,1.001,4.87395547887731));
#12157=CARTESIAN_POINT('Ctrl Pts',(37.2050609185337,1.,4.79267508904343));
#12158=CARTESIAN_POINT('Ctrl Pts',(37.2050609185337,1.001,4.79267508904343));
#12159=CARTESIAN_POINT('Ctrl Pts',(37.2546557326696,1.,4.58603003014374));
#12160=CARTESIAN_POINT('Ctrl Pts',(37.2546557326696,1.001,4.58603003014374));
#12161=CARTESIAN_POINT('Ctrl Pts',(37.2546557326696,1.,4.46342062852993));
#12162=CARTESIAN_POINT('Ctrl Pts',(37.2546557326696,1.001,4.46342062852993));
#12163=CARTESIAN_POINT('',(37.1540884706718,1.,4.87395547887731));
#12164=CARTESIAN_POINT('Ctrl Pts',(37.2546557326696,1.,4.46342062852993));
#12165=CARTESIAN_POINT('Ctrl Pts',(37.2546557326696,1.,4.58603003014374));
#12166=CARTESIAN_POINT('Ctrl Pts',(37.2050609185337,1.,4.79267508904343));
#12167=CARTESIAN_POINT('Ctrl Pts',(37.1540884706718,1.,4.87395547887731));
#12168=CARTESIAN_POINT('',(37.1540884706718,1.001,4.87395547887731));
#12169=CARTESIAN_POINT('Ctrl Pts',(37.1540884706718,1.001,4.87395547887731));
#12170=CARTESIAN_POINT('Ctrl Pts',(37.2050609185337,1.001,4.79267508904343));
#12171=CARTESIAN_POINT('Ctrl Pts',(37.2546557326696,1.001,4.58603003014374));
#12172=CARTESIAN_POINT('Ctrl Pts',(37.2546557326696,1.001,4.46342062852993));
#12173=CARTESIAN_POINT('',(37.1540884706718,1.,4.87395547887731));
#12174=CARTESIAN_POINT('Ctrl Pts',(36.7283996493384,1.,5.07784527032499));
#12175=CARTESIAN_POINT('Ctrl Pts',(36.7283996493384,1.001,5.07784527032499));
#12176=CARTESIAN_POINT('Ctrl Pts',(36.8799393591982,1.,5.07784527032499));
#12177=CARTESIAN_POINT('Ctrl Pts',(36.8799393591982,1.001,5.07784527032499));
#12178=CARTESIAN_POINT('Ctrl Pts',(37.0907173192759,1.,4.97038983969716));
#12179=CARTESIAN_POINT('Ctrl Pts',(37.0907173192759,1.001,4.97038983969716));
#12180=CARTESIAN_POINT('Ctrl Pts',(37.1540884706718,1.,4.87395547887731));
#12181=CARTESIAN_POINT('Ctrl Pts',(37.1540884706718,1.001,4.87395547887731));
#12182=CARTESIAN_POINT('',(36.7283996493384,1.,5.07784527032499));
#12183=CARTESIAN_POINT('Ctrl Pts',(37.1540884706718,1.,4.87395547887731));
#12184=CARTESIAN_POINT('Ctrl Pts',(37.0907173192759,1.,4.97038983969716));
#12185=CARTESIAN_POINT('Ctrl Pts',(36.8799393591982,1.,5.07784527032499));
#12186=CARTESIAN_POINT('Ctrl Pts',(36.7283996493384,1.,5.07784527032499));
#12187=CARTESIAN_POINT('',(36.7283996493384,1.001,5.07784527032499));
#12188=CARTESIAN_POINT('Ctrl Pts',(36.7283996493384,1.001,5.07784527032499));
#12189=CARTESIAN_POINT('Ctrl Pts',(36.8799393591982,1.001,5.07784527032499));
#12190=CARTESIAN_POINT('Ctrl Pts',(37.0907173192759,1.001,4.97038983969716));
#12191=CARTESIAN_POINT('Ctrl Pts',(37.1540884706718,1.001,4.87395547887731));
#12192=CARTESIAN_POINT('',(36.7283996493384,1.,5.07784527032499));
#12193=CARTESIAN_POINT('Ctrl Pts',(36.2875568570191,1.,4.89737525221927));
#12194=CARTESIAN_POINT('Ctrl Pts',(36.2875568570191,1.001,4.89737525221927));
#12195=CARTESIAN_POINT('Ctrl Pts',(36.368837246853,1.,4.98692144440913));
#12196=CARTESIAN_POINT('Ctrl Pts',(36.368837246853,1.001,4.98692144440913));
#12197=CARTESIAN_POINT('Ctrl Pts',(36.5947691779166,1.,5.07784527032499));
#12198=CARTESIAN_POINT('Ctrl Pts',(36.5947691779166,1.001,5.07784527032499));
#12199=CARTESIAN_POINT('Ctrl Pts',(36.7283996493384,1.,5.07784527032499));
#12200=CARTESIAN_POINT('Ctrl Pts',(36.7283996493384,1.001,5.07784527032499));
#12201=CARTESIAN_POINT('Ctrl Pts',(36.7283996493384,1.,5.07784527032499));
#12202=CARTESIAN_POINT('Ctrl Pts',(36.5947691779166,1.,5.07784527032499));
#12203=CARTESIAN_POINT('Ctrl Pts',(36.368837246853,1.,4.98692144440913));
#12204=CARTESIAN_POINT('Ctrl Pts',(36.2875568570191,1.,4.89737525221927));
#12205=CARTESIAN_POINT('Ctrl Pts',(36.2875568570191,1.001,4.89737525221927));
#12206=CARTESIAN_POINT('Ctrl Pts',(36.368837246853,1.001,4.98692144440913));
#12207=CARTESIAN_POINT('Ctrl Pts',(36.5947691779166,1.001,5.07784527032499));
#12208=CARTESIAN_POINT('Ctrl Pts',(36.7283996493384,1.001,5.07784527032499));
#12209=CARTESIAN_POINT('Origin',(37.079731765588,1.001,4.41972191418402));
#12210=CARTESIAN_POINT('Origin',(33.0815785751595,1.,8.20338312208261));
#12211=CARTESIAN_POINT('',(33.0815785751595,1.,17.2527255114978));
#12212=CARTESIAN_POINT('',(33.0815785751595,1.,8.20338312208261));
#12213=CARTESIAN_POINT('',(33.0815785751595,1.,16.3516915610413));
#12214=CARTESIAN_POINT('',(33.0815785751595,1.001,17.2527255114978));
#12215=CARTESIAN_POINT('',(33.0815785751595,1.,17.2527255114978));
#12216=CARTESIAN_POINT('',(33.0815785751595,1.001,8.20338312208261));
#12217=CARTESIAN_POINT('',(33.0815785751595,1.001,8.20338312208261));
#12218=CARTESIAN_POINT('',(33.0815785751595,1.,8.20338312208261));
#12219=CARTESIAN_POINT('Origin',(37.8883672869608,1.,8.20338312208261));
#12220=CARTESIAN_POINT('',(37.8883672869608,1.,8.20338312208261));
#12221=CARTESIAN_POINT('',(38.6941836434804,1.,8.20338312208261));
#12222=CARTESIAN_POINT('',(37.8883672869608,1.001,8.20338312208261));
#12223=CARTESIAN_POINT('',(37.8883672869608,1.001,8.20338312208261));
#12224=CARTESIAN_POINT('',(37.8883672869608,1.,8.20338312208261));
#12225=CARTESIAN_POINT('Origin',(37.8883672869608,1.,17.2527255114978));
#12226=CARTESIAN_POINT('',(37.8883672869608,1.,17.2527255114978));
#12227=CARTESIAN_POINT('',(37.8883672869608,1.,20.8763627557489));
#12228=CARTESIAN_POINT('',(37.8883672869608,1.001,17.2527255114978));
#12229=CARTESIAN_POINT('',(37.8883672869608,1.001,17.2527255114978));
#12230=CARTESIAN_POINT('',(37.8883672869608,1.,17.2527255114978));
#12231=CARTESIAN_POINT('Origin',(33.0815785751595,1.,17.2527255114978));
#12232=CARTESIAN_POINT('',(36.2907892875798,1.,17.2527255114978));
#12233=CARTESIAN_POINT('',(33.0815785751595,1.001,17.2527255114978));
#12234=CARTESIAN_POINT('Origin',(35.4849729310602,1.001,12.7280543167902));
#12235=CARTESIAN_POINT('Origin',(11.3,1.,44.45));
#12236=CARTESIAN_POINT('',(11.3,1.,41.95));
#12237=CARTESIAN_POINT('',(11.3,1.,44.45));
#12238=CARTESIAN_POINT('',(11.3,1.,34.475));
#12239=CARTESIAN_POINT('',(11.3,1.001,41.95));
#12240=CARTESIAN_POINT('',(11.3,1.,41.95));
#12241=CARTESIAN_POINT('',(11.3,1.001,44.45));
#12242=CARTESIAN_POINT('',(11.3,1.001,44.45));
#12243=CARTESIAN_POINT('',(11.3,1.,44.45));
#12244=CARTESIAN_POINT('Origin',(41.3,1.,44.45));
#12245=CARTESIAN_POINT('',(41.3,1.,44.45));
#12246=CARTESIAN_POINT('',(40.4,1.,44.45));
#12247=CARTESIAN_POINT('',(41.3,1.001,44.45));
#12248=CARTESIAN_POINT('',(41.3,1.001,44.45));
#12249=CARTESIAN_POINT('',(41.3,1.,44.45));
#12250=CARTESIAN_POINT('Origin',(41.3,1.,41.95));
#12251=CARTESIAN_POINT('',(41.3,1.,41.95));
#12252=CARTESIAN_POINT('',(41.3,1.,33.225));
#12253=CARTESIAN_POINT('',(41.3,1.001,41.95));
#12254=CARTESIAN_POINT('',(41.3,1.001,41.95));
#12255=CARTESIAN_POINT('',(41.3,1.,41.95));
#12256=CARTESIAN_POINT('Origin',(11.3,1.,41.95));
#12257=CARTESIAN_POINT('',(25.4,1.,41.95));
#12258=CARTESIAN_POINT('',(11.3,1.001,41.95));
#12259=CARTESIAN_POINT('Origin',(11.,1.,44.75));
#12260=CARTESIAN_POINT('',(41.6,1.,44.75));
#12261=CARTESIAN_POINT('',(11.,1.,44.75));
#12262=CARTESIAN_POINT('',(25.25,1.,44.75));
#12263=CARTESIAN_POINT('',(41.6,1.001,44.75));
#12264=CARTESIAN_POINT('',(41.6,1.,44.75));
#12265=CARTESIAN_POINT('',(11.,1.001,44.75));
#12266=CARTESIAN_POINT('',(11.,1.001,44.75));
#12267=CARTESIAN_POINT('',(11.,1.,44.75));
#12268=CARTESIAN_POINT('Origin',(11.,1.,41.65));
#12269=CARTESIAN_POINT('',(11.,1.,41.65));
#12270=CARTESIAN_POINT('',(11.,1.,33.075));
#12271=CARTESIAN_POINT('',(11.,1.001,41.65));
#12272=CARTESIAN_POINT('',(11.,1.001,41.65));
#12273=CARTESIAN_POINT('',(11.,1.,41.65));
#12274=CARTESIAN_POINT('Origin',(41.6,1.,41.65));
#12275=CARTESIAN_POINT('',(41.6,1.,41.65));
#12276=CARTESIAN_POINT('',(40.55,1.,41.65));
#12277=CARTESIAN_POINT('',(41.6,1.001,41.65));
#12278=CARTESIAN_POINT('',(41.6,1.001,41.65));
#12279=CARTESIAN_POINT('',(41.6,1.,41.65));
#12280=CARTESIAN_POINT('Origin',(41.6,1.,44.75));
#12281=CARTESIAN_POINT('',(41.6,1.,34.625));
#12282=CARTESIAN_POINT('',(41.6,1.001,44.75));
#12283=CARTESIAN_POINT('Origin',(26.3,1.001,43.2));
#12284=CARTESIAN_POINT('Ctrl Pts',(37.0948502204539,1.,1.32792626815874));
#12285=CARTESIAN_POINT('Ctrl Pts',(37.0948502204539,1.001,1.32792626815874));
#12286=CARTESIAN_POINT('Ctrl Pts',(37.1361792322338,1.,1.37201054739068));
#12287=CARTESIAN_POINT('Ctrl Pts',(37.1361792322338,1.001,1.37201054739068));
#12288=CARTESIAN_POINT('Ctrl Pts',(37.2284806918757,1.,1.40231848936263));
#12289=CARTESIAN_POINT('Ctrl Pts',(37.2284806918757,1.001,1.40231848936263));
#12290=CARTESIAN_POINT('Ctrl Pts',(37.3056281805315,1.,1.40231848936263));
#12291=CARTESIAN_POINT('Ctrl Pts',(37.3056281805315,1.001,1.40231848936263));
#12292=CARTESIAN_POINT('',(37.0948502204539,1.,1.32792626815874));
#12293=CARTESIAN_POINT('',(37.3056281805315,1.,1.40231848936263));
#12294=CARTESIAN_POINT('Ctrl Pts',(37.0948502204539,1.,1.32792626815874));
#12295=CARTESIAN_POINT('Ctrl Pts',(37.1361792322338,1.,1.37201054739068));
#12296=CARTESIAN_POINT('Ctrl Pts',(37.2284806918757,1.,1.40231848936263));
#12297=CARTESIAN_POINT('Ctrl Pts',(37.3056281805315,1.,1.40231848936263));
#12298=CARTESIAN_POINT('',(37.0948502204539,1.001,1.32792626815874));
#12299=CARTESIAN_POINT('',(37.0948502204539,1.,1.32792626815874));
#12300=CARTESIAN_POINT('',(37.3056281805315,1.001,1.40231848936263));
#12301=CARTESIAN_POINT('Ctrl Pts',(37.3056281805315,1.001,1.40231848936263));
#12302=CARTESIAN_POINT('Ctrl Pts',(37.2284806918757,1.001,1.40231848936263));
#12303=CARTESIAN_POINT('Ctrl Pts',(37.1361792322338,1.001,1.37201054739068));
#12304=CARTESIAN_POINT('Ctrl Pts',(37.0948502204539,1.001,1.32792626815874));
#12305=CARTESIAN_POINT('',(37.3056281805315,1.,1.40231848936263));
#12306=CARTESIAN_POINT('Ctrl Pts',(37.0356119702359,1.,1.19705106418894));
#12307=CARTESIAN_POINT('Ctrl Pts',(37.0356119702359,1.001,1.19705106418894));
#12308=CARTESIAN_POINT('Ctrl Pts',(37.0411225051399,1.,1.23149190733889));
#12309=CARTESIAN_POINT('Ctrl Pts',(37.0411225051399,1.001,1.23149190733889));
#12310=CARTESIAN_POINT('Ctrl Pts',(37.0741857145639,1.,1.30726176226877));
#12311=CARTESIAN_POINT('Ctrl Pts',(37.0741857145639,1.001,1.30726176226877));
#12312=CARTESIAN_POINT('Ctrl Pts',(37.0948502204539,1.,1.32792626815874));
#12313=CARTESIAN_POINT('Ctrl Pts',(37.0948502204539,1.001,1.32792626815874));
#12314=CARTESIAN_POINT('',(37.035611970236,1.,1.19705106418894));
#12315=CARTESIAN_POINT('Ctrl Pts',(37.0356119702359,1.,1.19705106418894));
#12316=CARTESIAN_POINT('Ctrl Pts',(37.0411225051399,1.,1.23149190733889));
#12317=CARTESIAN_POINT('Ctrl Pts',(37.0741857145639,1.,1.30726176226877));
#12318=CARTESIAN_POINT('Ctrl Pts',(37.0948502204539,1.,1.32792626815874));
#12319=CARTESIAN_POINT('',(37.035611970236,1.001,1.19705106418894));
#12320=CARTESIAN_POINT('',(37.035611970236,1.,1.19705106418894));
#12321=CARTESIAN_POINT('Ctrl Pts',(37.0948502204539,1.001,1.32792626815874));
#12322=CARTESIAN_POINT('Ctrl Pts',(37.0741857145639,1.001,1.30726176226877));
#12323=CARTESIAN_POINT('Ctrl Pts',(37.0411225051399,1.001,1.23149190733889));
#12324=CARTESIAN_POINT('Ctrl Pts',(37.0356119702359,1.001,1.19705106418894));
#12325=CARTESIAN_POINT('Ctrl Pts',(37.025968534154,1.,0.990406005289262));
#12326=CARTESIAN_POINT('Ctrl Pts',(37.025968534154,1.001,0.990406005289262));
#12327=CARTESIAN_POINT('Ctrl Pts',(37.025968534154,1.,1.04964425550717));
#12328=CARTESIAN_POINT('Ctrl Pts',(37.025968534154,1.001,1.04964425550717));
#12329=CARTESIAN_POINT('Ctrl Pts',(37.028723801606,1.,1.157099686135));
#12330=CARTESIAN_POINT('Ctrl Pts',(37.028723801606,1.001,1.157099686135));
#12331=CARTESIAN_POINT('Ctrl Pts',(37.0356119702359,1.,1.19705106418894));
#12332=CARTESIAN_POINT('Ctrl Pts',(37.0356119702359,1.001,1.19705106418894));
#12333=CARTESIAN_POINT('',(37.025968534154,1.,0.990406005289262));
#12334=CARTESIAN_POINT('Ctrl Pts',(37.025968534154,1.,0.990406005289262));
#12335=CARTESIAN_POINT('Ctrl Pts',(37.025968534154,1.,1.04964425550717));
#12336=CARTESIAN_POINT('Ctrl Pts',(37.028723801606,1.,1.157099686135));
#12337=CARTESIAN_POINT('Ctrl Pts',(37.0356119702359,1.,1.19705106418894));
#12338=CARTESIAN_POINT('',(37.025968534154,1.001,0.990406005289262));
#12339=CARTESIAN_POINT('',(37.025968534154,1.,0.990406005289262));
#12340=CARTESIAN_POINT('Ctrl Pts',(37.0356119702359,1.001,1.19705106418894));
#12341=CARTESIAN_POINT('Ctrl Pts',(37.028723801606,1.001,1.157099686135));
#12342=CARTESIAN_POINT('Ctrl Pts',(37.025968534154,1.001,1.04964425550717));
#12343=CARTESIAN_POINT('Ctrl Pts',(37.025968534154,1.001,0.990406005289262));
#12344=CARTESIAN_POINT('Origin',(37.025968534154,1.,0.960098063317307));
#12345=CARTESIAN_POINT('',(37.025968534154,1.,0.960098063317307));
#12346=CARTESIAN_POINT('',(37.025968534154,1.,12.7300490316587));
#12347=CARTESIAN_POINT('',(37.025968534154,1.001,0.960098063317307));
#12348=CARTESIAN_POINT('',(37.025968534154,1.,0.960098063317307));
#12349=CARTESIAN_POINT('',(37.025968534154,1.001,0.969086502758896));
#12350=CARTESIAN_POINT('Origin',(37.5356930127732,1.,0.960098063317307));
#12351=CARTESIAN_POINT('',(37.5356930127732,1.,0.960098063317307));
#12352=CARTESIAN_POINT('',(38.5178465063866,1.,0.960098063317307));
#12353=CARTESIAN_POINT('',(37.5356930127732,1.001,0.960098063317307));
#12354=CARTESIAN_POINT('',(37.5356930127732,1.,0.960098063317307));
#12355=CARTESIAN_POINT('',(37.2926612158253,1.001,0.960098063317307));
#12356=CARTESIAN_POINT('Origin',(37.5356930127732,1.,1.02071394726121));
#12357=CARTESIAN_POINT('',(37.5356930127732,1.,1.02071394726121));
#12358=CARTESIAN_POINT('',(37.5356930127732,1.,12.7603569736306));
#12359=CARTESIAN_POINT('',(37.5356930127732,1.001,1.02071394726121));
#12360=CARTESIAN_POINT('',(37.5356930127732,1.,1.02071394726121));
#12361=CARTESIAN_POINT('',(37.5356930127732,1.001,0.999394444730848));
#12362=CARTESIAN_POINT('Ctrl Pts',(37.5012521696232,1.,1.28659725637881));
#12363=CARTESIAN_POINT('Ctrl Pts',(37.5012521696232,1.001,1.28659725637881));
#12364=CARTESIAN_POINT('Ctrl Pts',(37.5274272104172,1.,1.2259813724349));
#12365=CARTESIAN_POINT('Ctrl Pts',(37.5274272104172,1.001,1.2259813724349));
#12366=CARTESIAN_POINT('Ctrl Pts',(37.5356930127732,1.,1.11577067435507));
#12367=CARTESIAN_POINT('Ctrl Pts',(37.5356930127732,1.001,1.11577067435507));
#12368=CARTESIAN_POINT('Ctrl Pts',(37.5356930127732,1.,1.02071394726121));
#12369=CARTESIAN_POINT('Ctrl Pts',(37.5356930127732,1.001,1.02071394726121));
#12370=CARTESIAN_POINT('',(37.5012521696232,1.,1.28659725637881));
#12371=CARTESIAN_POINT('Ctrl Pts',(37.5012521696232,1.,1.28659725637881));
#12372=CARTESIAN_POINT('Ctrl Pts',(37.5274272104172,1.,1.2259813724349));
#12373=CARTESIAN_POINT('Ctrl Pts',(37.5356930127732,1.,1.11577067435507));
#12374=CARTESIAN_POINT('Ctrl Pts',(37.5356930127732,1.,1.02071394726121));
#12375=CARTESIAN_POINT('',(37.5012521696232,1.001,1.28659725637881));
#12376=CARTESIAN_POINT('',(37.5012521696232,1.,1.28659725637881));
#12377=CARTESIAN_POINT('Ctrl Pts',(37.5356930127732,1.001,1.02071394726121));
#12378=CARTESIAN_POINT('Ctrl Pts',(37.5356930127732,1.001,1.11577067435507));
#12379=CARTESIAN_POINT('Ctrl Pts',(37.5274272104172,1.001,1.2259813724349));
#12380=CARTESIAN_POINT('Ctrl Pts',(37.5012521696232,1.001,1.28659725637881));
#12381=CARTESIAN_POINT('Ctrl Pts',(37.3056281805315,1.,1.40231848936263));
#12382=CARTESIAN_POINT('Ctrl Pts',(37.3056281805315,1.001,1.40231848936263));
#12383=CARTESIAN_POINT('Ctrl Pts',(37.3786427680094,1.,1.40231848936263));
#12384=CARTESIAN_POINT('Ctrl Pts',(37.3786427680094,1.001,1.40231848936263));
#12385=CARTESIAN_POINT('Ctrl Pts',(37.4819652974593,1.,1.33343680306274));
#12386=CARTESIAN_POINT('Ctrl Pts',(37.4819652974593,1.001,1.33343680306274));
#12387=CARTESIAN_POINT('Ctrl Pts',(37.5012521696232,1.,1.28659725637881));
#12388=CARTESIAN_POINT('Ctrl Pts',(37.5012521696232,1.001,1.28659725637881));
#12389=CARTESIAN_POINT('Ctrl Pts',(37.3056281805315,1.,1.40231848936263));
#12390=CARTESIAN_POINT('Ctrl Pts',(37.3786427680094,1.,1.40231848936263));
#12391=CARTESIAN_POINT('Ctrl Pts',(37.4819652974593,1.,1.33343680306274));
#12392=CARTESIAN_POINT('Ctrl Pts',(37.5012521696232,1.,1.28659725637881));
#12393=CARTESIAN_POINT('Ctrl Pts',(37.5012521696232,1.001,1.28659725637881));
#12394=CARTESIAN_POINT('Ctrl Pts',(37.4819652974593,1.001,1.33343680306274));
#12395=CARTESIAN_POINT('Ctrl Pts',(37.3786427680094,1.001,1.40231848936263));
#12396=CARTESIAN_POINT('Ctrl Pts',(37.3056281805315,1.001,1.40231848936263));
#12397=CARTESIAN_POINT('Ctrl Pts',(36.7655957599404,1.,1.4849765129225));
#12398=CARTESIAN_POINT('Ctrl Pts',(36.7655957599404,1.001,1.4849765129225));
#12399=CARTESIAN_POINT('Ctrl Pts',(36.7917708007343,1.,1.54697003059241));
#12400=CARTESIAN_POINT('Ctrl Pts',(36.7917708007343,1.001,1.54697003059241));
#12401=CARTESIAN_POINT('Ctrl Pts',(36.8661630219382,1.,1.65167019376824));
#12402=CARTESIAN_POINT('Ctrl Pts',(36.8661630219382,1.001,1.65167019376824));
#12403=CARTESIAN_POINT('Ctrl Pts',(36.9116249348961,1.,1.69437683927418));
#12404=CARTESIAN_POINT('Ctrl Pts',(36.9116249348961,1.001,1.69437683927418));
#12405=CARTESIAN_POINT('',(36.9116249348961,1.,1.69437683927418));
#12406=CARTESIAN_POINT('',(36.7655957599404,1.,1.4849765129225));
#12407=CARTESIAN_POINT('Ctrl Pts',(36.9116249348961,1.,1.69437683927418));
#12408=CARTESIAN_POINT('Ctrl Pts',(36.8661630219382,1.,1.65167019376824));
#12409=CARTESIAN_POINT('Ctrl Pts',(36.7917708007343,1.,1.54697003059241));
#12410=CARTESIAN_POINT('Ctrl Pts',(36.7655957599404,1.,1.4849765129225));
#12411=CARTESIAN_POINT('',(36.9116249348961,1.001,1.69437683927418));
#12412=CARTESIAN_POINT('',(36.9116249348961,1.,1.69437683927418));
#12413=CARTESIAN_POINT('',(36.7655957599404,1.001,1.4849765129225));
#12414=CARTESIAN_POINT('Ctrl Pts',(36.7655957599404,1.001,1.4849765129225));
#12415=CARTESIAN_POINT('Ctrl Pts',(36.7917708007343,1.001,1.54697003059241));
#12416=CARTESIAN_POINT('Ctrl Pts',(36.8661630219382,1.001,1.65167019376824));
#12417=CARTESIAN_POINT('Ctrl Pts',(36.9116249348961,1.001,1.69437683927418));
#12418=CARTESIAN_POINT('',(36.7655957599404,1.,1.4849765129225));
#12419=CARTESIAN_POINT('Ctrl Pts',(36.7091127771744,1.,1.18327472692896));
#12420=CARTESIAN_POINT('Ctrl Pts',(36.7091127771744,1.001,1.18327472692896));
#12421=CARTESIAN_POINT('Ctrl Pts',(36.7091127771744,1.,1.27419855284483));
#12422=CARTESIAN_POINT('Ctrl Pts',(36.7091127771744,1.001,1.27419855284483));
#12423=CARTESIAN_POINT('Ctrl Pts',(36.7394207191464,1.,1.4216053615266));
#12424=CARTESIAN_POINT('Ctrl Pts',(36.7394207191464,1.001,1.4216053615266));
#12425=CARTESIAN_POINT('Ctrl Pts',(36.7655957599404,1.,1.4849765129225));
#12426=CARTESIAN_POINT('Ctrl Pts',(36.7655957599404,1.001,1.4849765129225));
#12427=CARTESIAN_POINT('',(36.7091127771744,1.,1.18327472692896));
#12428=CARTESIAN_POINT('Ctrl Pts',(36.7655957599404,1.,1.4849765129225));
#12429=CARTESIAN_POINT('Ctrl Pts',(36.7394207191464,1.,1.4216053615266));
#12430=CARTESIAN_POINT('Ctrl Pts',(36.7091127771744,1.,1.27419855284483));
#12431=CARTESIAN_POINT('Ctrl Pts',(36.7091127771744,1.,1.18327472692896));
#12432=CARTESIAN_POINT('',(36.7091127771744,1.001,1.18327472692896));
#12433=CARTESIAN_POINT('Ctrl Pts',(36.7091127771744,1.001,1.18327472692896));
#12434=CARTESIAN_POINT('Ctrl Pts',(36.7091127771744,1.001,1.27419855284483));
#12435=CARTESIAN_POINT('Ctrl Pts',(36.7394207191464,1.001,1.4216053615266));
#12436=CARTESIAN_POINT('Ctrl Pts',(36.7655957599404,1.001,1.4849765129225));
#12437=CARTESIAN_POINT('',(36.7091127771744,1.,1.18327472692896));
#12438=CARTESIAN_POINT('Origin',(36.7091127771744,1.,0.960098063317307));
#12439=CARTESIAN_POINT('',(36.7091127771744,1.,0.960098063317307));
#12440=CARTESIAN_POINT('',(36.7091127771744,1.,12.7300490316587));
#12441=CARTESIAN_POINT('',(36.7091127771744,1.001,0.960098063317307));
#12442=CARTESIAN_POINT('',(36.7091127771744,1.001,1.18327472692896));
#12443=CARTESIAN_POINT('',(36.7091127771744,1.,0.960098063317307));
#12444=CARTESIAN_POINT('Origin',(36.1525487518713,1.,0.960098063317307));
#12445=CARTESIAN_POINT('',(36.1525487518713,1.,0.960098063317307));
#12446=CARTESIAN_POINT('',(37.8262743759357,1.,0.960098063317307));
#12447=CARTESIAN_POINT('',(36.1525487518713,1.001,0.960098063317307));
#12448=CARTESIAN_POINT('',(36.7091127771744,1.001,0.960098063317307));
#12449=CARTESIAN_POINT('',(36.1525487518713,1.,0.960098063317307));
#12450=CARTESIAN_POINT('Origin',(36.1525487518713,1.,0.533031608257963));
#12451=CARTESIAN_POINT('',(36.1525487518713,1.,0.533031608257963));
#12452=CARTESIAN_POINT('',(36.1525487518713,1.,12.516515804129));
#12453=CARTESIAN_POINT('',(36.1525487518713,1.001,0.533031608257963));
#12454=CARTESIAN_POINT('',(36.1525487518713,1.001,0.960098063317307));
#12455=CARTESIAN_POINT('',(36.1525487518713,1.,0.533031608257963));
#12456=CARTESIAN_POINT('Origin',(37.8525487697527,1.,0.533031608257963));
#12457=CARTESIAN_POINT('',(37.8525487697527,1.,0.533031608257963));
#12458=CARTESIAN_POINT('',(38.6762743848764,1.,0.533031608257963));
#12459=CARTESIAN_POINT('',(37.8525487697527,1.001,0.533031608257963));
#12460=CARTESIAN_POINT('',(36.1525487518713,1.001,0.533031608257963));
#12461=CARTESIAN_POINT('',(37.8525487697527,1.,0.533031608257963));
#12462=CARTESIAN_POINT('Origin',(37.8525487697527,1.,1.19291816301095));
#12463=CARTESIAN_POINT('',(37.8525487697527,1.,1.19291816301095));
#12464=CARTESIAN_POINT('',(37.8525487697527,1.,12.8464590815055));
#12465=CARTESIAN_POINT('',(37.8525487697527,1.001,1.19291816301095));
#12466=CARTESIAN_POINT('',(37.8525487697527,1.001,0.533031608257963));
#12467=CARTESIAN_POINT('',(37.8525487697527,1.,1.19291816301095));
#12468=CARTESIAN_POINT('Ctrl Pts',(37.7409604379469,1.,1.63927149023427));
#12469=CARTESIAN_POINT('Ctrl Pts',(37.7409604379469,1.001,1.63927149023427));
#12470=CARTESIAN_POINT('Ctrl Pts',(37.7988210544388,1.,1.5524805654964));
#12471=CARTESIAN_POINT('Ctrl Pts',(37.7988210544388,1.001,1.5524805654964));
#12472=CARTESIAN_POINT('Ctrl Pts',(37.8525487697527,1.,1.33894733796672));
#12473=CARTESIAN_POINT('Ctrl Pts',(37.8525487697527,1.001,1.33894733796672));
#12474=CARTESIAN_POINT('Ctrl Pts',(37.8525487697527,1.,1.19291816301095));
#12475=CARTESIAN_POINT('Ctrl Pts',(37.8525487697527,1.001,1.19291816301095));
#12476=CARTESIAN_POINT('',(37.7409604379469,1.,1.63927149023427));
#12477=CARTESIAN_POINT('Ctrl Pts',(37.8525487697527,1.,1.19291816301095));
#12478=CARTESIAN_POINT('Ctrl Pts',(37.8525487697527,1.,1.33894733796672));
#12479=CARTESIAN_POINT('Ctrl Pts',(37.7988210544388,1.,1.5524805654964));
#12480=CARTESIAN_POINT('Ctrl Pts',(37.7409604379469,1.,1.63927149023427));
#12481=CARTESIAN_POINT('',(37.7409604379469,1.001,1.63927149023427));
#12482=CARTESIAN_POINT('Ctrl Pts',(37.7409604379469,1.001,1.63927149023427));
#12483=CARTESIAN_POINT('Ctrl Pts',(37.7988210544388,1.001,1.5524805654964));
#12484=CARTESIAN_POINT('Ctrl Pts',(37.8525487697527,1.001,1.33894733796672));
#12485=CARTESIAN_POINT('Ctrl Pts',(37.8525487697527,1.001,1.19291816301095));
#12486=CARTESIAN_POINT('',(37.7409604379469,1.,1.63927149023427));
#12487=CARTESIAN_POINT('Ctrl Pts',(37.3166492503395,1.,1.84040601422996));
#12488=CARTESIAN_POINT('Ctrl Pts',(37.3166492503395,1.001,1.84040601422996));
#12489=CARTESIAN_POINT('Ctrl Pts',(37.4640560590213,1.,1.84040601422996));
#12490=CARTESIAN_POINT('Ctrl Pts',(37.4640560590213,1.001,1.84040601422996));
#12491=CARTESIAN_POINT('Ctrl Pts',(37.676211652825,1.,1.73570585105412));
#12492=CARTESIAN_POINT('Ctrl Pts',(37.676211652825,1.001,1.73570585105412));
#12493=CARTESIAN_POINT('Ctrl Pts',(37.7409604379469,1.,1.63927149023427));
#12494=CARTESIAN_POINT('Ctrl Pts',(37.7409604379469,1.001,1.63927149023427));
#12495=CARTESIAN_POINT('',(37.3166492503395,1.,1.84040601422996));
#12496=CARTESIAN_POINT('Ctrl Pts',(37.7409604379469,1.,1.63927149023427));
#12497=CARTESIAN_POINT('Ctrl Pts',(37.676211652825,1.,1.73570585105412));
#12498=CARTESIAN_POINT('Ctrl Pts',(37.4640560590213,1.,1.84040601422996));
#12499=CARTESIAN_POINT('Ctrl Pts',(37.3166492503395,1.,1.84040601422996));
#12500=CARTESIAN_POINT('',(37.3166492503395,1.001,1.84040601422996));
#12501=CARTESIAN_POINT('Ctrl Pts',(37.3166492503395,1.001,1.84040601422996));
#12502=CARTESIAN_POINT('Ctrl Pts',(37.4640560590213,1.001,1.84040601422996));
#12503=CARTESIAN_POINT('Ctrl Pts',(37.676211652825,1.001,1.73570585105412));
#12504=CARTESIAN_POINT('Ctrl Pts',(37.7409604379469,1.001,1.63927149023427));
#12505=CARTESIAN_POINT('',(37.3166492503395,1.,1.84040601422996));
#12506=CARTESIAN_POINT('Ctrl Pts',(36.9116249348961,1.,1.69437683927418));
#12507=CARTESIAN_POINT('Ctrl Pts',(36.9116249348961,1.001,1.69437683927418));
#12508=CARTESIAN_POINT('Ctrl Pts',(36.983261888648,1.,1.76463615930007));
#12509=CARTESIAN_POINT('Ctrl Pts',(36.983261888648,1.001,1.76463615930007));
#12510=CARTESIAN_POINT('Ctrl Pts',(37.1981727499037,1.,1.84040601422996));
#12511=CARTESIAN_POINT('Ctrl Pts',(37.1981727499037,1.001,1.84040601422996));
#12512=CARTESIAN_POINT('Ctrl Pts',(37.3166492503395,1.,1.84040601422996));
#12513=CARTESIAN_POINT('Ctrl Pts',(37.3166492503395,1.001,1.84040601422996));
#12514=CARTESIAN_POINT('Ctrl Pts',(37.3166492503395,1.,1.84040601422996));
#12515=CARTESIAN_POINT('Ctrl Pts',(37.1981727499037,1.,1.84040601422996));
#12516=CARTESIAN_POINT('Ctrl Pts',(36.983261888648,1.,1.76463615930007));
#12517=CARTESIAN_POINT('Ctrl Pts',(36.9116249348961,1.,1.69437683927418));
#12518=CARTESIAN_POINT('Ctrl Pts',(36.9116249348961,1.001,1.69437683927418));
#12519=CARTESIAN_POINT('Ctrl Pts',(36.983261888648,1.001,1.76463615930007));
#12520=CARTESIAN_POINT('Ctrl Pts',(37.1981727499037,1.001,1.84040601422996));
#12521=CARTESIAN_POINT('Ctrl Pts',(37.3166492503395,1.001,1.84040601422996));
#12522=CARTESIAN_POINT('Origin',(37.0496294188775,1.001,0.978074942200484));
#12523=CARTESIAN_POINT('Origin',(37.3373137562295,1.,2.45896355720301));
#12524=CARTESIAN_POINT('',(36.1525487518713,1.,3.114717210778));
#12525=CARTESIAN_POINT('',(37.3373137562295,1.,2.45896355720301));
#12526=CARTESIAN_POINT('',(33.4957797436217,1.,4.58520796418127));
#12527=CARTESIAN_POINT('',(36.1525487518713,1.001,3.114717210778));
#12528=CARTESIAN_POINT('',(36.1525487518713,1.,3.114717210778));
#12529=CARTESIAN_POINT('',(37.3373137562295,1.001,2.45896355720301));
#12530=CARTESIAN_POINT('',(36.1525487518713,1.001,3.114717210778));
#12531=CARTESIAN_POINT('',(37.3373137562295,1.,2.45896355720301));
#12532=CARTESIAN_POINT('Origin',(36.1525487518713,1.,2.45896355720301));
#12533=CARTESIAN_POINT('',(36.1525487518713,1.,2.45896355720301));
#12534=CARTESIAN_POINT('',(37.8262743759357,1.,2.45896355720301));
#12535=CARTESIAN_POINT('',(36.1525487518713,1.001,2.45896355720301));
#12536=CARTESIAN_POINT('',(37.3373137562295,1.001,2.45896355720301));
#12537=CARTESIAN_POINT('',(36.1525487518713,1.,2.45896355720301));
#12538=CARTESIAN_POINT('Origin',(36.1525487518713,1.,2.06909321274561));
#12539=CARTESIAN_POINT('',(36.1525487518713,1.,2.06909321274561));
#12540=CARTESIAN_POINT('',(36.1525487518713,1.,13.2845466063728));
#12541=CARTESIAN_POINT('',(36.1525487518713,1.001,2.06909321274561));
#12542=CARTESIAN_POINT('',(36.1525487518713,1.001,2.45896355720301));
#12543=CARTESIAN_POINT('',(36.1525487518713,1.,2.06909321274561));
#12544=CARTESIAN_POINT('Origin',(37.8525487697527,1.,2.06909321274561));
#12545=CARTESIAN_POINT('',(37.8525487697527,1.,2.06909321274561));
#12546=CARTESIAN_POINT('',(38.6762743848764,1.,2.06909321274561));
#12547=CARTESIAN_POINT('',(37.8525487697527,1.001,2.06909321274561));
#12548=CARTESIAN_POINT('',(36.1525487518713,1.001,2.06909321274561));
#12549=CARTESIAN_POINT('',(37.8525487697527,1.,2.06909321274561));
#12550=CARTESIAN_POINT('Origin',(37.8525487697527,1.,2.5925940286248));
#12551=CARTESIAN_POINT('',(37.8525487697527,1.,2.5925940286248));
#12552=CARTESIAN_POINT('',(37.8525487697527,1.,13.5462970143124));
#12553=CARTESIAN_POINT('',(37.8525487697527,1.001,2.5925940286248));
#12554=CARTESIAN_POINT('',(37.8525487697527,1.001,2.06909321274561));
#12555=CARTESIAN_POINT('',(37.8525487697527,1.,2.5925940286248));
#12556=CARTESIAN_POINT('Origin',(36.8785617254722,1.,3.13538171666797));
#12557=CARTESIAN_POINT('',(36.8785617254722,1.,3.13538171666797));
#12558=CARTESIAN_POINT('',(33.3363022937313,1.,5.10942728400305));
#12559=CARTESIAN_POINT('',(36.8785617254722,1.001,3.13538171666797));
#12560=CARTESIAN_POINT('',(37.8525487697527,1.001,2.5925940286248));
#12561=CARTESIAN_POINT('',(36.8785617254722,1.,3.13538171666797));
#12562=CARTESIAN_POINT('Origin',(37.8525487697527,1.,3.13538171666797));
#12563=CARTESIAN_POINT('',(37.8525487697527,1.,3.13538171666797));
#12564=CARTESIAN_POINT('',(38.6762743848764,1.,3.13538171666797));
#12565=CARTESIAN_POINT('',(37.8525487697527,1.001,3.13538171666797));
#12566=CARTESIAN_POINT('',(36.8785617254722,1.001,3.13538171666797));
#12567=CARTESIAN_POINT('',(37.8525487697527,1.,3.13538171666797));
#12568=CARTESIAN_POINT('Origin',(37.8525487697527,1.,3.52525206112537));
#12569=CARTESIAN_POINT('',(37.8525487697527,1.,3.52525206112537));
#12570=CARTESIAN_POINT('',(37.8525487697527,1.,14.0126260305627));
#12571=CARTESIAN_POINT('',(37.8525487697527,1.001,3.52525206112537));
#12572=CARTESIAN_POINT('',(37.8525487697527,1.001,3.13538171666797));
#12573=CARTESIAN_POINT('',(37.8525487697527,1.,3.52525206112537));
#12574=CARTESIAN_POINT('Origin',(36.1525487518713,1.,3.52525206112537));
#12575=CARTESIAN_POINT('',(36.1525487518713,1.,3.52525206112537));
#12576=CARTESIAN_POINT('',(37.8262743759357,1.,3.52525206112537));
#12577=CARTESIAN_POINT('',(36.1525487518713,1.001,3.52525206112537));
#12578=CARTESIAN_POINT('',(37.8525487697527,1.001,3.52525206112537));
#12579=CARTESIAN_POINT('',(36.1525487518713,1.,3.52525206112537));
#12580=CARTESIAN_POINT('Origin',(36.1525487518713,1.,3.114717210778));
#12581=CARTESIAN_POINT('',(36.1525487518713,1.,13.807358605389));
#12582=CARTESIAN_POINT('',(36.1525487518713,1.001,3.52525206112537));
#12583=CARTESIAN_POINT('Origin',(37.0231077433193,1.001,2.79303895242333));
#12584=CARTESIAN_POINT('Ctrl Pts',(36.1167302749954,1.,5.87273993022577));
#12585=CARTESIAN_POINT('Ctrl Pts',(36.1167302749954,1.001,5.87273993022577));
#12586=CARTESIAN_POINT('Ctrl Pts',(36.1167302749954,1.,6.0476994134275));
#12587=CARTESIAN_POINT('Ctrl Pts',(36.1167302749954,1.001,6.0476994134275));
#12588=CARTESIAN_POINT('Ctrl Pts',(36.1938777636512,1.,6.29154058292913));
#12589=CARTESIAN_POINT('Ctrl Pts',(36.1938777636512,1.001,6.29154058292913));
#12590=CARTESIAN_POINT('Ctrl Pts',(36.2655147174031,1.,6.38108677511899));
#12591=CARTESIAN_POINT('Ctrl Pts',(36.2655147174031,1.001,6.38108677511899));
#12592=CARTESIAN_POINT('',(36.2655147174031,1.,6.38108677511899));
#12593=CARTESIAN_POINT('',(36.1167302749954,1.,5.87273993022577));
#12594=CARTESIAN_POINT('Ctrl Pts',(36.2655147174031,1.,6.38108677511899));
#12595=CARTESIAN_POINT('Ctrl Pts',(36.1938777636512,1.,6.29154058292913));
#12596=CARTESIAN_POINT('Ctrl Pts',(36.1167302749954,1.,6.0476994134275));
#12597=CARTESIAN_POINT('Ctrl Pts',(36.1167302749954,1.,5.87273993022577));
#12598=CARTESIAN_POINT('',(36.2655147174031,1.001,6.38108677511899));
#12599=CARTESIAN_POINT('',(36.2655147174031,1.,6.38108677511899));
#12600=CARTESIAN_POINT('',(36.1167302749954,1.001,5.87273993022577));
#12601=CARTESIAN_POINT('Ctrl Pts',(36.1167302749954,1.001,5.87273993022577));
#12602=CARTESIAN_POINT('Ctrl Pts',(36.1167302749954,1.001,6.0476994134275));
#12603=CARTESIAN_POINT('Ctrl Pts',(36.1938777636512,1.001,6.29154058292913));
#12604=CARTESIAN_POINT('Ctrl Pts',(36.2655147174031,1.001,6.38108677511899));
#12605=CARTESIAN_POINT('',(36.1167302749954,1.,5.87273993022577));
#12606=CARTESIAN_POINT('Ctrl Pts',(36.2241857056232,1.,5.30102193393664));
#12607=CARTESIAN_POINT('Ctrl Pts',(36.2241857056232,1.001,5.30102193393664));
#12608=CARTESIAN_POINT('Ctrl Pts',(36.1828566938433,1.,5.39056812612651));
#12609=CARTESIAN_POINT('Ctrl Pts',(36.1828566938433,1.001,5.39056812612651));
#12610=CARTESIAN_POINT('Ctrl Pts',(36.1167302749954,1.,5.67436067368207));
#12611=CARTESIAN_POINT('Ctrl Pts',(36.1167302749954,1.001,5.67436067368207));
#12612=CARTESIAN_POINT('Ctrl Pts',(36.1167302749954,1.,5.87273993022577));
#12613=CARTESIAN_POINT('Ctrl Pts',(36.1167302749954,1.001,5.87273993022577));
#12614=CARTESIAN_POINT('',(36.2241857056232,1.,5.30102193393664));
#12615=CARTESIAN_POINT('Ctrl Pts',(36.1167302749954,1.,5.87273993022577));
#12616=CARTESIAN_POINT('Ctrl Pts',(36.1167302749954,1.,5.67436067368207));
#12617=CARTESIAN_POINT('Ctrl Pts',(36.1828566938433,1.,5.39056812612651));
#12618=CARTESIAN_POINT('Ctrl Pts',(36.2241857056232,1.,5.30102193393664));
#12619=CARTESIAN_POINT('',(36.2241857056232,1.001,5.30102193393664));
#12620=CARTESIAN_POINT('Ctrl Pts',(36.2241857056232,1.001,5.30102193393664));
#12621=CARTESIAN_POINT('Ctrl Pts',(36.1828566938433,1.001,5.39056812612651));
#12622=CARTESIAN_POINT('Ctrl Pts',(36.1167302749954,1.001,5.67436067368207));
#12623=CARTESIAN_POINT('Ctrl Pts',(36.1167302749954,1.001,5.87273993022577));
#12624=CARTESIAN_POINT('',(36.2241857056232,1.,5.30102193393664));
#12625=CARTESIAN_POINT('Origin',(36.5933915441906,1.,5.30102193393664));
#12626=CARTESIAN_POINT('',(36.5933915441906,1.,5.30102193393664));
#12627=CARTESIAN_POINT('',(38.0466957720953,1.,5.30102193393664));
#12628=CARTESIAN_POINT('',(36.5933915441906,1.001,5.30102193393664));
#12629=CARTESIAN_POINT('',(36.2241857056232,1.001,5.30102193393664));
#12630=CARTESIAN_POINT('',(36.5933915441906,1.,5.30102193393664));
#12631=CARTESIAN_POINT('Origin',(36.5933915441906,1.,5.34235094571658));
#12632=CARTESIAN_POINT('',(36.5933915441906,1.,5.34235094571658));
#12633=CARTESIAN_POINT('',(36.5933915441906,1.,14.9211754728583));
#12634=CARTESIAN_POINT('',(36.5933915441906,1.001,5.34235094571658));
#12635=CARTESIAN_POINT('',(36.5933915441906,1.001,5.30102193393664));
#12636=CARTESIAN_POINT('',(36.5933915441906,1.,5.34235094571658));
#12637=CARTESIAN_POINT('Ctrl Pts',(36.4459847355089,1.,5.79283717411789));
#12638=CARTESIAN_POINT('Ctrl Pts',(36.4459847355089,1.001,5.79283717411789));
#12639=CARTESIAN_POINT('Ctrl Pts',(36.4459847355089,1.,5.68813701094206));
#12640=CARTESIAN_POINT('Ctrl Pts',(36.4459847355089,1.001,5.68813701094206));
#12641=CARTESIAN_POINT('Ctrl Pts',(36.5341532939727,1.,5.43603003908444));
#12642=CARTESIAN_POINT('Ctrl Pts',(36.5341532939727,1.001,5.43603003908444));
#12643=CARTESIAN_POINT('Ctrl Pts',(36.5933915441906,1.,5.34235094571658));
#12644=CARTESIAN_POINT('Ctrl Pts',(36.5933915441906,1.001,5.34235094571658));
#12645=CARTESIAN_POINT('',(36.4459847355089,1.,5.79283717411789));
#12646=CARTESIAN_POINT('Ctrl Pts',(36.5933915441906,1.,5.34235094571658));
#12647=CARTESIAN_POINT('Ctrl Pts',(36.5341532939727,1.,5.43603003908444));
#12648=CARTESIAN_POINT('Ctrl Pts',(36.4459847355089,1.,5.68813701094206));
#12649=CARTESIAN_POINT('Ctrl Pts',(36.4459847355089,1.,5.79283717411789));
#12650=CARTESIAN_POINT('',(36.4459847355089,1.001,5.79283717411789));
#12651=CARTESIAN_POINT('Ctrl Pts',(36.4459847355089,1.001,5.79283717411789));
#12652=CARTESIAN_POINT('Ctrl Pts',(36.4459847355089,1.001,5.68813701094206));
#12653=CARTESIAN_POINT('Ctrl Pts',(36.5341532939727,1.001,5.43603003908444));
#12654=CARTESIAN_POINT('Ctrl Pts',(36.5933915441906,1.001,5.34235094571658));
#12655=CARTESIAN_POINT('',(36.4459847355089,1.,5.79283717411789));
#12656=CARTESIAN_POINT('Ctrl Pts',(36.5038453520008,1.,6.0490770471535));
#12657=CARTESIAN_POINT('Ctrl Pts',(36.5038453520008,1.001,6.0490770471535));
#12658=CARTESIAN_POINT('Ctrl Pts',(36.4680268751248,1.,5.99948223301757));
#12659=CARTESIAN_POINT('Ctrl Pts',(36.4680268751248,1.001,5.99948223301757));
#12660=CARTESIAN_POINT('Ctrl Pts',(36.4459847355089,1.,5.8548306917878));
#12661=CARTESIAN_POINT('Ctrl Pts',(36.4459847355089,1.001,5.8548306917878));
#12662=CARTESIAN_POINT('Ctrl Pts',(36.4459847355089,1.,5.79283717411789));
#12663=CARTESIAN_POINT('Ctrl Pts',(36.4459847355089,1.001,5.79283717411789));
#12664=CARTESIAN_POINT('',(36.5038453520008,1.,6.0490770471535));
#12665=CARTESIAN_POINT('Ctrl Pts',(36.4459847355089,1.,5.79283717411789));
#12666=CARTESIAN_POINT('Ctrl Pts',(36.4459847355089,1.,5.8548306917878));
#12667=CARTESIAN_POINT('Ctrl Pts',(36.4680268751248,1.,5.99948223301757));
#12668=CARTESIAN_POINT('Ctrl Pts',(36.5038453520008,1.,6.0490770471535));
#12669=CARTESIAN_POINT('',(36.5038453520008,1.001,6.0490770471535));
#12670=CARTESIAN_POINT('Ctrl Pts',(36.5038453520008,1.001,6.0490770471535));
#12671=CARTESIAN_POINT('Ctrl Pts',(36.4680268751248,1.001,5.99948223301757));
#12672=CARTESIAN_POINT('Ctrl Pts',(36.4459847355089,1.001,5.8548306917878));
#12673=CARTESIAN_POINT('Ctrl Pts',(36.4459847355089,1.001,5.79283717411789));
#12674=CARTESIAN_POINT('',(36.5038453520008,1.,6.0490770471535));
#12675=CARTESIAN_POINT('Ctrl Pts',(36.6925811724625,1.,6.13449033816537));
#12676=CARTESIAN_POINT('Ctrl Pts',(36.6925811724625,1.001,6.13449033816537));
#12677=CARTESIAN_POINT('Ctrl Pts',(36.6168113175326,1.,6.13449033816537));
#12678=CARTESIAN_POINT('Ctrl Pts',(36.6168113175326,1.001,6.13449033816537));
#12679=CARTESIAN_POINT('Ctrl Pts',(36.5327756602467,1.,6.08765079148144));
#12680=CARTESIAN_POINT('Ctrl Pts',(36.5327756602467,1.001,6.08765079148144));
#12681=CARTESIAN_POINT('Ctrl Pts',(36.5038453520008,1.,6.0490770471535));
#12682=CARTESIAN_POINT('Ctrl Pts',(36.5038453520008,1.001,6.0490770471535));
#12683=CARTESIAN_POINT('',(36.6925811724625,1.,6.13449033816537));
#12684=CARTESIAN_POINT('Ctrl Pts',(36.5038453520008,1.,6.0490770471535));
#12685=CARTESIAN_POINT('Ctrl Pts',(36.5327756602467,1.,6.08765079148144));
#12686=CARTESIAN_POINT('Ctrl Pts',(36.6168113175326,1.,6.13449033816537));
#12687=CARTESIAN_POINT('Ctrl Pts',(36.6925811724625,1.,6.13449033816537));
#12688=CARTESIAN_POINT('',(36.6925811724625,1.001,6.13449033816537));
#12689=CARTESIAN_POINT('Ctrl Pts',(36.6925811724625,1.001,6.13449033816537));
#12690=CARTESIAN_POINT('Ctrl Pts',(36.6168113175326,1.001,6.13449033816537));
#12691=CARTESIAN_POINT('Ctrl Pts',(36.5327756602467,1.001,6.08765079148144));
#12692=CARTESIAN_POINT('Ctrl Pts',(36.5038453520008,1.001,6.0490770471535));
#12693=CARTESIAN_POINT('',(36.6925811724625,1.,6.13449033816537));
#12694=CARTESIAN_POINT('Ctrl Pts',(36.8689182893902,1.,6.01325857027756));
#12695=CARTESIAN_POINT('Ctrl Pts',(36.8689182893902,1.001,6.01325857027756));
#12696=CARTESIAN_POINT('Ctrl Pts',(36.8496314172262,1.,6.06836391931747));
#12697=CARTESIAN_POINT('Ctrl Pts',(36.8496314172262,1.001,6.06836391931747));
#12698=CARTESIAN_POINT('Ctrl Pts',(36.7683510273924,1.,6.13449033816537));
#12699=CARTESIAN_POINT('Ctrl Pts',(36.7683510273924,1.001,6.13449033816537));
#12700=CARTESIAN_POINT('Ctrl Pts',(36.6925811724625,1.,6.13449033816537));
#12701=CARTESIAN_POINT('Ctrl Pts',(36.6925811724625,1.001,6.13449033816537));
#12702=CARTESIAN_POINT('',(36.8689182893902,1.,6.01325857027756));
#12703=CARTESIAN_POINT('Ctrl Pts',(36.6925811724625,1.,6.13449033816537));
#12704=CARTESIAN_POINT('Ctrl Pts',(36.7683510273924,1.,6.13449033816537));
#12705=CARTESIAN_POINT('Ctrl Pts',(36.8496314172262,1.,6.06836391931747));
#12706=CARTESIAN_POINT('Ctrl Pts',(36.8689182893902,1.,6.01325857027756));
#12707=CARTESIAN_POINT('',(36.8689182893902,1.001,6.01325857027756));
#12708=CARTESIAN_POINT('Ctrl Pts',(36.8689182893902,1.001,6.01325857027756));
#12709=CARTESIAN_POINT('Ctrl Pts',(36.8496314172262,1.001,6.06836391931747));
#12710=CARTESIAN_POINT('Ctrl Pts',(36.7683510273924,1.001,6.13449033816537));
#12711=CARTESIAN_POINT('Ctrl Pts',(36.6925811724625,1.001,6.13449033816537));
#12712=CARTESIAN_POINT('',(36.8689182893902,1.,6.01325857027756));
#12713=CARTESIAN_POINT('Ctrl Pts',(36.8923380627322,1.,5.74599762743397));
#12714=CARTESIAN_POINT('Ctrl Pts',(36.8923380627322,1.001,5.74599762743397));
#12715=CARTESIAN_POINT('Ctrl Pts',(36.8923380627322,1.,5.80523587765188));
#12716=CARTESIAN_POINT('Ctrl Pts',(36.8923380627322,1.001,5.80523587765188));
#12717=CARTESIAN_POINT('Ctrl Pts',(36.8882051615542,1.,5.95815322123764));
#12718=CARTESIAN_POINT('Ctrl Pts',(36.8882051615542,1.001,5.95815322123764));
#12719=CARTESIAN_POINT('Ctrl Pts',(36.8689182893902,1.,6.01325857027756));
#12720=CARTESIAN_POINT('Ctrl Pts',(36.8689182893902,1.001,6.01325857027756));
#12721=CARTESIAN_POINT('',(36.8923380627322,1.,5.74599762743397));
#12722=CARTESIAN_POINT('Ctrl Pts',(36.8689182893902,1.,6.01325857027756));
#12723=CARTESIAN_POINT('Ctrl Pts',(36.8882051615542,1.,5.95815322123764));
#12724=CARTESIAN_POINT('Ctrl Pts',(36.8923380627322,1.,5.80523587765188));
#12725=CARTESIAN_POINT('Ctrl Pts',(36.8923380627322,1.,5.74599762743397));
#12726=CARTESIAN_POINT('',(36.8923380627322,1.001,5.74599762743397));
#12727=CARTESIAN_POINT('Ctrl Pts',(36.8923380627322,1.001,5.74599762743397));
#12728=CARTESIAN_POINT('Ctrl Pts',(36.8923380627322,1.001,5.80523587765188));
#12729=CARTESIAN_POINT('Ctrl Pts',(36.8882051615542,1.001,5.95815322123764));
#12730=CARTESIAN_POINT('Ctrl Pts',(36.8689182893902,1.001,6.01325857027756));
#12731=CARTESIAN_POINT('',(36.8923380627322,1.,5.74599762743397));
#12732=CARTESIAN_POINT('Origin',(36.8923380627322,1.,5.67298303995608));
#12733=CARTESIAN_POINT('',(36.8923380627322,1.,5.67298303995608));
#12734=CARTESIAN_POINT('',(36.8923380627322,1.,15.086491519978));
#12735=CARTESIAN_POINT('',(36.8923380627322,1.001,5.67298303995608));
#12736=CARTESIAN_POINT('',(36.8923380627322,1.001,5.74599762743397));
#12737=CARTESIAN_POINT('',(36.8923380627322,1.,5.67298303995608));
#12738=CARTESIAN_POINT('Origin',(37.1912845812737,1.,5.67298303995608));
#12739=CARTESIAN_POINT('',(37.1912845812737,1.,5.67298303995608));
#12740=CARTESIAN_POINT('',(38.3456422906369,1.,5.67298303995608));
#12741=CARTESIAN_POINT('',(37.1912845812737,1.001,5.67298303995608));
#12742=CARTESIAN_POINT('',(36.8923380627322,1.001,5.67298303995608));
#12743=CARTESIAN_POINT('',(37.1912845812737,1.,5.67298303995608));
#12744=CARTESIAN_POINT('Origin',(37.1912845812737,1.,5.74048709252998));
#12745=CARTESIAN_POINT('',(37.1912845812737,1.,5.74048709252998));
#12746=CARTESIAN_POINT('',(37.1912845812737,1.,15.120243546265));
#12747=CARTESIAN_POINT('',(37.1912845812737,1.001,5.74048709252998));
#12748=CARTESIAN_POINT('',(37.1912845812737,1.001,5.67298303995608));
#12749=CARTESIAN_POINT('',(37.1912845812737,1.,5.74048709252998));
#12750=CARTESIAN_POINT('Ctrl Pts',(37.2257254244237,1.,5.99397169811359));
#12751=CARTESIAN_POINT('Ctrl Pts',(37.2257254244237,1.001,5.99397169811359));
#12752=CARTESIAN_POINT('Ctrl Pts',(37.2050609185337,1.,5.94850978515565));
#12753=CARTESIAN_POINT('Ctrl Pts',(37.2050609185337,1.001,5.94850978515565));
#12754=CARTESIAN_POINT('Ctrl Pts',(37.1912845812737,1.,5.81763458118586));
#12755=CARTESIAN_POINT('Ctrl Pts',(37.1912845812737,1.001,5.81763458118586));
#12756=CARTESIAN_POINT('Ctrl Pts',(37.1912845812737,1.,5.74048709252998));
#12757=CARTESIAN_POINT('Ctrl Pts',(37.1912845812737,1.001,5.74048709252998));
#12758=CARTESIAN_POINT('',(37.2257254244237,1.,5.99397169811359));
#12759=CARTESIAN_POINT('Ctrl Pts',(37.1912845812737,1.,5.74048709252998));
#12760=CARTESIAN_POINT('Ctrl Pts',(37.1912845812737,1.,5.81763458118586));
#12761=CARTESIAN_POINT('Ctrl Pts',(37.2050609185337,1.,5.94850978515565));
#12762=CARTESIAN_POINT('Ctrl Pts',(37.2257254244237,1.,5.99397169811359));
#12763=CARTESIAN_POINT('',(37.2257254244237,1.001,5.99397169811359));
#12764=CARTESIAN_POINT('Ctrl Pts',(37.2257254244237,1.001,5.99397169811359));
#12765=CARTESIAN_POINT('Ctrl Pts',(37.2050609185337,1.001,5.94850978515565));
#12766=CARTESIAN_POINT('Ctrl Pts',(37.1912845812737,1.001,5.81763458118586));
#12767=CARTESIAN_POINT('Ctrl Pts',(37.1912845812737,1.001,5.74048709252998));
#12768=CARTESIAN_POINT('',(37.2257254244237,1.,5.99397169811359));
#12769=CARTESIAN_POINT('Ctrl Pts',(37.3910414715434,1.,6.09040605893344));
#12770=CARTESIAN_POINT('Ctrl Pts',(37.3910414715434,1.001,6.09040605893344));
#12771=CARTESIAN_POINT('Ctrl Pts',(37.3249150526955,1.,6.09040605893344));
#12772=CARTESIAN_POINT('Ctrl Pts',(37.3249150526955,1.001,6.09040605893344));
#12773=CARTESIAN_POINT('Ctrl Pts',(37.2477675640396,1.,6.03943361107152));
#12774=CARTESIAN_POINT('Ctrl Pts',(37.2477675640396,1.001,6.03943361107152));
#12775=CARTESIAN_POINT('Ctrl Pts',(37.2257254244237,1.,5.99397169811359));
#12776=CARTESIAN_POINT('Ctrl Pts',(37.2257254244237,1.001,5.99397169811359));
#12777=CARTESIAN_POINT('',(37.3910414715434,1.,6.09040605893344));
#12778=CARTESIAN_POINT('Ctrl Pts',(37.2257254244237,1.,5.99397169811359));
#12779=CARTESIAN_POINT('Ctrl Pts',(37.2477675640396,1.,6.03943361107152));
#12780=CARTESIAN_POINT('Ctrl Pts',(37.3249150526955,1.,6.09040605893344));
#12781=CARTESIAN_POINT('Ctrl Pts',(37.3910414715434,1.,6.09040605893344));
#12782=CARTESIAN_POINT('',(37.3910414715434,1.001,6.09040605893344));
#12783=CARTESIAN_POINT('Ctrl Pts',(37.3910414715434,1.001,6.09040605893344));
#12784=CARTESIAN_POINT('Ctrl Pts',(37.3249150526955,1.001,6.09040605893344));
#12785=CARTESIAN_POINT('Ctrl Pts',(37.2477675640396,1.001,6.03943361107152));
#12786=CARTESIAN_POINT('Ctrl Pts',(37.2257254244237,1.001,5.99397169811359));
#12787=CARTESIAN_POINT('',(37.3910414715434,1.,6.09040605893344));
#12788=CARTESIAN_POINT('Ctrl Pts',(37.5260495766912,1.,6.00774803537357));
#12789=CARTESIAN_POINT('Ctrl Pts',(37.5260495766912,1.001,6.00774803537357));
#12790=CARTESIAN_POINT('Ctrl Pts',(37.5081403382532,1.,6.04218887852352));
#12791=CARTESIAN_POINT('Ctrl Pts',(37.5081403382532,1.001,6.04218887852352));
#12792=CARTESIAN_POINT('Ctrl Pts',(37.4433915531313,1.,6.09040605893344));
#12793=CARTESIAN_POINT('Ctrl Pts',(37.4433915531313,1.001,6.09040605893344));
#12794=CARTESIAN_POINT('Ctrl Pts',(37.3910414715434,1.,6.09040605893344));
#12795=CARTESIAN_POINT('Ctrl Pts',(37.3910414715434,1.001,6.09040605893344));
#12796=CARTESIAN_POINT('',(37.5260495766912,1.,6.00774803537357));
#12797=CARTESIAN_POINT('Ctrl Pts',(37.3910414715434,1.,6.09040605893344));
#12798=CARTESIAN_POINT('Ctrl Pts',(37.4433915531313,1.,6.09040605893344));
#12799=CARTESIAN_POINT('Ctrl Pts',(37.5081403382532,1.,6.04218887852352));
#12800=CARTESIAN_POINT('Ctrl Pts',(37.5260495766912,1.,6.00774803537357));
#12801=CARTESIAN_POINT('',(37.5260495766912,1.001,6.00774803537357));
#12802=CARTESIAN_POINT('Ctrl Pts',(37.5260495766912,1.001,6.00774803537357));
#12803=CARTESIAN_POINT('Ctrl Pts',(37.5081403382532,1.001,6.04218887852352));
#12804=CARTESIAN_POINT('Ctrl Pts',(37.4433915531313,1.001,6.09040605893344));
#12805=CARTESIAN_POINT('Ctrl Pts',(37.3910414715434,1.001,6.09040605893344));
#12806=CARTESIAN_POINT('',(37.5260495766912,1.,6.00774803537357));
#12807=CARTESIAN_POINT('Ctrl Pts',(37.5604904198411,1.,5.81763458118586));
#12808=CARTESIAN_POINT('Ctrl Pts',(37.5604904198411,1.001,5.81763458118586));
#12809=CARTESIAN_POINT('Ctrl Pts',(37.5604904198411,1.,5.8562083255138));
#12810=CARTESIAN_POINT('Ctrl Pts',(37.5604904198411,1.001,5.8562083255138));
#12811=CARTESIAN_POINT('Ctrl Pts',(37.5467140825812,1.,5.96641902359363));
#12812=CARTESIAN_POINT('Ctrl Pts',(37.5467140825812,1.001,5.96641902359363));
#12813=CARTESIAN_POINT('Ctrl Pts',(37.5260495766912,1.,6.00774803537357));
#12814=CARTESIAN_POINT('Ctrl Pts',(37.5260495766912,1.001,6.00774803537357));
#12815=CARTESIAN_POINT('',(37.5604904198411,1.,5.81763458118586));
#12816=CARTESIAN_POINT('Ctrl Pts',(37.5260495766912,1.,6.00774803537357));
#12817=CARTESIAN_POINT('Ctrl Pts',(37.5467140825812,1.,5.96641902359363));
#12818=CARTESIAN_POINT('Ctrl Pts',(37.5604904198411,1.,5.8562083255138));
#12819=CARTESIAN_POINT('Ctrl Pts',(37.5604904198411,1.,5.81763458118586));
#12820=CARTESIAN_POINT('',(37.5604904198411,1.001,5.81763458118586));
#12821=CARTESIAN_POINT('Ctrl Pts',(37.5604904198411,1.001,5.81763458118586));
#12822=CARTESIAN_POINT('Ctrl Pts',(37.5604904198411,1.001,5.8562083255138));
#12823=CARTESIAN_POINT('Ctrl Pts',(37.5467140825812,1.001,5.96641902359363));
#12824=CARTESIAN_POINT('Ctrl Pts',(37.5260495766912,1.001,6.00774803537357));
#12825=CARTESIAN_POINT('',(37.5604904198411,1.,5.81763458118586));
#12826=CARTESIAN_POINT('Ctrl Pts',(37.5081403382532,1.,5.56414997560224));
#12827=CARTESIAN_POINT('Ctrl Pts',(37.5081403382532,1.001,5.56414997560224));
#12828=CARTESIAN_POINT('Ctrl Pts',(37.5315601115952,1.,5.62476585954615));
#12829=CARTESIAN_POINT('Ctrl Pts',(37.5315601115952,1.001,5.62476585954615));
#12830=CARTESIAN_POINT('Ctrl Pts',(37.5604904198411,1.,5.75564106351595));
#12831=CARTESIAN_POINT('Ctrl Pts',(37.5604904198411,1.001,5.75564106351595));
#12832=CARTESIAN_POINT('Ctrl Pts',(37.5604904198411,1.,5.81763458118586));
#12833=CARTESIAN_POINT('Ctrl Pts',(37.5604904198411,1.001,5.81763458118586));
#12834=CARTESIAN_POINT('',(37.5081403382532,1.,5.56414997560224));
#12835=CARTESIAN_POINT('Ctrl Pts',(37.5604904198411,1.,5.81763458118586));
#12836=CARTESIAN_POINT('Ctrl Pts',(37.5604904198411,1.,5.75564106351595));
#12837=CARTESIAN_POINT('Ctrl Pts',(37.5315601115952,1.,5.62476585954615));
#12838=CARTESIAN_POINT('Ctrl Pts',(37.5081403382532,1.,5.56414997560224));
#12839=CARTESIAN_POINT('',(37.5081403382532,1.001,5.56414997560224));
#12840=CARTESIAN_POINT('Ctrl Pts',(37.5081403382532,1.001,5.56414997560224));
#12841=CARTESIAN_POINT('Ctrl Pts',(37.5315601115952,1.001,5.62476585954615));
#12842=CARTESIAN_POINT('Ctrl Pts',(37.5604904198411,1.001,5.75564106351595));
#12843=CARTESIAN_POINT('Ctrl Pts',(37.5604904198411,1.001,5.81763458118586));
#12844=CARTESIAN_POINT('',(37.5081403382532,1.,5.56414997560224));
#12845=CARTESIAN_POINT('Ctrl Pts',(37.4172165123374,1.,5.38643522494852));
#12846=CARTESIAN_POINT('Ctrl Pts',(37.4172165123374,1.001,5.38643522494852));
#12847=CARTESIAN_POINT('Ctrl Pts',(37.4323704833233,1.,5.41123263201648));
#12848=CARTESIAN_POINT('Ctrl Pts',(37.4323704833233,1.001,5.41123263201648));
#12849=CARTESIAN_POINT('Ctrl Pts',(37.4902310998152,1.,5.51593279519232));
#12850=CARTESIAN_POINT('Ctrl Pts',(37.4902310998152,1.001,5.51593279519232));
#12851=CARTESIAN_POINT('Ctrl Pts',(37.5081403382532,1.,5.56414997560224));
#12852=CARTESIAN_POINT('Ctrl Pts',(37.5081403382532,1.001,5.56414997560224));
#12853=CARTESIAN_POINT('',(37.4172165123374,1.,5.38643522494852));
#12854=CARTESIAN_POINT('Ctrl Pts',(37.5081403382532,1.,5.56414997560224));
#12855=CARTESIAN_POINT('Ctrl Pts',(37.4902310998152,1.,5.51593279519232));
#12856=CARTESIAN_POINT('Ctrl Pts',(37.4323704833233,1.,5.41123263201648));
#12857=CARTESIAN_POINT('Ctrl Pts',(37.4172165123374,1.,5.38643522494852));
#12858=CARTESIAN_POINT('',(37.4172165123374,1.001,5.38643522494852));
#12859=CARTESIAN_POINT('Ctrl Pts',(37.4172165123374,1.001,5.38643522494852));
#12860=CARTESIAN_POINT('Ctrl Pts',(37.4323704833233,1.001,5.41123263201648));
#12861=CARTESIAN_POINT('Ctrl Pts',(37.4902310998152,1.001,5.51593279519232));
#12862=CARTESIAN_POINT('Ctrl Pts',(37.5081403382532,1.001,5.56414997560224));
#12863=CARTESIAN_POINT('',(37.4172165123374,1.,5.38643522494852));
#12864=CARTESIAN_POINT('Origin',(37.4172165123374,1.,5.35061674807257));
#12865=CARTESIAN_POINT('',(37.4172165123374,1.,5.35061674807257));
#12866=CARTESIAN_POINT('',(37.4172165123374,1.,14.9253083740363));
#12867=CARTESIAN_POINT('',(37.4172165123374,1.001,5.35061674807257));
#12868=CARTESIAN_POINT('',(37.4172165123374,1.001,5.38643522494852));
#12869=CARTESIAN_POINT('',(37.4172165123374,1.,5.35061674807257));
#12870=CARTESIAN_POINT('Origin',(37.7809118160008,1.,5.35061674807257));
#12871=CARTESIAN_POINT('',(37.7809118160008,1.,5.35061674807257));
#12872=CARTESIAN_POINT('',(38.6404559080004,1.,5.35061674807257));
#12873=CARTESIAN_POINT('',(37.7809118160008,1.001,5.35061674807257));
#12874=CARTESIAN_POINT('',(37.4172165123374,1.001,5.35061674807257));
#12875=CARTESIAN_POINT('',(37.7809118160008,1.,5.35061674807257));
#12876=CARTESIAN_POINT('Ctrl Pts',(37.8883672466286,1.,5.89202680238974));
#12877=CARTESIAN_POINT('Ctrl Pts',(37.8883672466286,1.001,5.89202680238974));
#12878=CARTESIAN_POINT('Ctrl Pts',(37.8883672466286,1.,5.73635419135198));
#12879=CARTESIAN_POINT('Ctrl Pts',(37.8883672466286,1.001,5.73635419135198));
#12880=CARTESIAN_POINT('Ctrl Pts',(37.8181079266027,1.,5.43878530653644));
#12881=CARTESIAN_POINT('Ctrl Pts',(37.8181079266027,1.001,5.43878530653644));
#12882=CARTESIAN_POINT('Ctrl Pts',(37.7809118160008,1.,5.35061674807257));
#12883=CARTESIAN_POINT('Ctrl Pts',(37.7809118160008,1.001,5.35061674807257));
#12884=CARTESIAN_POINT('',(37.8883672466286,1.,5.89202680238974));
#12885=CARTESIAN_POINT('Ctrl Pts',(37.7809118160008,1.,5.35061674807257));
#12886=CARTESIAN_POINT('Ctrl Pts',(37.8181079266027,1.,5.43878530653644));
#12887=CARTESIAN_POINT('Ctrl Pts',(37.8883672466286,1.,5.73635419135198));
#12888=CARTESIAN_POINT('Ctrl Pts',(37.8883672466286,1.,5.89202680238974));
#12889=CARTESIAN_POINT('',(37.8883672466286,1.001,5.89202680238974));
#12890=CARTESIAN_POINT('Ctrl Pts',(37.8883672466286,1.001,5.89202680238974));
#12891=CARTESIAN_POINT('Ctrl Pts',(37.8883672466286,1.001,5.73635419135198));
#12892=CARTESIAN_POINT('Ctrl Pts',(37.8181079266027,1.001,5.43878530653644));
#12893=CARTESIAN_POINT('Ctrl Pts',(37.7809118160008,1.001,5.35061674807257));
#12894=CARTESIAN_POINT('',(37.8883672466286,1.,5.89202680238974));
#12895=CARTESIAN_POINT('Ctrl Pts',(37.7850447171788,1.,6.34526829824305));
#12896=CARTESIAN_POINT('Ctrl Pts',(37.7850447171788,1.001,6.34526829824305));
#12897=CARTESIAN_POINT('Ctrl Pts',(37.8360171650407,1.,6.26674317586116));
#12898=CARTESIAN_POINT('Ctrl Pts',(37.8360171650407,1.001,6.26674317586116));
#12899=CARTESIAN_POINT('Ctrl Pts',(37.8883672466286,1.,6.04356651224951));
#12900=CARTESIAN_POINT('Ctrl Pts',(37.8883672466286,1.001,6.04356651224951));
#12901=CARTESIAN_POINT('Ctrl Pts',(37.8883672466286,1.,5.89202680238974));
#12902=CARTESIAN_POINT('Ctrl Pts',(37.8883672466286,1.001,5.89202680238974));
#12903=CARTESIAN_POINT('',(37.7850447171788,1.,6.34526829824305));
#12904=CARTESIAN_POINT('Ctrl Pts',(37.8883672466286,1.,5.89202680238974));
#12905=CARTESIAN_POINT('Ctrl Pts',(37.8883672466286,1.,6.04356651224951));
#12906=CARTESIAN_POINT('Ctrl Pts',(37.8360171650407,1.,6.26674317586116));
#12907=CARTESIAN_POINT('Ctrl Pts',(37.7850447171788,1.,6.34526829824305));
#12908=CARTESIAN_POINT('',(37.7850447171788,1.001,6.34526829824305));
#12909=CARTESIAN_POINT('Ctrl Pts',(37.7850447171788,1.001,6.34526829824305));
#12910=CARTESIAN_POINT('Ctrl Pts',(37.8360171650407,1.001,6.26674317586116));
#12911=CARTESIAN_POINT('Ctrl Pts',(37.8883672466286,1.001,6.04356651224951));
#12912=CARTESIAN_POINT('Ctrl Pts',(37.8883672466286,1.001,5.89202680238974));
#12913=CARTESIAN_POINT('',(37.7850447171788,1.,6.34526829824305));
#12914=CARTESIAN_POINT('Ctrl Pts',(37.4626784252953,1.,6.51885014771878));
#12915=CARTESIAN_POINT('Ctrl Pts',(37.4626784252953,1.001,6.51885014771878));
#12916=CARTESIAN_POINT('Ctrl Pts',(37.5660009547451,1.,6.51885014771878));
#12917=CARTESIAN_POINT('Ctrl Pts',(37.5660009547451,1.001,6.51885014771878));
#12918=CARTESIAN_POINT('Ctrl Pts',(37.7313170018649,1.,6.43205922298092));
#12919=CARTESIAN_POINT('Ctrl Pts',(37.7313170018649,1.001,6.43205922298092));
#12920=CARTESIAN_POINT('Ctrl Pts',(37.7850447171788,1.,6.34526829824305));
#12921=CARTESIAN_POINT('Ctrl Pts',(37.7850447171788,1.001,6.34526829824305));
#12922=CARTESIAN_POINT('',(37.4626784252953,1.,6.51885014771878));
#12923=CARTESIAN_POINT('Ctrl Pts',(37.7850447171788,1.,6.34526829824305));
#12924=CARTESIAN_POINT('Ctrl Pts',(37.7313170018649,1.,6.43205922298092));
#12925=CARTESIAN_POINT('Ctrl Pts',(37.5660009547451,1.,6.51885014771878));
#12926=CARTESIAN_POINT('Ctrl Pts',(37.4626784252953,1.,6.51885014771878));
#12927=CARTESIAN_POINT('',(37.4626784252953,1.001,6.51885014771878));
#12928=CARTESIAN_POINT('Ctrl Pts',(37.4626784252953,1.001,6.51885014771878));
#12929=CARTESIAN_POINT('Ctrl Pts',(37.5660009547451,1.001,6.51885014771878));
#12930=CARTESIAN_POINT('Ctrl Pts',(37.7313170018649,1.001,6.43205922298092));
#12931=CARTESIAN_POINT('Ctrl Pts',(37.7850447171788,1.001,6.34526829824305));
#12932=CARTESIAN_POINT('',(37.4626784252953,1.,6.51885014771878));
#12933=CARTESIAN_POINT('Ctrl Pts',(37.0672975459339,1.,6.21301546054725));
#12934=CARTESIAN_POINT('Ctrl Pts',(37.0672975459339,1.001,6.21301546054725));
#12935=CARTESIAN_POINT('Ctrl Pts',(37.0989831216318,1.,6.35077883314703));
#12936=CARTESIAN_POINT('Ctrl Pts',(37.0989831216318,1.001,6.35077883314703));
#12937=CARTESIAN_POINT('Ctrl Pts',(37.3166492503395,1.,6.51885014771878));
#12938=CARTESIAN_POINT('Ctrl Pts',(37.3166492503395,1.001,6.51885014771878));
#12939=CARTESIAN_POINT('Ctrl Pts',(37.4626784252953,1.,6.51885014771878));
#12940=CARTESIAN_POINT('Ctrl Pts',(37.4626784252953,1.001,6.51885014771878));
#12941=CARTESIAN_POINT('',(37.0672975459339,1.,6.21301546054725));
#12942=CARTESIAN_POINT('Ctrl Pts',(37.4626784252953,1.,6.51885014771878));
#12943=CARTESIAN_POINT('Ctrl Pts',(37.3166492503395,1.,6.51885014771878));
#12944=CARTESIAN_POINT('Ctrl Pts',(37.0989831216318,1.,6.35077883314703));
#12945=CARTESIAN_POINT('Ctrl Pts',(37.0672975459339,1.,6.21301546054725));
#12946=CARTESIAN_POINT('',(37.0672975459339,1.001,6.21301546054725));
#12947=CARTESIAN_POINT('Ctrl Pts',(37.0672975459339,1.001,6.21301546054725));
#12948=CARTESIAN_POINT('Ctrl Pts',(37.0989831216318,1.001,6.35077883314703));
#12949=CARTESIAN_POINT('Ctrl Pts',(37.3166492503395,1.001,6.51885014771878));
#12950=CARTESIAN_POINT('Ctrl Pts',(37.4626784252953,1.001,6.51885014771878));
#12951=CARTESIAN_POINT('',(37.0672975459339,1.,6.21301546054725));
#12952=CARTESIAN_POINT('Origin',(37.0507659412219,1.,6.21301546054725));
#12953=CARTESIAN_POINT('',(37.0507659412219,1.,6.21301546054725));
#12954=CARTESIAN_POINT('',(38.275382970611,1.,6.21301546054725));
#12955=CARTESIAN_POINT('',(37.0507659412219,1.001,6.21301546054725));
#12956=CARTESIAN_POINT('',(37.0672975459339,1.001,6.21301546054725));
#12957=CARTESIAN_POINT('',(37.0507659412219,1.,6.21301546054725));
#12958=CARTESIAN_POINT('Ctrl Pts',(36.9488210454981,1.,6.4444579265149));
#12959=CARTESIAN_POINT('Ctrl Pts',(36.9488210454981,1.001,6.4444579265149));
#12960=CARTESIAN_POINT('Ctrl Pts',(36.998415859634,1.,6.38935257747498));
#12961=CARTESIAN_POINT('Ctrl Pts',(36.998415859634,1.001,6.38935257747498));
#12962=CARTESIAN_POINT('Ctrl Pts',(37.0425001388659,1.,6.27363134449115));
#12963=CARTESIAN_POINT('Ctrl Pts',(37.0425001388659,1.001,6.27363134449115));
#12964=CARTESIAN_POINT('Ctrl Pts',(37.0507659412219,1.,6.21301546054725));
#12965=CARTESIAN_POINT('Ctrl Pts',(37.0507659412219,1.001,6.21301546054725));
#12966=CARTESIAN_POINT('',(36.9488210454981,1.,6.4444579265149));
#12967=CARTESIAN_POINT('Ctrl Pts',(37.0507659412219,1.,6.21301546054725));
#12968=CARTESIAN_POINT('Ctrl Pts',(37.0425001388659,1.,6.27363134449115));
#12969=CARTESIAN_POINT('Ctrl Pts',(36.998415859634,1.,6.38935257747498));
#12970=CARTESIAN_POINT('Ctrl Pts',(36.9488210454981,1.,6.4444579265149));
#12971=CARTESIAN_POINT('',(36.9488210454981,1.001,6.4444579265149));
#12972=CARTESIAN_POINT('Ctrl Pts',(36.9488210454981,1.001,6.4444579265149));
#12973=CARTESIAN_POINT('Ctrl Pts',(36.998415859634,1.001,6.38935257747498));
#12974=CARTESIAN_POINT('Ctrl Pts',(37.0425001388659,1.001,6.27363134449115));
#12975=CARTESIAN_POINT('Ctrl Pts',(37.0507659412219,1.001,6.21301546054725));
#12976=CARTESIAN_POINT('',(36.9488210454981,1.,6.4444579265149));
#12977=CARTESIAN_POINT('Ctrl Pts',(36.6677837653945,1.,6.56293442695071));
#12978=CARTESIAN_POINT('Ctrl Pts',(36.6677837653945,1.001,6.56293442695071));
#12979=CARTESIAN_POINT('Ctrl Pts',(36.7642181262144,1.,6.56293442695071));
#12980=CARTESIAN_POINT('Ctrl Pts',(36.7642181262144,1.001,6.56293442695071));
#12981=CARTESIAN_POINT('Ctrl Pts',(36.9047367662661,1.,6.49543037437681));
#12982=CARTESIAN_POINT('Ctrl Pts',(36.9047367662661,1.001,6.49543037437681));
#12983=CARTESIAN_POINT('Ctrl Pts',(36.9488210454981,1.,6.4444579265149));
#12984=CARTESIAN_POINT('Ctrl Pts',(36.9488210454981,1.001,6.4444579265149));
#12985=CARTESIAN_POINT('',(36.6677837653945,1.,6.56293442695071));
#12986=CARTESIAN_POINT('Ctrl Pts',(36.9488210454981,1.,6.4444579265149));
#12987=CARTESIAN_POINT('Ctrl Pts',(36.9047367662661,1.,6.49543037437681));
#12988=CARTESIAN_POINT('Ctrl Pts',(36.7642181262144,1.,6.56293442695071));
#12989=CARTESIAN_POINT('Ctrl Pts',(36.6677837653945,1.,6.56293442695071));
#12990=CARTESIAN_POINT('',(36.6677837653945,1.001,6.56293442695071));
#12991=CARTESIAN_POINT('Ctrl Pts',(36.6677837653945,1.001,6.56293442695071));
#12992=CARTESIAN_POINT('Ctrl Pts',(36.7642181262144,1.001,6.56293442695071));
#12993=CARTESIAN_POINT('Ctrl Pts',(36.9047367662661,1.001,6.49543037437681));
#12994=CARTESIAN_POINT('Ctrl Pts',(36.9488210454981,1.001,6.4444579265149));
#12995=CARTESIAN_POINT('',(36.6677837653945,1.,6.56293442695071));
#12996=CARTESIAN_POINT('Ctrl Pts',(36.2655147174031,1.,6.38108677511899));
#12997=CARTESIAN_POINT('Ctrl Pts',(36.2655147174031,1.001,6.38108677511899));
#12998=CARTESIAN_POINT('Ctrl Pts',(36.337151671155,1.,6.47063296730886));
#12999=CARTESIAN_POINT('Ctrl Pts',(36.337151671155,1.001,6.47063296730886));
#13000=CARTESIAN_POINT('Ctrl Pts',(36.5424190963287,1.,6.56293442695071));
#13001=CARTESIAN_POINT('Ctrl Pts',(36.5424190963287,1.001,6.56293442695071));
#13002=CARTESIAN_POINT('Ctrl Pts',(36.6677837653945,1.,6.56293442695071));
#13003=CARTESIAN_POINT('Ctrl Pts',(36.6677837653945,1.001,6.56293442695071));
#13004=CARTESIAN_POINT('Ctrl Pts',(36.6677837653945,1.,6.56293442695071));
#13005=CARTESIAN_POINT('Ctrl Pts',(36.5424190963287,1.,6.56293442695071));
#13006=CARTESIAN_POINT('Ctrl Pts',(36.337151671155,1.,6.47063296730886));
#13007=CARTESIAN_POINT('Ctrl Pts',(36.2655147174031,1.,6.38108677511899));
#13008=CARTESIAN_POINT('Ctrl Pts',(36.2655147174031,1.001,6.38108677511899));
#13009=CARTESIAN_POINT('Ctrl Pts',(36.337151671155,1.001,6.47063296730886));
#13010=CARTESIAN_POINT('Ctrl Pts',(36.5424190963287,1.001,6.56293442695071));
#13011=CARTESIAN_POINT('Ctrl Pts',(36.6677837653945,1.001,6.56293442695071));
#13012=CARTESIAN_POINT('Origin',(36.9993344841112,1.001,5.9085201366533));
#13013=CARTESIAN_POINT('Origin',(34.7195256660144,1.,1.49445782074805));
#13014=CARTESIAN_POINT('',(33.8577752924368,1.,1.49445782074805));
#13015=CARTESIAN_POINT('',(34.7195256660144,1.,1.49445782074805));
#13016=CARTESIAN_POINT('',(37.1097628330072,1.,1.49445782074805));
#13017=CARTESIAN_POINT('',(33.8577752924368,1.001,1.49445782074805));
#13018=CARTESIAN_POINT('',(33.8577752924368,1.,1.49445782074805));
#13019=CARTESIAN_POINT('',(34.7195256660144,1.001,1.49445782074805));
#13020=CARTESIAN_POINT('',(33.8577752924368,1.001,1.49445782074805));
#13021=CARTESIAN_POINT('',(34.7195256660144,1.,1.49445782074805));
#13022=CARTESIAN_POINT('Origin',(34.1632858160768,1.,1.25847727835028));
#13023=CARTESIAN_POINT('',(34.1632858160768,1.,1.25847727835028));
#13024=CARTESIAN_POINT('',(40.602688634635,1.,3.9903451407689));
#13025=CARTESIAN_POINT('',(34.1632858160768,1.001,1.25847727835028));
#13026=CARTESIAN_POINT('',(34.7195256660144,1.001,1.49445782074805));
#13027=CARTESIAN_POINT('',(34.1632858160768,1.,1.25847727835028));
#13028=CARTESIAN_POINT('Origin',(34.1632858160768,1.,1.03513855072382));
#13029=CARTESIAN_POINT('',(34.1632858160768,1.,1.03513855072382));
#13030=CARTESIAN_POINT('',(34.1632858160768,1.,12.7675692753619));
#13031=CARTESIAN_POINT('',(34.1632858160768,1.001,1.03513855072382));
#13032=CARTESIAN_POINT('',(34.1632858160768,1.001,1.25847727835028));
#13033=CARTESIAN_POINT('',(34.1632858160768,1.,1.03513855072382));
#13034=CARTESIAN_POINT('Origin',(34.7195256660144,1.,0.799158008326049));
#13035=CARTESIAN_POINT('',(34.7195256660144,1.,0.799158008326049));
#13036=CARTESIAN_POINT('',(32.4845636230404,1.,1.7473237235271));
#13037=CARTESIAN_POINT('',(34.7195256660144,1.001,0.799158008326049));
#13038=CARTESIAN_POINT('',(34.1632858160768,1.001,1.03513855072382));
#13039=CARTESIAN_POINT('',(34.7195256660144,1.,0.799158008326049));
#13040=CARTESIAN_POINT('Origin',(33.8577752924368,1.,0.799158008326049));
#13041=CARTESIAN_POINT('',(33.8577752924368,1.,0.799158008326049));
#13042=CARTESIAN_POINT('',(36.6788876462184,1.,0.799158008326049));
#13043=CARTESIAN_POINT('',(33.8577752924368,1.001,0.799158008326049));
#13044=CARTESIAN_POINT('',(34.7195256660144,1.001,0.799158008326049));
#13045=CARTESIAN_POINT('',(33.8577752924368,1.,0.799158008326049));
#13046=CARTESIAN_POINT('Origin',(33.8577752924368,1.,0.491540515557527));
#13047=CARTESIAN_POINT('',(33.8577752924368,1.,0.491540515557527));
#13048=CARTESIAN_POINT('',(33.8577752924368,1.,12.4957702577788));
#13049=CARTESIAN_POINT('',(33.8577752924368,1.001,0.491540515557527));
#13050=CARTESIAN_POINT('',(33.8577752924368,1.001,0.799158008326049));
#13051=CARTESIAN_POINT('',(33.8577752924368,1.,0.491540515557527));
#13052=CARTESIAN_POINT('Origin',(35.1577752447531,1.,0.491540515557527));
#13053=CARTESIAN_POINT('',(35.1577752447531,1.,0.491540515557527));
#13054=CARTESIAN_POINT('',(37.3288876223765,1.,0.491540515557527));
#13055=CARTESIAN_POINT('',(35.1577752447531,1.001,0.491540515557527));
#13056=CARTESIAN_POINT('',(33.8577752924368,1.001,0.491540515557527));
#13057=CARTESIAN_POINT('',(35.1577752447531,1.,0.491540515557527));
#13058=CARTESIAN_POINT('Origin',(35.1577752447531,1.,0.867634505003974));
#13059=CARTESIAN_POINT('',(35.1577752447531,1.,0.867634505003974));
#13060=CARTESIAN_POINT('',(35.1577752447531,1.,12.683817252502));
#13061=CARTESIAN_POINT('',(35.1577752447531,1.001,0.867634505003974));
#13062=CARTESIAN_POINT('',(35.1577752447531,1.001,0.491540515557527));
#13063=CARTESIAN_POINT('',(35.1577752447531,1.,0.867634505003974));
#13064=CARTESIAN_POINT('Origin',(34.5162031451091,1.,1.15628927561553));
#13065=CARTESIAN_POINT('',(34.5162031451091,1.,1.15628927561553));
#13066=CARTESIAN_POINT('',(32.2212777684514,1.,2.18881727759292));
#13067=CARTESIAN_POINT('',(34.5162031451091,1.001,1.15628927561553));
#13068=CARTESIAN_POINT('',(35.1577752447531,1.001,0.867634505003974));
#13069=CARTESIAN_POINT('',(34.5162031451091,1.,1.15628927561553));
#13070=CARTESIAN_POINT('Origin',(35.1577752447531,1.,1.44283707709854));
#13071=CARTESIAN_POINT('',(35.1577752447531,1.,1.44283707709854));
#13072=CARTESIAN_POINT('',(41.2605497755697,1.,4.16854261467182));
#13073=CARTESIAN_POINT('',(35.1577752447531,1.001,1.44283707709854));
#13074=CARTESIAN_POINT('',(34.5162031451091,1.001,1.15628927561553));
#13075=CARTESIAN_POINT('',(35.1577752447531,1.,1.44283707709854));
#13076=CARTESIAN_POINT('Origin',(35.1577752447531,1.,1.81893106654498));
#13077=CARTESIAN_POINT('',(35.1577752447531,1.,1.81893106654498));
#13078=CARTESIAN_POINT('',(35.1577752447529,1.,13.1594655332725));
#13079=CARTESIAN_POINT('',(35.1577752447531,1.001,1.81893106654498));
#13080=CARTESIAN_POINT('',(35.1577752447531,1.001,1.44283707709854));
#13081=CARTESIAN_POINT('',(35.1577752447531,1.,1.81893106654498));
#13082=CARTESIAN_POINT('Origin',(33.8577752924368,1.,1.81893106654498));
#13083=CARTESIAN_POINT('',(33.8577752924368,1.,1.81893106654498));
#13084=CARTESIAN_POINT('',(36.6788876462184,1.,1.81893106654498));
#13085=CARTESIAN_POINT('',(33.8577752924368,1.001,1.81893106654498));
#13086=CARTESIAN_POINT('',(35.1577752447531,1.001,1.81893106654498));
#13087=CARTESIAN_POINT('',(33.8577752924368,1.,1.81893106654498));
#13088=CARTESIAN_POINT('Origin',(33.8577752924368,1.,1.49445782074805));
#13089=CARTESIAN_POINT('',(33.8577752924368,1.,12.997228910374));
#13090=CARTESIAN_POINT('',(33.8577752924368,1.001,1.81893106654498));
#13091=CARTESIAN_POINT('Origin',(34.5084996888513,1.001,1.15288189869127));
#13092=CARTESIAN_POINT('Origin',(35.2157168957882,1.,5.44291796765358));
#13093=CARTESIAN_POINT('',(33.8577752924368,1.,5.44291796765358));
#13094=CARTESIAN_POINT('',(35.2157168957882,1.,5.44291796765358));
#13095=CARTESIAN_POINT('',(37.3578584478941,1.,5.44291796765358));
#13096=CARTESIAN_POINT('',(33.8577752924368,1.001,5.44291796765358));
#13097=CARTESIAN_POINT('',(33.8577752924368,1.,5.44291796765358));
#13098=CARTESIAN_POINT('',(35.2157168957882,1.001,5.44291796765358));
#13099=CARTESIAN_POINT('',(33.8577752924368,1.001,5.44291796765358));
#13100=CARTESIAN_POINT('',(35.2157168957882,1.,5.44291796765358));
#13101=CARTESIAN_POINT('Origin',(35.2157168957882,1.,5.74842849129356));
#13102=CARTESIAN_POINT('',(35.2157168957882,1.,5.74842849129356));
#13103=CARTESIAN_POINT('',(35.2157168957882,1.,15.1242142456468));
#13104=CARTESIAN_POINT('',(35.2157168957882,1.001,5.74842849129356));
#13105=CARTESIAN_POINT('',(35.2157168957882,1.001,5.44291796765358));
#13106=CARTESIAN_POINT('',(35.2157168957882,1.,5.74842849129356));
#13107=CARTESIAN_POINT('Origin',(33.8577752924368,1.,5.74842849129356));
#13108=CARTESIAN_POINT('',(33.8577752924368,1.,5.74842849129356));
#13109=CARTESIAN_POINT('',(36.6788876462184,1.,5.74842849129356));
#13110=CARTESIAN_POINT('',(33.8577752924368,1.001,5.74842849129356));
#13111=CARTESIAN_POINT('',(35.2157168957882,1.001,5.74842849129356));
#13112=CARTESIAN_POINT('',(33.8577752924368,1.,5.74842849129356));
#13113=CARTESIAN_POINT('Origin',(33.8577752924368,1.,5.44291796765358));
#13114=CARTESIAN_POINT('',(33.8577752924368,1.,14.9714589838268));
#13115=CARTESIAN_POINT('',(33.8577752924368,1.001,5.74842849129356));
#13116=CARTESIAN_POINT('Origin',(34.5367460941125,1.001,5.59567322947357));
#13117=CARTESIAN_POINT('Origin',(39.5,1.,24.5));
#13118=CARTESIAN_POINT('',(21.8,1.,3.03641288762659));
#13119=CARTESIAN_POINT('',(21.8,1.,1.66533453693773E-15));
#13120=CARTESIAN_POINT('',(21.8,1.,12.25));
#13121=CARTESIAN_POINT('',(0.,1.,0.));
#13122=CARTESIAN_POINT('',(79.,1.,0.));
#13123=CARTESIAN_POINT('',(1.7359923303411E-30,1.,49.));
#13124=CARTESIAN_POINT('',(0.,1.,0.));
#13125=CARTESIAN_POINT('',(79.,1.,49.));
#13126=CARTESIAN_POINT('',(0.,1.,49.));
#13127=CARTESIAN_POINT('',(79.,1.,0.));
#13128=CARTESIAN_POINT('',(79.,1.,49.));
#13129=CARTESIAN_POINT('',(28.8,1.,-5.55111512312578E-16));
#13130=CARTESIAN_POINT('',(79.,1.,0.));
#13131=CARTESIAN_POINT('',(28.8,1.,3.03641288762659));
#13132=CARTESIAN_POINT('',(28.8,1.,13.7682064438133));
#13133=CARTESIAN_POINT('',(30.65,1.,3.03641288762659));
#13134=CARTESIAN_POINT('',(43.6144802336949,1.,24.6264409145409));
#13135=CARTESIAN_POINT('Origin',(59.1166395296222,1.,24.6264409145409));
#13136=CARTESIAN_POINT('',(8.8,1.,34.5));
#13137=CARTESIAN_POINT('',(8.79999999999999,1.,14.5));
#13138=CARTESIAN_POINT('',(8.79999999999999,1.,19.5));
#13139=CARTESIAN_POINT('',(11.3,1.,14.5));
#13140=CARTESIAN_POINT('',(25.4,1.,14.5));
#13141=CARTESIAN_POINT('',(11.3,1.,34.5));
#13142=CARTESIAN_POINT('',(11.3,1.,29.5));
#13143=CARTESIAN_POINT('',(24.15,1.,34.5));
#13144=CARTESIAN_POINT('',(1.5,1.,40.85));
#13145=CARTESIAN_POINT('',(1.49999999999998,1.,8.15000000000001));
#13146=CARTESIAN_POINT('',(1.49999999999999,1.,16.325));
#13147=CARTESIAN_POINT('',(6.5,1.,8.15000000000001));
#13148=CARTESIAN_POINT('',(23.,1.,8.15000000000001));
#13149=CARTESIAN_POINT('',(6.5,1.,40.85));
#13150=CARTESIAN_POINT('',(6.5,1.,32.675));
#13151=CARTESIAN_POINT('',(20.5,1.,40.85));
#13152=CARTESIAN_POINT('',(12.,1.,3.03641288762659));
#13153=CARTESIAN_POINT('',(12.,1.,0.138587112373411));
#13154=CARTESIAN_POINT('',(12.,1.,12.3192935561867));
#13155=CARTESIAN_POINT('',(19.,1.,0.138587112373407));
#13156=CARTESIAN_POINT('',(29.25,1.,0.138587112373403));
#13157=CARTESIAN_POINT('',(19.,1.,3.03641288762659));
#13158=CARTESIAN_POINT('',(19.,1.,13.7682064438133));
#13159=CARTESIAN_POINT('',(25.75,1.,3.03641288762659));
#13160=CARTESIAN_POINT('',(17.95,1.,26.5));
#13161=CARTESIAN_POINT('',(17.95,1.,21.15));
#13162=CARTESIAN_POINT('',(17.95,1.,22.825));
#13163=CARTESIAN_POINT('',(23.7053639395962,1.,21.15));
#13164=CARTESIAN_POINT('',(31.6026819697981,1.,21.15));
#13165=CARTESIAN_POINT('',(23.7053639395962,1.,26.5));
#13166=CARTESIAN_POINT('',(23.7053639395962,1.,25.5));
#13167=CARTESIAN_POINT('',(28.725,1.,26.5));
#13168=CARTESIAN_POINT('',(16.9349878243905,1.,15.5));
#13169=CARTESIAN_POINT('',(14.9349878243905,1.,13.5));
#13170=CARTESIAN_POINT('Origin',(16.9349878243905,1.,13.5));
#13171=CARTESIAN_POINT('',(14.9349878243905,1.,13.));
#13172=CARTESIAN_POINT('',(14.9349878243905,1.,18.75));
#13173=CARTESIAN_POINT('',(16.9349878243905,1.,11.));
#13174=CARTESIAN_POINT('Origin',(16.9349878243905,1.,13.));
#13175=CARTESIAN_POINT('',(24.4349878243905,1.,11.));
#13176=CARTESIAN_POINT('',(31.9674939121953,1.,11.));
#13177=CARTESIAN_POINT('',(26.4349878243905,1.,13.));
#13178=CARTESIAN_POINT('Origin',(24.4349878243905,1.,13.));
#13179=CARTESIAN_POINT('',(26.4349878243905,1.,13.5));
#13180=CARTESIAN_POINT('',(26.4349878243905,1.,19.));
#13181=CARTESIAN_POINT('',(24.4349878243905,1.,15.5));
#13182=CARTESIAN_POINT('Origin',(24.4349878243905,1.,13.5));
#13183=CARTESIAN_POINT('',(28.2174939121953,1.,15.5));
#13184=CARTESIAN_POINT('',(2.2,1.,3.7));
#13185=CARTESIAN_POINT('Origin',(3.7,1.,3.7));
#13186=CARTESIAN_POINT('',(2.20000000000003,1.,45.3));
#13187=CARTESIAN_POINT('Origin',(3.70000000000003,1.,45.3));
#13188=CARTESIAN_POINT('',(73.8,1.,45.3));
#13189=CARTESIAN_POINT('Origin',(75.3,1.,45.3));
#13190=CARTESIAN_POINT('',(73.8,1.,3.7));
#13191=CARTESIAN_POINT('Origin',(75.3,1.,3.7));
#13192=CARTESIAN_POINT('Origin',(39.5,1.,24.5));
#13193=CARTESIAN_POINT('Origin',(39.5,1.,24.5));
#13194=CARTESIAN_POINT('',(17.15,1.,43.2));
#13195=CARTESIAN_POINT('Origin',(17.55,1.,43.2));
#13196=CARTESIAN_POINT('',(27.15,1.,43.2));
#13197=CARTESIAN_POINT('Origin',(27.55,1.,43.2));
#13198=CARTESIAN_POINT('',(37.15,1.,43.2));
#13199=CARTESIAN_POINT('Origin',(37.55,1.,43.2));
#13200=CARTESIAN_POINT('',(34.65,1.,43.2));
#13201=CARTESIAN_POINT('Origin',(35.05,1.,43.2));
#13202=CARTESIAN_POINT('',(24.65,1.,43.2));
#13203=CARTESIAN_POINT('Origin',(25.05,1.,43.2));
#13204=CARTESIAN_POINT('',(14.65,1.,43.2));
#13205=CARTESIAN_POINT('Origin',(15.05,1.,43.2));
#13206=CARTESIAN_POINT('',(19.65,1.,43.2));
#13207=CARTESIAN_POINT('Origin',(20.05,1.,43.2));
#13208=CARTESIAN_POINT('',(29.65,1.,43.2));
#13209=CARTESIAN_POINT('Origin',(30.05,1.,43.2));
#13210=CARTESIAN_POINT('',(39.65,1.,43.2));
#13211=CARTESIAN_POINT('Origin',(40.05,1.,43.2));
#13212=CARTESIAN_POINT('',(32.15,1.,43.2));
#13213=CARTESIAN_POINT('Origin',(32.55,1.,43.2));
#13214=CARTESIAN_POINT('',(22.15,1.,43.2));
#13215=CARTESIAN_POINT('Origin',(22.55,1.,43.2));
#13216=CARTESIAN_POINT('',(12.15,1.,43.2));
#13217=CARTESIAN_POINT('Origin',(12.55,1.,43.2));
#13218=CARTESIAN_POINT('Origin',(39.5,1.,24.5));
#13219=CARTESIAN_POINT('Origin',(39.5,1.,24.5));
#13220=CARTESIAN_POINT('Origin',(56.4066203500235,1.,27.6808347377995));
#13221=CARTESIAN_POINT('',(60.5957210580182,1.,27.6808347377995));
#13222=CARTESIAN_POINT('',(56.4066203500235,1.,27.6808347377995));
#13223=CARTESIAN_POINT('',(47.9533101750118,1.,27.6808347377995));
#13224=CARTESIAN_POINT('',(60.5957210580182,1.001,27.6808347377995));
#13225=CARTESIAN_POINT('',(60.5957210580182,1.,27.6808347377995));
#13226=CARTESIAN_POINT('',(56.4066203500235,1.001,27.6808347377995));
#13227=CARTESIAN_POINT('',(60.5957210580182,1.001,27.6808347377995));
#13228=CARTESIAN_POINT('',(56.4066203500235,1.,27.6808347377995));
#13229=CARTESIAN_POINT('Origin',(56.4066203500235,1.,26.6486700794479));
#13230=CARTESIAN_POINT('',(56.4066203500235,1.,26.6486700794479));
#13231=CARTESIAN_POINT('',(56.4066203500235,1.,25.5743350397239));
#13232=CARTESIAN_POINT('',(56.4066203500235,1.001,26.6486700794479));
#13233=CARTESIAN_POINT('',(56.4066203500235,1.001,27.6808347377995));
#13234=CARTESIAN_POINT('',(56.4066203500235,1.,26.6486700794479));
#13235=CARTESIAN_POINT('Origin',(59.3636326144903,1.,26.6486700794479));
#13236=CARTESIAN_POINT('',(59.3636326144903,1.,26.6486700794479));
#13237=CARTESIAN_POINT('',(49.4318163072452,1.,26.6486700794479));
#13238=CARTESIAN_POINT('',(59.3636326144903,1.001,26.6486700794479));
#13239=CARTESIAN_POINT('',(56.4066203500235,1.001,26.6486700794479));
#13240=CARTESIAN_POINT('',(59.3636326144903,1.,26.6486700794479));
#13241=CARTESIAN_POINT('Origin',(59.3636326144903,1.,25.2073590700379));
#13242=CARTESIAN_POINT('',(59.3636326144903,1.,25.2073590700379));
#13243=CARTESIAN_POINT('',(59.3636326144903,1.,24.853679535019));
#13244=CARTESIAN_POINT('',(59.3636326144903,1.001,25.2073590700379));
#13245=CARTESIAN_POINT('',(59.3636326144903,1.001,26.6486700794479));
#13246=CARTESIAN_POINT('',(59.3636326144903,1.,25.2073590700379));
#13247=CARTESIAN_POINT('Origin',(56.8111173107289,1.,25.2073590700379));
#13248=CARTESIAN_POINT('',(56.8111173107289,1.,25.2073590700379));
#13249=CARTESIAN_POINT('',(48.1555586553644,1.,25.2073590700379));
#13250=CARTESIAN_POINT('',(56.8111173107289,1.001,25.2073590700379));
#13251=CARTESIAN_POINT('',(59.3636326144903,1.001,25.2073590700379));
#13252=CARTESIAN_POINT('',(56.8111173107289,1.,25.2073590700379));
#13253=CARTESIAN_POINT('Origin',(56.8111173107289,1.,24.1751944116863));
#13254=CARTESIAN_POINT('',(56.8111173107289,1.,24.1751944116863));
#13255=CARTESIAN_POINT('',(56.8111173107289,1.,24.3375972058431));
#13256=CARTESIAN_POINT('',(56.8111173107289,1.001,24.1751944116863));
#13257=CARTESIAN_POINT('',(56.8111173107289,1.001,25.2073590700379));
#13258=CARTESIAN_POINT('',(56.8111173107289,1.,24.1751944116863));
#13259=CARTESIAN_POINT('Origin',(59.3636326144903,1.,24.1751944116863));
#13260=CARTESIAN_POINT('',(59.3636326144903,1.,24.1751944116863));
#13261=CARTESIAN_POINT('',(49.4318163072452,1.,24.1751944116863));
#13262=CARTESIAN_POINT('',(59.3636326144903,1.001,24.1751944116863));
#13263=CARTESIAN_POINT('',(56.8111173107289,1.001,24.1751944116863));
#13264=CARTESIAN_POINT('',(59.3636326144903,1.,24.1751944116863));
#13265=CARTESIAN_POINT('Origin',(59.3636326144903,1.,21.5808345947484));
#13266=CARTESIAN_POINT('',(59.3636326144903,1.,21.5808345947484));
#13267=CARTESIAN_POINT('',(59.3636326144903,1.,23.0404172973742));
#13268=CARTESIAN_POINT('',(59.3636326144903,1.001,21.5808345947484));
#13269=CARTESIAN_POINT('',(59.3636326144903,1.001,24.1751944116863));
#13270=CARTESIAN_POINT('',(59.3636326144903,1.,21.5808345947484));
#13271=CARTESIAN_POINT('Origin',(60.5957210580182,1.,21.5808345947484));
#13272=CARTESIAN_POINT('',(60.5957210580182,1.,21.5808345947484));
#13273=CARTESIAN_POINT('',(50.0478605290091,1.,21.5808345947484));
#13274=CARTESIAN_POINT('',(60.5957210580182,1.001,21.5808345947484));
#13275=CARTESIAN_POINT('',(59.3636326144903,1.001,21.5808345947484));
#13276=CARTESIAN_POINT('',(60.5957210580182,1.,21.5808345947484));
#13277=CARTESIAN_POINT('Origin',(60.5957210580182,1.,27.6808347377995));
#13278=CARTESIAN_POINT('',(60.5957210580182,1.,26.0904173688998));
#13279=CARTESIAN_POINT('',(60.5957210580182,1.001,21.5808345947484));
#13280=CARTESIAN_POINT('Origin',(58.899819734934,1.001,25.2263286500116));
#13281=CARTESIAN_POINT('Origin',(59.1166395296222,1.,24.6264409145409));
#13282=CARTESIAN_POINT('',(70.8332674538234,1.001,24.6264409145409));
#13283=CARTESIAN_POINT('Origin',(59.1166395296222,1.001,24.6264409145409));
#13284=CARTESIAN_POINT('',(70.8332674538234,1.,24.6264409145409));
#13285=CARTESIAN_POINT('',(70.8332674538234,1.,24.6264409145409));
#13286=CARTESIAN_POINT('Origin',(59.1166395296222,1.,24.6264409145409));
#13287=CARTESIAN_POINT('Origin',(59.1166395296222,1.,24.6264409145409));
#13288=CARTESIAN_POINT('',(43.6144802336949,1.001,24.6264409145409));
#13289=CARTESIAN_POINT('Origin',(59.1166395296222,1.001,24.6264409145409));
#13290=CARTESIAN_POINT('',(43.6144802336949,1.,24.6264409145409));
#13291=CARTESIAN_POINT('Origin',(59.1166395296222,1.001,24.6264409145409));
#13292=CARTESIAN_POINT('Origin',(65.5473217838943,1.,27.6808347377995));
#13293=CARTESIAN_POINT('',(66.7422151045987,1.,27.6808347377995));
#13294=CARTESIAN_POINT('',(65.5473217838943,1.,27.6808347377995));
#13295=CARTESIAN_POINT('',(52.5236608919472,1.,27.6808347377995));
#13296=CARTESIAN_POINT('',(66.7422151045987,1.001,27.6808347377995));
#13297=CARTESIAN_POINT('',(66.7422151045987,1.,27.6808347377995));
#13298=CARTESIAN_POINT('',(65.5473217838943,1.001,27.6808347377995));
#13299=CARTESIAN_POINT('',(66.7422151045987,1.001,27.6808347377995));
#13300=CARTESIAN_POINT('',(65.5473217838943,1.,27.6808347377995));
#13301=CARTESIAN_POINT('Origin',(63.0413003836622,1.,23.5893712272164));
#13302=CARTESIAN_POINT('',(63.0413003836622,1.,23.5893712272164));
#13303=CARTESIAN_POINT('',(60.0329492058494,1.,18.677777467522));
#13304=CARTESIAN_POINT('',(63.0413003836622,1.001,23.5893712272164));
#13305=CARTESIAN_POINT('',(65.5473217838943,1.001,27.6808347377995));
#13306=CARTESIAN_POINT('',(63.0413003836622,1.,23.5893712272164));
#13307=CARTESIAN_POINT('Origin',(63.0413003836622,1.,27.6808347377995));
#13308=CARTESIAN_POINT('',(63.0413003836622,1.,27.6808347377995));
#13309=CARTESIAN_POINT('',(63.0413003836622,1.,26.0904173688998));
#13310=CARTESIAN_POINT('',(63.0413003836622,1.001,27.6808347377995));
#13311=CARTESIAN_POINT('',(63.0413003836622,1.001,23.5893712272164));
#13312=CARTESIAN_POINT('',(63.0413003836622,1.,27.6808347377995));
#13313=CARTESIAN_POINT('Origin',(61.902199747193,1.,27.6808347377995));
#13314=CARTESIAN_POINT('',(61.902199747193,1.,27.6808347377995));
#13315=CARTESIAN_POINT('',(50.7010998735965,1.,27.6808347377995));
#13316=CARTESIAN_POINT('',(61.902199747193,1.001,27.6808347377995));
#13317=CARTESIAN_POINT('',(63.0413003836622,1.001,27.6808347377995));
#13318=CARTESIAN_POINT('',(61.902199747193,1.,27.6808347377995));
#13319=CARTESIAN_POINT('Origin',(61.902199747193,1.,21.5808345947484));
#13320=CARTESIAN_POINT('',(61.902199747193,1.,21.5808345947484));
#13321=CARTESIAN_POINT('',(61.902199747193,1.,23.0404172973742));
#13322=CARTESIAN_POINT('',(61.902199747193,1.001,21.5808345947484));
#13323=CARTESIAN_POINT('',(61.902199747193,1.001,27.6808347377995));
#13324=CARTESIAN_POINT('',(61.902199747193,1.,21.5808345947484));
#13325=CARTESIAN_POINT('Origin',(63.1342881907209,1.,21.5808345947484));
#13326=CARTESIAN_POINT('',(63.1342881907209,1.,21.5808345947484));
#13327=CARTESIAN_POINT('',(51.3171440953604,1.,21.5808345947484));
#13328=CARTESIAN_POINT('',(63.1342881907209,1.001,21.5808345947484));
#13329=CARTESIAN_POINT('',(61.902199747193,1.001,21.5808345947484));
#13330=CARTESIAN_POINT('',(63.1342881907209,1.,21.5808345947484));
#13331=CARTESIAN_POINT('Origin',(65.6031144681296,1.,25.5839596886257));
#13332=CARTESIAN_POINT('',(65.6031144681296,1.,25.5839596886257));
#13333=CARTESIAN_POINT('',(61.7646628621447,1.,19.3600296834412));
#13334=CARTESIAN_POINT('',(65.6031144681296,1.001,25.5839596886257));
#13335=CARTESIAN_POINT('',(63.1342881907209,1.001,21.5808345947484));
#13336=CARTESIAN_POINT('',(65.6031144681296,1.,25.5839596886257));
#13337=CARTESIAN_POINT('Origin',(65.6031144681296,1.,21.5808345947484));
#13338=CARTESIAN_POINT('',(65.6031144681296,1.,21.5808345947484));
#13339=CARTESIAN_POINT('',(65.6031144681296,1.,23.0404172973742));
#13340=CARTESIAN_POINT('',(65.6031144681296,1.001,21.5808345947484));
#13341=CARTESIAN_POINT('',(65.6031144681296,1.001,25.5839596886257));
#13342=CARTESIAN_POINT('',(65.6031144681296,1.,21.5808345947484));
#13343=CARTESIAN_POINT('Origin',(66.7422151045987,1.,21.5808345947484));
#13344=CARTESIAN_POINT('',(66.7422151045987,1.,21.5808345947484));
#13345=CARTESIAN_POINT('',(53.1211075522994,1.,21.5808345947484));
#13346=CARTESIAN_POINT('',(66.7422151045987,1.001,21.5808345947484));
#13347=CARTESIAN_POINT('',(65.6031144681296,1.001,21.5808345947484));
#13348=CARTESIAN_POINT('',(66.7422151045987,1.,21.5808345947484));
#13349=CARTESIAN_POINT('Origin',(66.7422151045987,1.,27.6808347377995));
#13350=CARTESIAN_POINT('',(66.7422151045987,1.,26.0904173688998));
#13351=CARTESIAN_POINT('',(66.7422151045987,1.001,21.5808345947484));
#13352=CARTESIAN_POINT('Origin',(64.3200856113314,1.001,24.6217293837646));
#13353=CARTESIAN_POINT('Ctrl Pts',(52.8265897782633,1.,21.4785480069838));
#13354=CARTESIAN_POINT('Ctrl Pts',(52.8265897782633,1.001,21.4785480069838));
#13355=CARTESIAN_POINT('Ctrl Pts',(51.8455684137939,1.,21.4785480069838));
#13356=CARTESIAN_POINT('Ctrl Pts',(51.8455684137939,1.001,21.4785480069838));
#13357=CARTESIAN_POINT('Ctrl Pts',(50.5669860667367,1.,22.4502705907473));
#13358=CARTESIAN_POINT('Ctrl Pts',(50.5669860667367,1.001,22.4502705907473));
#13359=CARTESIAN_POINT('Ctrl Pts',(50.2926720359135,1.,23.4498895166284));
#13360=CARTESIAN_POINT('Ctrl Pts',(50.2926720359135,1.001,23.4498895166284));
#13361=CARTESIAN_POINT('',(50.2926720359135,1.,23.4498895166284));
#13362=CARTESIAN_POINT('',(52.8265897782633,1.,21.4785480069838));
#13363=CARTESIAN_POINT('Ctrl Pts',(50.2926720359135,1.,23.4498895166284));
#13364=CARTESIAN_POINT('Ctrl Pts',(50.5669860667367,1.,22.4502705907473));
#13365=CARTESIAN_POINT('Ctrl Pts',(51.8455684137939,1.,21.4785480069838));
#13366=CARTESIAN_POINT('Ctrl Pts',(52.8265897782633,1.,21.4785480069838));
#13367=CARTESIAN_POINT('',(50.2926720359135,1.001,23.4498895166284));
#13368=CARTESIAN_POINT('',(50.2926720359135,1.,23.4498895166284));
#13369=CARTESIAN_POINT('',(52.8265897782633,1.001,21.4785480069838));
#13370=CARTESIAN_POINT('Ctrl Pts',(52.8265897782633,1.001,21.4785480069838));
#13371=CARTESIAN_POINT('Ctrl Pts',(51.8455684137939,1.001,21.4785480069838));
#13372=CARTESIAN_POINT('Ctrl Pts',(50.5669860667367,1.001,22.4502705907473));
#13373=CARTESIAN_POINT('Ctrl Pts',(50.2926720359135,1.001,23.4498895166284));
#13374=CARTESIAN_POINT('',(52.8265897782633,1.,21.4785480069838));
#13375=CARTESIAN_POINT('Ctrl Pts',(55.6069252093186,1.,24.5750419820387));
#13376=CARTESIAN_POINT('Ctrl Pts',(55.6069252093186,1.001,24.5750419820387));
#13377=CARTESIAN_POINT('Ctrl Pts',(55.6069252093186,1.,23.1383803629817));
#13378=CARTESIAN_POINT('Ctrl Pts',(55.6069252093186,1.001,23.1383803629817));
#13379=CARTESIAN_POINT('Ctrl Pts',(54.0400806603794,1.,21.4785480069838));
#13380=CARTESIAN_POINT('Ctrl Pts',(54.0400806603794,1.001,21.4785480069838));
#13381=CARTESIAN_POINT('Ctrl Pts',(52.8265897782633,1.,21.4785480069838));
#13382=CARTESIAN_POINT('Ctrl Pts',(52.8265897782633,1.001,21.4785480069838));
#13383=CARTESIAN_POINT('',(55.6069252093186,1.,24.5750419820387));
#13384=CARTESIAN_POINT('Ctrl Pts',(52.8265897782633,1.,21.4785480069838));
#13385=CARTESIAN_POINT('Ctrl Pts',(54.0400806603794,1.,21.4785480069838));
#13386=CARTESIAN_POINT('Ctrl Pts',(55.6069252093186,1.,23.1383803629817));
#13387=CARTESIAN_POINT('Ctrl Pts',(55.6069252093186,1.,24.5750419820387));
#13388=CARTESIAN_POINT('',(55.6069252093186,1.001,24.5750419820387));
#13389=CARTESIAN_POINT('Ctrl Pts',(55.6069252093186,1.001,24.5750419820387));
#13390=CARTESIAN_POINT('Ctrl Pts',(55.6069252093186,1.001,23.1383803629817));
#13391=CARTESIAN_POINT('Ctrl Pts',(54.0400806603794,1.001,21.4785480069838));
#13392=CARTESIAN_POINT('Ctrl Pts',(52.8265897782633,1.001,21.4785480069838));
#13393=CARTESIAN_POINT('',(55.6069252093186,1.,24.5750419820387));
#13394=CARTESIAN_POINT('Ctrl Pts',(52.7521995326163,1.,27.7831213255641));
#13395=CARTESIAN_POINT('Ctrl Pts',(52.7521995326163,1.001,27.7831213255641));
#13396=CARTESIAN_POINT('Ctrl Pts',(54.0354312700265,1.,27.7831213255641));
#13397=CARTESIAN_POINT('Ctrl Pts',(54.0354312700265,1.001,27.7831213255641));
#13398=CARTESIAN_POINT('Ctrl Pts',(55.6069252093186,1.,26.1000420178015));
#13399=CARTESIAN_POINT('Ctrl Pts',(55.6069252093186,1.001,26.1000420178015));
#13400=CARTESIAN_POINT('Ctrl Pts',(55.6069252093186,1.,24.5750419820387));
#13401=CARTESIAN_POINT('Ctrl Pts',(55.6069252093186,1.001,24.5750419820387));
#13402=CARTESIAN_POINT('',(52.7521995326163,1.,27.7831213255641));
#13403=CARTESIAN_POINT('Ctrl Pts',(55.6069252093186,1.,24.5750419820387));
#13404=CARTESIAN_POINT('Ctrl Pts',(55.6069252093186,1.,26.1000420178015));
#13405=CARTESIAN_POINT('Ctrl Pts',(54.0354312700265,1.,27.7831213255641));
#13406=CARTESIAN_POINT('Ctrl Pts',(52.7521995326163,1.,27.7831213255641));
#13407=CARTESIAN_POINT('',(52.7521995326163,1.001,27.7831213255641));
#13408=CARTESIAN_POINT('Ctrl Pts',(52.7521995326163,1.001,27.7831213255641));
#13409=CARTESIAN_POINT('Ctrl Pts',(54.0354312700265,1.001,27.7831213255641));
#13410=CARTESIAN_POINT('Ctrl Pts',(55.6069252093186,1.001,26.1000420178015));
#13411=CARTESIAN_POINT('Ctrl Pts',(55.6069252093186,1.001,24.5750419820387));
#13412=CARTESIAN_POINT('',(52.7521995326163,1.,27.7831213255641));
#13413=CARTESIAN_POINT('Ctrl Pts',(50.9342879046186,1.,27.1229078954473));
#13414=CARTESIAN_POINT('Ctrl Pts',(50.9342879046186,1.001,27.1229078954473));
#13415=CARTESIAN_POINT('Ctrl Pts',(51.6363458479118,1.,27.7831213255641));
#13416=CARTESIAN_POINT('Ctrl Pts',(51.6363458479118,1.001,27.7831213255641));
#13417=CARTESIAN_POINT('Ctrl Pts',(52.7521995326163,1.,27.7831213255641));
#13418=CARTESIAN_POINT('Ctrl Pts',(52.7521995326163,1.001,27.7831213255641));
#13419=CARTESIAN_POINT('',(50.9342879046186,1.,27.1229078954473));
#13420=CARTESIAN_POINT('Ctrl Pts',(52.7521995326163,1.,27.7831213255641));
#13421=CARTESIAN_POINT('Ctrl Pts',(51.6363458479118,1.,27.7831213255641));
#13422=CARTESIAN_POINT('Ctrl Pts',(50.9342879046186,1.,27.1229078954473));
#13423=CARTESIAN_POINT('',(50.9342879046186,1.001,27.1229078954473));
#13424=CARTESIAN_POINT('Ctrl Pts',(50.9342879046186,1.001,27.1229078954473));
#13425=CARTESIAN_POINT('Ctrl Pts',(51.6363458479118,1.001,27.7831213255641));
#13426=CARTESIAN_POINT('Ctrl Pts',(52.7521995326163,1.001,27.7831213255641));
#13427=CARTESIAN_POINT('',(50.9342879046186,1.,27.1229078954473));
#13428=CARTESIAN_POINT('Ctrl Pts',(50.3112695973253,1.,26.0024048203899));
#13429=CARTESIAN_POINT('Ctrl Pts',(50.3112695973253,1.001,26.0024048203899));
#13430=CARTESIAN_POINT('Ctrl Pts',(50.5204921632074,1.,26.7323591058007));
#13431=CARTESIAN_POINT('Ctrl Pts',(50.5204921632074,1.001,26.7323591058007));
#13432=CARTESIAN_POINT('Ctrl Pts',(50.9342879046186,1.,27.1229078954473));
#13433=CARTESIAN_POINT('Ctrl Pts',(50.9342879046186,1.001,27.1229078954473));
#13434=CARTESIAN_POINT('',(50.3112695973253,1.,26.0024048203899));
#13435=CARTESIAN_POINT('Ctrl Pts',(50.9342879046186,1.,27.1229078954473));
#13436=CARTESIAN_POINT('Ctrl Pts',(50.5204921632074,1.,26.7323591058007));
#13437=CARTESIAN_POINT('Ctrl Pts',(50.3112695973253,1.,26.0024048203899));
#13438=CARTESIAN_POINT('',(50.3112695973253,1.001,26.0024048203899));
#13439=CARTESIAN_POINT('Ctrl Pts',(50.3112695973253,1.001,26.0024048203899));
#13440=CARTESIAN_POINT('Ctrl Pts',(50.5204921632074,1.001,26.7323591058007));
#13441=CARTESIAN_POINT('Ctrl Pts',(50.9342879046186,1.001,27.1229078954473));
#13442=CARTESIAN_POINT('',(50.3112695973253,1.,26.0024048203899));
#13443=CARTESIAN_POINT('Origin',(51.5294098697943,1.,25.7094932281549));
#13444=CARTESIAN_POINT('',(51.5294098697943,1.,25.7094932281549));
#13445=CARTESIAN_POINT('',(45.9809342808624,1.,27.0436686560279));
#13446=CARTESIAN_POINT('',(51.5294098697943,1.001,25.7094932281549));
#13447=CARTESIAN_POINT('',(50.3112695973253,1.001,26.0024048203899));
#13448=CARTESIAN_POINT('',(51.5294098697943,1.,25.7094932281549));
#13449=CARTESIAN_POINT('Ctrl Pts',(52.8126416072045,1.,26.7323591058007));
#13450=CARTESIAN_POINT('Ctrl Pts',(52.8126416072045,1.001,26.7323591058007));
#13451=CARTESIAN_POINT('Ctrl Pts',(52.3244556201463,1.,26.7323591058007));
#13452=CARTESIAN_POINT('Ctrl Pts',(52.3244556201463,1.001,26.7323591058007));
#13453=CARTESIAN_POINT('Ctrl Pts',(51.6363458479118,1.,26.1837310441543));
#13454=CARTESIAN_POINT('Ctrl Pts',(51.6363458479118,1.001,26.1837310441543));
#13455=CARTESIAN_POINT('Ctrl Pts',(51.5294098697943,1.,25.7094932281549));
#13456=CARTESIAN_POINT('Ctrl Pts',(51.5294098697943,1.001,25.7094932281549));
#13457=CARTESIAN_POINT('',(52.8126416072045,1.,26.7323591058007));
#13458=CARTESIAN_POINT('Ctrl Pts',(51.5294098697943,1.,25.7094932281549));
#13459=CARTESIAN_POINT('Ctrl Pts',(51.6363458479118,1.,26.1837310441543));
#13460=CARTESIAN_POINT('Ctrl Pts',(52.3244556201463,1.,26.7323591058007));
#13461=CARTESIAN_POINT('Ctrl Pts',(52.8126416072045,1.,26.7323591058007));
#13462=CARTESIAN_POINT('',(52.8126416072045,1.001,26.7323591058007));
#13463=CARTESIAN_POINT('Ctrl Pts',(52.8126416072045,1.001,26.7323591058007));
#13464=CARTESIAN_POINT('Ctrl Pts',(52.3244556201463,1.001,26.7323591058007));
#13465=CARTESIAN_POINT('Ctrl Pts',(51.6363458479118,1.001,26.1837310441543));
#13466=CARTESIAN_POINT('Ctrl Pts',(51.5294098697943,1.001,25.7094932281549));
#13467=CARTESIAN_POINT('',(52.8126416072045,1.,26.7323591058007));
#13468=CARTESIAN_POINT('Ctrl Pts',(54.3376416429673,1.,24.6680297890974));
#13469=CARTESIAN_POINT('Ctrl Pts',(54.3376416429673,1.001,24.6680297890974));
#13470=CARTESIAN_POINT('Ctrl Pts',(54.3376416429673,1.,25.7606365220372));
#13471=CARTESIAN_POINT('Ctrl Pts',(54.3376416429673,1.001,25.7606365220372));
#13472=CARTESIAN_POINT('Ctrl Pts',(53.491452598733,1.,26.7323591058007));
#13473=CARTESIAN_POINT('Ctrl Pts',(53.491452598733,1.001,26.7323591058007));
#13474=CARTESIAN_POINT('Ctrl Pts',(52.8126416072045,1.,26.7323591058007));
#13475=CARTESIAN_POINT('Ctrl Pts',(52.8126416072045,1.001,26.7323591058007));
#13476=CARTESIAN_POINT('',(54.3376416429673,1.,24.6680297890974));
#13477=CARTESIAN_POINT('Ctrl Pts',(52.8126416072045,1.,26.7323591058007));
#13478=CARTESIAN_POINT('Ctrl Pts',(53.491452598733,1.,26.7323591058007));
#13479=CARTESIAN_POINT('Ctrl Pts',(54.3376416429673,1.,25.7606365220372));
#13480=CARTESIAN_POINT('Ctrl Pts',(54.3376416429673,1.,24.6680297890974));
#13481=CARTESIAN_POINT('',(54.3376416429673,1.001,24.6680297890974));
#13482=CARTESIAN_POINT('Ctrl Pts',(54.3376416429673,1.001,24.6680297890974));
#13483=CARTESIAN_POINT('Ctrl Pts',(54.3376416429673,1.001,25.7606365220372));
#13484=CARTESIAN_POINT('Ctrl Pts',(53.491452598733,1.001,26.7323591058007));
#13485=CARTESIAN_POINT('Ctrl Pts',(52.8126416072045,1.001,26.7323591058007));
#13486=CARTESIAN_POINT('',(54.3376416429673,1.,24.6680297890974));
#13487=CARTESIAN_POINT('Ctrl Pts',(52.8405379493221,1.,22.5293102267472));
#13488=CARTESIAN_POINT('Ctrl Pts',(52.8405379493221,1.001,22.5293102267472));
#13489=CARTESIAN_POINT('Ctrl Pts',(53.5054007697918,1.,22.5293102267472));
#13490=CARTESIAN_POINT('Ctrl Pts',(53.5054007697918,1.001,22.5293102267472));
#13491=CARTESIAN_POINT('Ctrl Pts',(54.3376416429673,1.,23.5103315912165));
#13492=CARTESIAN_POINT('Ctrl Pts',(54.3376416429673,1.001,23.5103315912165));
#13493=CARTESIAN_POINT('Ctrl Pts',(54.3376416429673,1.,24.6680297890974));
#13494=CARTESIAN_POINT('Ctrl Pts',(54.3376416429673,1.001,24.6680297890974));
#13495=CARTESIAN_POINT('',(52.8405379493221,1.,22.5293102267472));
#13496=CARTESIAN_POINT('Ctrl Pts',(54.3376416429673,1.,24.6680297890974));
#13497=CARTESIAN_POINT('Ctrl Pts',(54.3376416429673,1.,23.5103315912165));
#13498=CARTESIAN_POINT('Ctrl Pts',(53.5054007697918,1.,22.5293102267472));
#13499=CARTESIAN_POINT('Ctrl Pts',(52.8405379493221,1.,22.5293102267472));
#13500=CARTESIAN_POINT('',(52.8405379493221,1.001,22.5293102267472));
#13501=CARTESIAN_POINT('Ctrl Pts',(52.8405379493221,1.001,22.5293102267472));
#13502=CARTESIAN_POINT('Ctrl Pts',(53.5054007697918,1.001,22.5293102267472));
#13503=CARTESIAN_POINT('Ctrl Pts',(54.3376416429673,1.001,23.5103315912165));
#13504=CARTESIAN_POINT('Ctrl Pts',(54.3376416429673,1.001,24.6680297890974));
#13505=CARTESIAN_POINT('',(52.8405379493221,1.,22.5293102267472));
#13506=CARTESIAN_POINT('Ctrl Pts',(51.4875653566179,1.,23.8264901352161));
#13507=CARTESIAN_POINT('Ctrl Pts',(51.4875653566179,1.001,23.8264901352161));
#13508=CARTESIAN_POINT('Ctrl Pts',(51.6409952382648,1.,23.1569779243934));
#13509=CARTESIAN_POINT('Ctrl Pts',(51.6409952382648,1.001,23.1569779243934));
#13510=CARTESIAN_POINT('Ctrl Pts',(52.3477025719109,1.,22.5293102267472));
#13511=CARTESIAN_POINT('Ctrl Pts',(52.3477025719109,1.001,22.5293102267472));
#13512=CARTESIAN_POINT('Ctrl Pts',(52.8405379493221,1.,22.5293102267472));
#13513=CARTESIAN_POINT('Ctrl Pts',(52.8405379493221,1.001,22.5293102267472));
#13514=CARTESIAN_POINT('',(51.4875653566179,1.,23.8264901352161));
#13515=CARTESIAN_POINT('Ctrl Pts',(52.8405379493221,1.,22.5293102267472));
#13516=CARTESIAN_POINT('Ctrl Pts',(52.3477025719109,1.,22.5293102267472));
#13517=CARTESIAN_POINT('Ctrl Pts',(51.6409952382648,1.,23.1569779243934));
#13518=CARTESIAN_POINT('Ctrl Pts',(51.4875653566179,1.,23.8264901352161));
#13519=CARTESIAN_POINT('',(51.4875653566179,1.001,23.8264901352161));
#13520=CARTESIAN_POINT('Ctrl Pts',(51.4875653566179,1.001,23.8264901352161));
#13521=CARTESIAN_POINT('Ctrl Pts',(51.6409952382648,1.001,23.1569779243934));
#13522=CARTESIAN_POINT('Ctrl Pts',(52.3477025719109,1.001,22.5293102267472));
#13523=CARTESIAN_POINT('Ctrl Pts',(52.8405379493221,1.001,22.5293102267472));
#13524=CARTESIAN_POINT('',(51.4875653566179,1.,23.8264901352161));
#13525=CARTESIAN_POINT('Origin',(50.2926720359135,1.,23.4498895166284));
#13526=CARTESIAN_POINT('',(45.5344772599343,1.,21.9502250152497));
#13527=CARTESIAN_POINT('',(51.4875653566179,1.001,23.8264901352161));
#13528=CARTESIAN_POINT('Origin',(52.9583435936647,1.001,24.6341819281508));
#13529=CARTESIAN_POINT('Origin',(39.5,1.,24.5));
#13530=CARTESIAN_POINT('Ctrl Pts',(16.9349878243905,5.,11.));
#13531=CARTESIAN_POINT('Ctrl Pts',(14.9349878243905,5.,11.));
#13532=CARTESIAN_POINT('Ctrl Pts',(14.9349878243905,5.,13.));
#13533=CARTESIAN_POINT('Ctrl Pts',(16.9349878243905,6.,11.));
#13534=CARTESIAN_POINT('Ctrl Pts',(14.9349878243905,6.,11.));
#13535=CARTESIAN_POINT('Ctrl Pts',(14.9349878243905,6.,13.));
#13536=CARTESIAN_POINT('Ctrl Pts',(16.9349878243905,6.,12.));
#13537=CARTESIAN_POINT('Ctrl Pts',(15.9349878243905,6.,12.));
#13538=CARTESIAN_POINT('Ctrl Pts',(15.9349878243905,6.,13.));
#13539=CARTESIAN_POINT('',(16.9349878243905,6.,12.));
#13540=CARTESIAN_POINT('',(16.9349878243905,5.,11.));
#13541=CARTESIAN_POINT('Origin',(16.9349878243905,5.,12.));
#13542=CARTESIAN_POINT('',(14.9349878243905,5.,13.));
#13543=CARTESIAN_POINT('Origin',(16.9349878243905,5.,13.));
#13544=CARTESIAN_POINT('',(15.9349878243905,6.,13.));
#13545=CARTESIAN_POINT('Origin',(15.9349878243905,5.,13.));
#13546=CARTESIAN_POINT('Origin',(16.9349878243905,6.,13.));
#13547=CARTESIAN_POINT('Origin',(15.9349878243905,5.,13.125));
#13548=CARTESIAN_POINT('',(14.9349878243905,5.,13.5));
#13549=CARTESIAN_POINT('',(15.9349878243905,6.,13.5));
#13550=CARTESIAN_POINT('Origin',(15.9349878243905,5.,13.5));
#13551=CARTESIAN_POINT('',(15.9349878243905,6.,13.125));
#13552=CARTESIAN_POINT('',(14.9349878243905,5.,13.125));
#13553=CARTESIAN_POINT('Ctrl Pts',(14.9349878243905,5.,13.5));
#13554=CARTESIAN_POINT('Ctrl Pts',(14.9349878243905,5.,15.5));
#13555=CARTESIAN_POINT('Ctrl Pts',(16.9349878243905,5.,15.5));
#13556=CARTESIAN_POINT('Ctrl Pts',(14.9349878243905,6.00000000000001,13.5));
#13557=CARTESIAN_POINT('Ctrl Pts',(14.9349878243905,6.00000000000001,15.5));
#13558=CARTESIAN_POINT('Ctrl Pts',(16.9349878243905,6.00000000000001,15.5));
#13559=CARTESIAN_POINT('Ctrl Pts',(15.9349878243905,6.,13.5));
#13560=CARTESIAN_POINT('Ctrl Pts',(15.9349878243905,6.,14.5));
#13561=CARTESIAN_POINT('Ctrl Pts',(16.9349878243905,6.,14.5));
#13562=CARTESIAN_POINT('',(16.9349878243905,5.,15.5));
#13563=CARTESIAN_POINT('',(16.9349878243905,6.,14.5));
#13564=CARTESIAN_POINT('Origin',(16.9349878243905,5.,14.5));
#13565=CARTESIAN_POINT('Origin',(16.9349878243905,6.,13.5));
#13566=CARTESIAN_POINT('Origin',(16.9349878243905,5.,13.5));
#13567=CARTESIAN_POINT('Origin',(18.8099878243905,5.,14.5));
#13568=CARTESIAN_POINT('',(24.4349878243905,5.,15.5));
#13569=CARTESIAN_POINT('',(24.4349878243905,6.,14.5));
#13570=CARTESIAN_POINT('Origin',(24.4349878243905,5.,14.5));
#13571=CARTESIAN_POINT('',(18.8099878243905,6.,14.5));
#13572=CARTESIAN_POINT('',(18.8099878243905,5.,15.5));
#13573=CARTESIAN_POINT('Ctrl Pts',(24.4349878243905,5.,15.5));
#13574=CARTESIAN_POINT('Ctrl Pts',(26.4349878243905,5.,15.5));
#13575=CARTESIAN_POINT('Ctrl Pts',(26.4349878243905,5.,13.5));
#13576=CARTESIAN_POINT('Ctrl Pts',(24.4349878243905,6.,15.5));
#13577=CARTESIAN_POINT('Ctrl Pts',(26.4349878243905,6.,15.5));
#13578=CARTESIAN_POINT('Ctrl Pts',(26.4349878243905,6.,13.5));
#13579=CARTESIAN_POINT('Ctrl Pts',(24.4349878243905,6.,14.5));
#13580=CARTESIAN_POINT('Ctrl Pts',(25.4349878243905,6.,14.5));
#13581=CARTESIAN_POINT('Ctrl Pts',(25.4349878243905,6.,13.5));
#13582=CARTESIAN_POINT('',(26.4349878243905,5.,13.5));
#13583=CARTESIAN_POINT('',(25.4349878243905,6.,13.5));
#13584=CARTESIAN_POINT('Origin',(25.4349878243905,5.,13.5));
#13585=CARTESIAN_POINT('Origin',(24.4349878243905,6.,13.5));
#13586=CARTESIAN_POINT('Origin',(24.4349878243905,5.,13.5));
#13587=CARTESIAN_POINT('Origin',(25.4349878243905,5.,13.375));
#13588=CARTESIAN_POINT('',(26.4349878243905,5.,13.));
#13589=CARTESIAN_POINT('',(25.4349878243905,6.,13.));
#13590=CARTESIAN_POINT('Origin',(25.4349878243905,5.,13.));
#13591=CARTESIAN_POINT('',(25.4349878243905,6.,13.375));
#13592=CARTESIAN_POINT('',(26.4349878243905,5.,13.375));
#13593=CARTESIAN_POINT('Ctrl Pts',(26.4349878243905,5.,13.));
#13594=CARTESIAN_POINT('Ctrl Pts',(26.4349878243905,5.,11.));
#13595=CARTESIAN_POINT('Ctrl Pts',(24.4349878243905,5.,11.));
#13596=CARTESIAN_POINT('Ctrl Pts',(26.4349878243905,6.,13.));
#13597=CARTESIAN_POINT('Ctrl Pts',(26.4349878243905,6.,11.));
#13598=CARTESIAN_POINT('Ctrl Pts',(24.4349878243905,6.,11.));
#13599=CARTESIAN_POINT('Ctrl Pts',(25.4349878243905,6.,13.));
#13600=CARTESIAN_POINT('Ctrl Pts',(25.4349878243905,6.,12.));
#13601=CARTESIAN_POINT('Ctrl Pts',(24.4349878243905,6.,12.));
#13602=CARTESIAN_POINT('',(24.4349878243905,5.,11.));
#13603=CARTESIAN_POINT('',(24.4349878243905,6.,12.));
#13604=CARTESIAN_POINT('Origin',(24.4349878243905,5.,12.));
#13605=CARTESIAN_POINT('Origin',(24.4349878243905,6.,13.));
#13606=CARTESIAN_POINT('Origin',(24.4349878243905,5.,13.));
#13607=CARTESIAN_POINT('Origin',(22.5599878243905,5.,12.));
#13608=CARTESIAN_POINT('',(22.5599878243905,6.,12.));
#13609=CARTESIAN_POINT('',(22.5599878243905,5.,11.));
#13610=CARTESIAN_POINT('Origin',(16.9349878243905,1.,15.5));
#13611=CARTESIAN_POINT('',(16.9349878243905,1.,15.5));
#13612=CARTESIAN_POINT('',(24.4349878243905,1.,15.5));
#13613=CARTESIAN_POINT('Origin',(16.9349878243905,1.,13.5));
#13614=CARTESIAN_POINT('',(14.9349878243905,1.,13.5));
#13615=CARTESIAN_POINT('Origin',(14.9349878243905,1.,13.));
#13616=CARTESIAN_POINT('',(14.9349878243905,1.,13.));
#13617=CARTESIAN_POINT('Origin',(16.9349878243905,1.,13.));
#13618=CARTESIAN_POINT('',(16.9349878243905,1.,11.));
#13619=CARTESIAN_POINT('Origin',(20.6849878243905,6.,13.25));
#13620=CARTESIAN_POINT('Origin',(2.35,1.,11.5));
#13621=CARTESIAN_POINT('',(2.34999999999999,3.5,12.3));
#13622=CARTESIAN_POINT('',(2.35,3.5,11.5));
#13623=CARTESIAN_POINT('',(2.34999999999999,3.5,12.3));
#13624=CARTESIAN_POINT('',(2.34999999999999,9.,12.3));
#13625=CARTESIAN_POINT('',(2.34999999999999,1.,12.3));
#13626=CARTESIAN_POINT('',(2.35,9.,11.5));
#13627=CARTESIAN_POINT('',(2.35,9.,11.5));
#13628=CARTESIAN_POINT('',(2.35,1.,11.5));
#13629=CARTESIAN_POINT('Origin',(2.34999999999999,1.,12.3));
#13630=CARTESIAN_POINT('',(3.15,3.5,12.3));
#13631=CARTESIAN_POINT('',(3.15,3.5,12.3));
#13632=CARTESIAN_POINT('',(3.15,9.,12.3));
#13633=CARTESIAN_POINT('',(3.15,1.,12.3));
#13634=CARTESIAN_POINT('',(2.34999999999999,9.,12.3));
#13635=CARTESIAN_POINT('Origin',(3.15,1.,11.5));
#13636=CARTESIAN_POINT('',(3.15,3.5,11.5));
#13637=CARTESIAN_POINT('',(2.35,3.5,11.5));
#13638=CARTESIAN_POINT('',(3.15,9.,11.5));
#13639=CARTESIAN_POINT('',(3.15,9.,11.5));
#13640=CARTESIAN_POINT('',(3.15,1.,11.5));
#13641=CARTESIAN_POINT('Origin',(3.15,1.,12.3));
#13642=CARTESIAN_POINT('',(3.15,3.5,11.5));
#13643=CARTESIAN_POINT('',(3.15,9.,12.3));
#13644=CARTESIAN_POINT('Origin',(2.75,9.,11.9));
#13645=CARTESIAN_POINT('Origin',(2.35,1.,16.5));
#13646=CARTESIAN_POINT('',(2.35,3.5,17.3));
#13647=CARTESIAN_POINT('',(2.35,3.5,16.5));
#13648=CARTESIAN_POINT('',(2.35,3.5,17.3));
#13649=CARTESIAN_POINT('',(2.35,9.,17.3));
#13650=CARTESIAN_POINT('',(2.35,1.,17.3));
#13651=CARTESIAN_POINT('',(2.35,9.,16.5));
#13652=CARTESIAN_POINT('',(2.35,9.,16.5));
#13653=CARTESIAN_POINT('',(2.35,1.,16.5));
#13654=CARTESIAN_POINT('Origin',(2.35,1.,17.3));
#13655=CARTESIAN_POINT('',(3.15,3.5,17.3));
#13656=CARTESIAN_POINT('',(3.15,3.5,17.3));
#13657=CARTESIAN_POINT('',(3.15,9.,17.3));
#13658=CARTESIAN_POINT('',(3.15,1.,17.3));
#13659=CARTESIAN_POINT('',(2.35,9.,17.3));
#13660=CARTESIAN_POINT('Origin',(3.15,1.,16.5));
#13661=CARTESIAN_POINT('',(3.15,3.5,16.5));
#13662=CARTESIAN_POINT('',(2.35,3.5,16.5));
#13663=CARTESIAN_POINT('',(3.15,9.,16.5));
#13664=CARTESIAN_POINT('',(3.15,9.,16.5));
#13665=CARTESIAN_POINT('',(3.15,1.,16.5));
#13666=CARTESIAN_POINT('Origin',(3.15,1.,17.3));
#13667=CARTESIAN_POINT('',(3.15,3.5,16.5));
#13668=CARTESIAN_POINT('',(3.15,9.,17.3));
#13669=CARTESIAN_POINT('Origin',(2.75,9.,16.9));
#13670=CARTESIAN_POINT('Origin',(2.35,1.,21.5));
#13671=CARTESIAN_POINT('',(2.35,3.5,22.3));
#13672=CARTESIAN_POINT('',(2.35,3.5,21.5));
#13673=CARTESIAN_POINT('',(2.35,3.5,22.3));
#13674=CARTESIAN_POINT('',(2.35,9.,22.3));
#13675=CARTESIAN_POINT('',(2.35,1.,22.3));
#13676=CARTESIAN_POINT('',(2.35,9.,21.5));
#13677=CARTESIAN_POINT('',(2.35,9.,21.5));
#13678=CARTESIAN_POINT('',(2.35,1.,21.5));
#13679=CARTESIAN_POINT('Origin',(2.35,1.,22.3));
#13680=CARTESIAN_POINT('',(3.15,3.5,22.3));
#13681=CARTESIAN_POINT('',(3.15,3.5,22.3));
#13682=CARTESIAN_POINT('',(3.15,9.,22.3));
#13683=CARTESIAN_POINT('',(3.15,1.,22.3));
#13684=CARTESIAN_POINT('',(2.35,9.,22.3));
#13685=CARTESIAN_POINT('Origin',(3.15,1.,21.5));
#13686=CARTESIAN_POINT('',(3.15,3.5,21.5));
#13687=CARTESIAN_POINT('',(2.35,3.5,21.5));
#13688=CARTESIAN_POINT('',(3.15,9.,21.5));
#13689=CARTESIAN_POINT('',(3.15,9.,21.5));
#13690=CARTESIAN_POINT('',(3.15,1.,21.5));
#13691=CARTESIAN_POINT('Origin',(3.15,1.,22.3));
#13692=CARTESIAN_POINT('',(3.15,3.5,21.5));
#13693=CARTESIAN_POINT('',(3.15,9.,22.3));
#13694=CARTESIAN_POINT('Origin',(2.75,9.,21.9));
#13695=CARTESIAN_POINT('Origin',(2.35,1.,26.5));
#13696=CARTESIAN_POINT('',(2.35,3.5,27.3));
#13697=CARTESIAN_POINT('',(2.35,3.5,26.5));
#13698=CARTESIAN_POINT('',(2.35,3.5,27.3));
#13699=CARTESIAN_POINT('',(2.35,9.,27.3));
#13700=CARTESIAN_POINT('',(2.35,1.,27.3));
#13701=CARTESIAN_POINT('',(2.35,9.,26.5));
#13702=CARTESIAN_POINT('',(2.35,9.,26.5));
#13703=CARTESIAN_POINT('',(2.35,1.,26.5));
#13704=CARTESIAN_POINT('Origin',(2.35,1.,27.3));
#13705=CARTESIAN_POINT('',(3.15,3.5,27.3));
#13706=CARTESIAN_POINT('',(3.15,3.5,27.3));
#13707=CARTESIAN_POINT('',(3.15,9.,27.3));
#13708=CARTESIAN_POINT('',(3.15,1.,27.3));
#13709=CARTESIAN_POINT('',(2.35,9.,27.3));
#13710=CARTESIAN_POINT('Origin',(3.15,1.,26.5));
#13711=CARTESIAN_POINT('',(3.15,3.5,26.5));
#13712=CARTESIAN_POINT('',(2.35,3.5,26.5));
#13713=CARTESIAN_POINT('',(3.15,9.,26.5));
#13714=CARTESIAN_POINT('',(3.15,9.,26.5));
#13715=CARTESIAN_POINT('',(3.15,1.,26.5));
#13716=CARTESIAN_POINT('Origin',(3.15,1.,27.3));
#13717=CARTESIAN_POINT('',(3.15,3.5,26.5));
#13718=CARTESIAN_POINT('',(3.15,9.,27.3));
#13719=CARTESIAN_POINT('Origin',(2.75,9.,26.9));
#13720=CARTESIAN_POINT('Origin',(2.35,1.,31.5));
#13721=CARTESIAN_POINT('',(2.35,3.5,32.3));
#13722=CARTESIAN_POINT('',(2.35,3.5,31.5));
#13723=CARTESIAN_POINT('',(2.35,3.5,32.3));
#13724=CARTESIAN_POINT('',(2.35,9.,32.3));
#13725=CARTESIAN_POINT('',(2.35,1.,32.3));
#13726=CARTESIAN_POINT('',(2.35,9.,31.5));
#13727=CARTESIAN_POINT('',(2.35,9.,31.5));
#13728=CARTESIAN_POINT('',(2.35,1.,31.5));
#13729=CARTESIAN_POINT('Origin',(2.35,1.,32.3));
#13730=CARTESIAN_POINT('',(3.15,3.5,32.3));
#13731=CARTESIAN_POINT('',(3.15,3.5,32.3));
#13732=CARTESIAN_POINT('',(3.15,9.,32.3));
#13733=CARTESIAN_POINT('',(3.15,1.,32.3));
#13734=CARTESIAN_POINT('',(2.35,9.,32.3));
#13735=CARTESIAN_POINT('Origin',(3.15,1.,31.5));
#13736=CARTESIAN_POINT('',(3.15,3.5,31.5));
#13737=CARTESIAN_POINT('',(2.35,3.5,31.5));
#13738=CARTESIAN_POINT('',(3.15,9.,31.5));
#13739=CARTESIAN_POINT('',(3.15,9.,31.5));
#13740=CARTESIAN_POINT('',(3.15,1.,31.5));
#13741=CARTESIAN_POINT('Origin',(3.15,1.,32.3));
#13742=CARTESIAN_POINT('',(3.15,3.5,31.5));
#13743=CARTESIAN_POINT('',(3.15,9.,32.3));
#13744=CARTESIAN_POINT('Origin',(2.75,9.,31.9));
#13745=CARTESIAN_POINT('Origin',(2.35,1.,36.5));
#13746=CARTESIAN_POINT('',(2.35,3.5,37.3));
#13747=CARTESIAN_POINT('',(2.35,3.5,36.5));
#13748=CARTESIAN_POINT('',(2.35,3.5,37.3));
#13749=CARTESIAN_POINT('',(2.35,9.,37.3));
#13750=CARTESIAN_POINT('',(2.35,1.,37.3));
#13751=CARTESIAN_POINT('',(2.35,9.,36.5));
#13752=CARTESIAN_POINT('',(2.35,9.,36.5));
#13753=CARTESIAN_POINT('',(2.35,1.,36.5));
#13754=CARTESIAN_POINT('Origin',(2.35,1.,37.3));
#13755=CARTESIAN_POINT('',(3.15,3.5,37.3));
#13756=CARTESIAN_POINT('',(3.15,3.5,37.3));
#13757=CARTESIAN_POINT('',(3.15,9.,37.3));
#13758=CARTESIAN_POINT('',(3.15,1.,37.3));
#13759=CARTESIAN_POINT('',(2.35,9.,37.3));
#13760=CARTESIAN_POINT('Origin',(3.15,1.,36.5));
#13761=CARTESIAN_POINT('',(3.15,3.5,36.5));
#13762=CARTESIAN_POINT('',(2.35,3.5,36.5));
#13763=CARTESIAN_POINT('',(3.15,9.,36.5));
#13764=CARTESIAN_POINT('',(3.15,9.,36.5));
#13765=CARTESIAN_POINT('',(3.15,1.,36.5));
#13766=CARTESIAN_POINT('Origin',(3.15,1.,37.3));
#13767=CARTESIAN_POINT('',(3.15,3.5,36.5));
#13768=CARTESIAN_POINT('',(3.15,9.,37.3));
#13769=CARTESIAN_POINT('Origin',(2.75,9.,36.9));
#13770=CARTESIAN_POINT('Origin',(9.65,1.,15.35));
#13771=CARTESIAN_POINT('',(9.65,3.5,16.15));
#13772=CARTESIAN_POINT('',(9.65,3.5,15.35));
#13773=CARTESIAN_POINT('',(9.65,3.5,16.15));
#13774=CARTESIAN_POINT('',(9.65,9.,16.15));
#13775=CARTESIAN_POINT('',(9.65,1.,16.15));
#13776=CARTESIAN_POINT('',(9.65,9.,15.35));
#13777=CARTESIAN_POINT('',(9.65,9.,15.35));
#13778=CARTESIAN_POINT('',(9.65,1.,15.35));
#13779=CARTESIAN_POINT('Origin',(9.65,1.,16.15));
#13780=CARTESIAN_POINT('',(10.45,3.5,16.15));
#13781=CARTESIAN_POINT('',(10.45,3.5,16.15));
#13782=CARTESIAN_POINT('',(10.45,9.,16.15));
#13783=CARTESIAN_POINT('',(10.45,1.,16.15));
#13784=CARTESIAN_POINT('',(9.65,9.,16.15));
#13785=CARTESIAN_POINT('Origin',(10.45,1.,15.35));
#13786=CARTESIAN_POINT('',(10.45,3.5,15.35));
#13787=CARTESIAN_POINT('',(9.65,3.5,15.35));
#13788=CARTESIAN_POINT('',(10.45,9.,15.35));
#13789=CARTESIAN_POINT('',(10.45,9.,15.35));
#13790=CARTESIAN_POINT('',(10.45,1.,15.35));
#13791=CARTESIAN_POINT('Origin',(10.45,1.,16.15));
#13792=CARTESIAN_POINT('',(10.45,3.5,15.35));
#13793=CARTESIAN_POINT('',(10.45,9.,16.15));
#13794=CARTESIAN_POINT('Origin',(10.05,9.,15.75));
#13795=CARTESIAN_POINT('Origin',(10.45,1.,26.15));
#13796=CARTESIAN_POINT('',(10.45,3.5,25.35));
#13797=CARTESIAN_POINT('',(10.45,3.5,26.15));
#13798=CARTESIAN_POINT('',(10.45,3.5,25.35));
#13799=CARTESIAN_POINT('',(10.45,9.,25.35));
#13800=CARTESIAN_POINT('',(10.45,1.,25.35));
#13801=CARTESIAN_POINT('',(10.45,9.,26.15));
#13802=CARTESIAN_POINT('',(10.45,9.,26.15));
#13803=CARTESIAN_POINT('',(10.45,1.,26.15));
#13804=CARTESIAN_POINT('Origin',(10.45,1.,25.35));
#13805=CARTESIAN_POINT('',(9.65,3.5,25.35));
#13806=CARTESIAN_POINT('',(9.65,3.5,25.35));
#13807=CARTESIAN_POINT('',(9.65,9.,25.35));
#13808=CARTESIAN_POINT('',(9.65,1.,25.35));
#13809=CARTESIAN_POINT('',(10.45,9.,25.35));
#13810=CARTESIAN_POINT('Origin',(9.65,1.,26.15));
#13811=CARTESIAN_POINT('',(9.65,3.5,26.15));
#13812=CARTESIAN_POINT('',(10.45,3.5,26.15));
#13813=CARTESIAN_POINT('',(9.65,9.,26.15));
#13814=CARTESIAN_POINT('',(9.65,9.,26.15));
#13815=CARTESIAN_POINT('',(9.65,1.,26.15));
#13816=CARTESIAN_POINT('Origin',(9.65,1.,25.35));
#13817=CARTESIAN_POINT('',(9.65,3.5,26.15));
#13818=CARTESIAN_POINT('',(9.65,9.,25.35));
#13819=CARTESIAN_POINT('Origin',(10.05,9.,25.75));
#13820=CARTESIAN_POINT('Origin',(10.45,1.,33.65));
#13821=CARTESIAN_POINT('',(10.45,3.5,32.85));
#13822=CARTESIAN_POINT('',(10.45,3.5,33.65));
#13823=CARTESIAN_POINT('',(10.45,3.5,32.85));
#13824=CARTESIAN_POINT('',(10.45,9.,32.85));
#13825=CARTESIAN_POINT('',(10.45,1.,32.85));
#13826=CARTESIAN_POINT('',(10.45,9.,33.65));
#13827=CARTESIAN_POINT('',(10.45,9.,33.65));
#13828=CARTESIAN_POINT('',(10.45,1.,33.65));
#13829=CARTESIAN_POINT('Origin',(10.45,1.,32.85));
#13830=CARTESIAN_POINT('',(9.65,3.5,32.85));
#13831=CARTESIAN_POINT('',(9.65,3.5,32.85));
#13832=CARTESIAN_POINT('',(9.65,9.,32.85));
#13833=CARTESIAN_POINT('',(9.65,1.,32.85));
#13834=CARTESIAN_POINT('',(10.45,9.,32.85));
#13835=CARTESIAN_POINT('Origin',(9.65,1.,33.65));
#13836=CARTESIAN_POINT('',(9.65,3.5,33.65));
#13837=CARTESIAN_POINT('',(10.45,3.5,33.65));
#13838=CARTESIAN_POINT('',(9.65,9.,33.65));
#13839=CARTESIAN_POINT('',(9.65,9.,33.65));
#13840=CARTESIAN_POINT('',(9.65,1.,33.65));
#13841=CARTESIAN_POINT('Origin',(9.65,1.,32.85));
#13842=CARTESIAN_POINT('',(9.65,3.5,33.65));
#13843=CARTESIAN_POINT('',(9.65,9.,32.85));
#13844=CARTESIAN_POINT('Origin',(10.05,9.,33.25));
#13845=CARTESIAN_POINT('Origin',(10.45,1.,23.65));
#13846=CARTESIAN_POINT('',(10.45,3.5,22.85));
#13847=CARTESIAN_POINT('',(10.45,3.5,23.65));
#13848=CARTESIAN_POINT('',(10.45,3.5,22.85));
#13849=CARTESIAN_POINT('',(10.45,9.,22.85));
#13850=CARTESIAN_POINT('',(10.45,1.,22.85));
#13851=CARTESIAN_POINT('',(10.45,9.,23.65));
#13852=CARTESIAN_POINT('',(10.45,9.,23.65));
#13853=CARTESIAN_POINT('',(10.45,1.,23.65));
#13854=CARTESIAN_POINT('Origin',(10.45,1.,22.85));
#13855=CARTESIAN_POINT('',(9.65,3.5,22.85));
#13856=CARTESIAN_POINT('',(9.65,3.5,22.85));
#13857=CARTESIAN_POINT('',(9.65,9.,22.85));
#13858=CARTESIAN_POINT('',(9.65,1.,22.85));
#13859=CARTESIAN_POINT('',(10.45,9.,22.85));
#13860=CARTESIAN_POINT('Origin',(9.65,1.,23.65));
#13861=CARTESIAN_POINT('',(9.65,3.5,23.65));
#13862=CARTESIAN_POINT('',(10.45,3.5,23.65));
#13863=CARTESIAN_POINT('',(9.65,9.,23.65));
#13864=CARTESIAN_POINT('',(9.65,9.,23.65));
#13865=CARTESIAN_POINT('',(9.65,1.,23.65));
#13866=CARTESIAN_POINT('Origin',(9.65,1.,22.85));
#13867=CARTESIAN_POINT('',(9.65,3.5,23.65));
#13868=CARTESIAN_POINT('',(9.65,9.,22.85));
#13869=CARTESIAN_POINT('Origin',(10.05,9.,23.25));
#13870=CARTESIAN_POINT('Origin',(4.85000000000002,1.,39.8));
#13871=CARTESIAN_POINT('',(5.65,3.5,39.8));
#13872=CARTESIAN_POINT('',(4.85000000000002,3.5,39.8));
#13873=CARTESIAN_POINT('',(5.65,3.5,39.8));
#13874=CARTESIAN_POINT('',(5.65,9.,39.8));
#13875=CARTESIAN_POINT('',(5.65,1.,39.8));
#13876=CARTESIAN_POINT('',(4.85000000000002,9.,39.8));
#13877=CARTESIAN_POINT('',(4.85000000000002,9.,39.8));
#13878=CARTESIAN_POINT('',(4.85000000000002,1.,39.8));
#13879=CARTESIAN_POINT('Origin',(5.65,1.,39.8));
#13880=CARTESIAN_POINT('',(5.65,3.5,39.));
#13881=CARTESIAN_POINT('',(5.65,3.5,39.));
#13882=CARTESIAN_POINT('',(5.65,9.,39.));
#13883=CARTESIAN_POINT('',(5.65,1.,39.));
#13884=CARTESIAN_POINT('',(5.65,9.,39.8));
#13885=CARTESIAN_POINT('Origin',(4.84999999999999,1.,39.));
#13886=CARTESIAN_POINT('',(4.84999999999999,3.5,39.));
#13887=CARTESIAN_POINT('',(4.85000000000002,3.5,39.8));
#13888=CARTESIAN_POINT('',(4.84999999999999,9.,39.));
#13889=CARTESIAN_POINT('',(4.84999999999999,9.,39.));
#13890=CARTESIAN_POINT('',(4.84999999999999,1.,39.));
#13891=CARTESIAN_POINT('Origin',(5.65,1.,39.));
#13892=CARTESIAN_POINT('',(4.84999999999999,3.5,39.));
#13893=CARTESIAN_POINT('',(5.65,9.,39.));
#13894=CARTESIAN_POINT('Origin',(5.24999999999999,9.,39.4));
#13895=CARTESIAN_POINT('Origin',(4.85000000000002,1.,34.8));
#13896=CARTESIAN_POINT('',(5.65,3.5,34.8));
#13897=CARTESIAN_POINT('',(4.85000000000002,3.5,34.8));
#13898=CARTESIAN_POINT('',(5.65,3.5,34.8));
#13899=CARTESIAN_POINT('',(5.65,9.,34.8));
#13900=CARTESIAN_POINT('',(5.65,1.,34.8));
#13901=CARTESIAN_POINT('',(4.85000000000002,9.,34.8));
#13902=CARTESIAN_POINT('',(4.85000000000002,9.,34.8));
#13903=CARTESIAN_POINT('',(4.85000000000002,1.,34.8));
#13904=CARTESIAN_POINT('Origin',(5.65,1.,34.8));
#13905=CARTESIAN_POINT('',(5.65,3.5,34.));
#13906=CARTESIAN_POINT('',(5.65,3.5,34.));
#13907=CARTESIAN_POINT('',(5.65,9.,34.));
#13908=CARTESIAN_POINT('',(5.65,1.,34.));
#13909=CARTESIAN_POINT('',(5.65,9.,34.8));
#13910=CARTESIAN_POINT('Origin',(4.84999999999999,1.,34.));
#13911=CARTESIAN_POINT('',(4.84999999999999,3.5,34.));
#13912=CARTESIAN_POINT('',(4.85000000000002,3.5,34.8));
#13913=CARTESIAN_POINT('',(4.84999999999999,9.,34.));
#13914=CARTESIAN_POINT('',(4.84999999999999,9.,34.));
#13915=CARTESIAN_POINT('',(4.84999999999999,1.,34.));
#13916=CARTESIAN_POINT('Origin',(5.65,1.,34.));
#13917=CARTESIAN_POINT('',(4.84999999999999,3.5,34.));
#13918=CARTESIAN_POINT('',(5.65,9.,34.));
#13919=CARTESIAN_POINT('Origin',(5.24999999999999,9.,34.4));
#13920=CARTESIAN_POINT('Origin',(4.85000000000001,1.,29.8));
#13921=CARTESIAN_POINT('',(5.65,3.5,29.8));
#13922=CARTESIAN_POINT('',(4.85000000000001,3.5,29.8));
#13923=CARTESIAN_POINT('',(5.65,3.5,29.8));
#13924=CARTESIAN_POINT('',(5.65,9.,29.8));
#13925=CARTESIAN_POINT('',(5.65,1.,29.8));
#13926=CARTESIAN_POINT('',(4.85000000000001,9.,29.8));
#13927=CARTESIAN_POINT('',(4.85000000000001,9.,29.8));
#13928=CARTESIAN_POINT('',(4.85000000000001,1.,29.8));
#13929=CARTESIAN_POINT('Origin',(5.65,1.,29.8));
#13930=CARTESIAN_POINT('',(5.65,3.5,29.));
#13931=CARTESIAN_POINT('',(5.65,3.5,29.));
#13932=CARTESIAN_POINT('',(5.65,9.,29.));
#13933=CARTESIAN_POINT('',(5.65,1.,29.));
#13934=CARTESIAN_POINT('',(5.65,9.,29.8));
#13935=CARTESIAN_POINT('Origin',(4.84999999999999,1.,29.));
#13936=CARTESIAN_POINT('',(4.84999999999999,3.5,29.));
#13937=CARTESIAN_POINT('',(4.85000000000001,3.5,29.8));
#13938=CARTESIAN_POINT('',(4.84999999999999,9.,29.));
#13939=CARTESIAN_POINT('',(4.84999999999999,9.,29.));
#13940=CARTESIAN_POINT('',(4.84999999999999,1.,29.));
#13941=CARTESIAN_POINT('Origin',(5.65,1.,29.));
#13942=CARTESIAN_POINT('',(4.84999999999999,3.5,29.));
#13943=CARTESIAN_POINT('',(5.65,9.,29.));
#13944=CARTESIAN_POINT('Origin',(5.24999999999999,9.,29.4));
#13945=CARTESIAN_POINT('Origin',(4.85000000000001,1.,24.8));
#13946=CARTESIAN_POINT('',(5.65,3.5,24.8));
#13947=CARTESIAN_POINT('',(4.85000000000001,3.5,24.8));
#13948=CARTESIAN_POINT('',(5.65,3.5,24.8));
#13949=CARTESIAN_POINT('',(5.65,9.,24.8));
#13950=CARTESIAN_POINT('',(5.65,1.,24.8));
#13951=CARTESIAN_POINT('',(4.85000000000001,9.,24.8));
#13952=CARTESIAN_POINT('',(4.85000000000001,9.,24.8));
#13953=CARTESIAN_POINT('',(4.85000000000001,1.,24.8));
#13954=CARTESIAN_POINT('Origin',(5.65,1.,24.8));
#13955=CARTESIAN_POINT('',(5.65,3.5,24.));
#13956=CARTESIAN_POINT('',(5.65,3.5,24.));
#13957=CARTESIAN_POINT('',(5.65,9.,24.));
#13958=CARTESIAN_POINT('',(5.65,1.,24.));
#13959=CARTESIAN_POINT('',(5.65,9.,24.8));
#13960=CARTESIAN_POINT('Origin',(4.84999999999999,1.,24.));
#13961=CARTESIAN_POINT('',(4.84999999999999,3.5,24.));
#13962=CARTESIAN_POINT('',(4.85000000000001,3.5,24.8));
#13963=CARTESIAN_POINT('',(4.84999999999999,9.,24.));
#13964=CARTESIAN_POINT('',(4.84999999999999,9.,24.));
#13965=CARTESIAN_POINT('',(4.84999999999999,1.,24.));
#13966=CARTESIAN_POINT('Origin',(5.65,1.,24.));
#13967=CARTESIAN_POINT('',(4.84999999999999,3.5,24.));
#13968=CARTESIAN_POINT('',(5.65,9.,24.));
#13969=CARTESIAN_POINT('Origin',(5.24999999999999,9.,24.4));
#13970=CARTESIAN_POINT('Origin',(4.85,1.,19.8));
#13971=CARTESIAN_POINT('',(5.65,3.5,19.8));
#13972=CARTESIAN_POINT('',(4.85,3.5,19.8));
#13973=CARTESIAN_POINT('',(5.65,3.5,19.8));
#13974=CARTESIAN_POINT('',(5.65,9.,19.8));
#13975=CARTESIAN_POINT('',(5.65,1.,19.8));
#13976=CARTESIAN_POINT('',(4.85,9.,19.8));
#13977=CARTESIAN_POINT('',(4.85,9.,19.8));
#13978=CARTESIAN_POINT('',(4.85,1.,19.8));
#13979=CARTESIAN_POINT('Origin',(5.65,1.,19.8));
#13980=CARTESIAN_POINT('',(5.65,3.5,19.));
#13981=CARTESIAN_POINT('',(5.65,3.5,19.));
#13982=CARTESIAN_POINT('',(5.65,9.,19.));
#13983=CARTESIAN_POINT('',(5.65,1.,19.));
#13984=CARTESIAN_POINT('',(5.65,9.,19.8));
#13985=CARTESIAN_POINT('Origin',(4.84999999999999,1.,19.));
#13986=CARTESIAN_POINT('',(4.84999999999999,3.5,19.));
#13987=CARTESIAN_POINT('',(4.85,3.5,19.8));
#13988=CARTESIAN_POINT('',(4.84999999999999,9.,19.));
#13989=CARTESIAN_POINT('',(4.84999999999999,9.,19.));
#13990=CARTESIAN_POINT('',(4.84999999999999,1.,19.));
#13991=CARTESIAN_POINT('Origin',(5.65,1.,19.));
#13992=CARTESIAN_POINT('',(4.84999999999999,3.5,19.));
#13993=CARTESIAN_POINT('',(5.65,9.,19.));
#13994=CARTESIAN_POINT('Origin',(5.24999999999999,9.,19.4));
#13995=CARTESIAN_POINT('Origin',(4.85,1.,14.8));
#13996=CARTESIAN_POINT('',(5.65,3.5,14.8));
#13997=CARTESIAN_POINT('',(4.85,3.5,14.8));
#13998=CARTESIAN_POINT('',(5.65,3.5,14.8));
#13999=CARTESIAN_POINT('',(5.65,9.,14.8));
#14000=CARTESIAN_POINT('',(5.65,1.,14.8));
#14001=CARTESIAN_POINT('',(4.85,9.,14.8));
#14002=CARTESIAN_POINT('',(4.85,9.,14.8));
#14003=CARTESIAN_POINT('',(4.85,1.,14.8));
#14004=CARTESIAN_POINT('Origin',(5.65,1.,14.8));
#14005=CARTESIAN_POINT('',(5.65,3.5,14.));
#14006=CARTESIAN_POINT('',(5.65,3.5,14.));
#14007=CARTESIAN_POINT('',(5.65,9.,14.));
#14008=CARTESIAN_POINT('',(5.65,1.,14.));
#14009=CARTESIAN_POINT('',(5.65,9.,14.8));
#14010=CARTESIAN_POINT('Origin',(4.84999999999999,1.,14.));
#14011=CARTESIAN_POINT('',(4.84999999999999,3.5,14.));
#14012=CARTESIAN_POINT('',(4.85,3.5,14.8));
#14013=CARTESIAN_POINT('',(4.84999999999999,9.,14.));
#14014=CARTESIAN_POINT('',(4.84999999999999,9.,14.));
#14015=CARTESIAN_POINT('',(4.84999999999999,1.,14.));
#14016=CARTESIAN_POINT('Origin',(5.65,1.,14.));
#14017=CARTESIAN_POINT('',(4.84999999999999,3.5,14.));
#14018=CARTESIAN_POINT('',(5.65,9.,14.));
#14019=CARTESIAN_POINT('Origin',(5.24999999999999,9.,14.4));
#14020=CARTESIAN_POINT('Origin',(4.84999999999999,1.,9.00000000000001));
#14021=CARTESIAN_POINT('',(4.84999999999999,3.5,9.80000000000001));
#14022=CARTESIAN_POINT('',(4.84999999999999,3.5,9.00000000000001));
#14023=CARTESIAN_POINT('',(4.84999999999999,3.5,9.80000000000001));
#14024=CARTESIAN_POINT('',(4.84999999999999,9.,9.80000000000001));
#14025=CARTESIAN_POINT('',(4.84999999999999,1.,9.80000000000001));
#14026=CARTESIAN_POINT('',(4.84999999999999,9.,9.00000000000001));
#14027=CARTESIAN_POINT('',(4.84999999999999,9.,9.00000000000001));
#14028=CARTESIAN_POINT('',(4.84999999999999,1.,9.00000000000001));
#14029=CARTESIAN_POINT('Origin',(4.84999999999999,1.,9.80000000000001));
#14030=CARTESIAN_POINT('',(5.65,3.5,9.80000000000001));
#14031=CARTESIAN_POINT('',(5.65,3.5,9.80000000000001));
#14032=CARTESIAN_POINT('',(5.65,9.,9.80000000000001));
#14033=CARTESIAN_POINT('',(5.65,1.,9.80000000000001));
#14034=CARTESIAN_POINT('',(4.84999999999999,9.,9.80000000000001));
#14035=CARTESIAN_POINT('Origin',(5.65,1.,9.00000000000001));
#14036=CARTESIAN_POINT('',(5.65,3.5,9.00000000000001));
#14037=CARTESIAN_POINT('',(4.84999999999999,3.5,9.00000000000001));
#14038=CARTESIAN_POINT('',(5.65,9.,9.00000000000001));
#14039=CARTESIAN_POINT('',(5.65,9.,9.00000000000001));
#14040=CARTESIAN_POINT('',(5.65,1.,9.00000000000001));
#14041=CARTESIAN_POINT('Origin',(5.65,1.,9.80000000000001));
#14042=CARTESIAN_POINT('',(5.65,3.5,9.00000000000001));
#14043=CARTESIAN_POINT('',(5.65,9.,9.80000000000001));
#14044=CARTESIAN_POINT('Origin',(5.24999999999999,9.,9.40000000000001));
#14045=CARTESIAN_POINT('Origin',(4.85,1.,12.3));
#14046=CARTESIAN_POINT('',(5.65,3.5,12.3));
#14047=CARTESIAN_POINT('',(4.85,3.5,12.3));
#14048=CARTESIAN_POINT('',(5.65,3.5,12.3));
#14049=CARTESIAN_POINT('',(5.65,9.,12.3));
#14050=CARTESIAN_POINT('',(5.65,1.,12.3));
#14051=CARTESIAN_POINT('',(4.85,9.,12.3));
#14052=CARTESIAN_POINT('',(4.85,9.,12.3));
#14053=CARTESIAN_POINT('',(4.85,1.,12.3));
#14054=CARTESIAN_POINT('Origin',(5.65,1.,12.3));
#14055=CARTESIAN_POINT('',(5.65,3.5,11.5));
#14056=CARTESIAN_POINT('',(5.65,3.5,11.5));
#14057=CARTESIAN_POINT('',(5.65,9.,11.5));
#14058=CARTESIAN_POINT('',(5.65,1.,11.5));
#14059=CARTESIAN_POINT('',(5.65,9.,12.3));
#14060=CARTESIAN_POINT('Origin',(4.84999999999999,1.,11.5));
#14061=CARTESIAN_POINT('',(4.84999999999999,3.5,11.5));
#14062=CARTESIAN_POINT('',(4.85,3.5,12.3));
#14063=CARTESIAN_POINT('',(4.84999999999999,9.,11.5));
#14064=CARTESIAN_POINT('',(4.84999999999999,9.,11.5));
#14065=CARTESIAN_POINT('',(4.84999999999999,1.,11.5));
#14066=CARTESIAN_POINT('Origin',(5.65,1.,11.5));
#14067=CARTESIAN_POINT('',(4.84999999999999,3.5,11.5));
#14068=CARTESIAN_POINT('',(5.65,9.,11.5));
#14069=CARTESIAN_POINT('Origin',(5.24999999999999,9.,11.9));
#14070=CARTESIAN_POINT('Origin',(4.85,1.,17.3));
#14071=CARTESIAN_POINT('',(5.65,3.5,17.3));
#14072=CARTESIAN_POINT('',(4.85,3.5,17.3));
#14073=CARTESIAN_POINT('',(5.65,3.5,17.3));
#14074=CARTESIAN_POINT('',(5.65,9.,17.3));
#14075=CARTESIAN_POINT('',(5.65,1.,17.3));
#14076=CARTESIAN_POINT('',(4.85,9.,17.3));
#14077=CARTESIAN_POINT('',(4.85,9.,17.3));
#14078=CARTESIAN_POINT('',(4.85,1.,17.3));
#14079=CARTESIAN_POINT('Origin',(5.65,1.,17.3));
#14080=CARTESIAN_POINT('',(5.65,3.5,16.5));
#14081=CARTESIAN_POINT('',(5.65,3.5,16.5));
#14082=CARTESIAN_POINT('',(5.65,9.,16.5));
#14083=CARTESIAN_POINT('',(5.65,1.,16.5));
#14084=CARTESIAN_POINT('',(5.65,9.,17.3));
#14085=CARTESIAN_POINT('Origin',(4.84999999999999,1.,16.5));
#14086=CARTESIAN_POINT('',(4.84999999999999,3.5,16.5));
#14087=CARTESIAN_POINT('',(4.85,3.5,17.3));
#14088=CARTESIAN_POINT('',(4.84999999999999,9.,16.5));
#14089=CARTESIAN_POINT('',(4.84999999999999,9.,16.5));
#14090=CARTESIAN_POINT('',(4.84999999999999,1.,16.5));
#14091=CARTESIAN_POINT('Origin',(5.65,1.,16.5));
#14092=CARTESIAN_POINT('',(4.84999999999999,3.5,16.5));
#14093=CARTESIAN_POINT('',(5.65,9.,16.5));
#14094=CARTESIAN_POINT('Origin',(5.24999999999999,9.,16.9));
#14095=CARTESIAN_POINT('Origin',(4.85,1.,22.3));
#14096=CARTESIAN_POINT('',(5.65,3.5,22.3));
#14097=CARTESIAN_POINT('',(4.85,3.5,22.3));
#14098=CARTESIAN_POINT('',(5.65,3.5,22.3));
#14099=CARTESIAN_POINT('',(5.65,9.,22.3));
#14100=CARTESIAN_POINT('',(5.65,1.,22.3));
#14101=CARTESIAN_POINT('',(4.85,9.,22.3));
#14102=CARTESIAN_POINT('',(4.85,9.,22.3));
#14103=CARTESIAN_POINT('',(4.85,1.,22.3));
#14104=CARTESIAN_POINT('Origin',(5.65,1.,22.3));
#14105=CARTESIAN_POINT('',(5.65,3.5,21.5));
#14106=CARTESIAN_POINT('',(5.65,3.5,21.5));
#14107=CARTESIAN_POINT('',(5.65,9.,21.5));
#14108=CARTESIAN_POINT('',(5.65,1.,21.5));
#14109=CARTESIAN_POINT('',(5.65,9.,22.3));
#14110=CARTESIAN_POINT('Origin',(4.84999999999999,1.,21.5));
#14111=CARTESIAN_POINT('',(4.84999999999999,3.5,21.5));
#14112=CARTESIAN_POINT('',(4.85,3.5,22.3));
#14113=CARTESIAN_POINT('',(4.84999999999999,9.,21.5));
#14114=CARTESIAN_POINT('',(4.84999999999999,9.,21.5));
#14115=CARTESIAN_POINT('',(4.84999999999999,1.,21.5));
#14116=CARTESIAN_POINT('Origin',(5.65,1.,21.5));
#14117=CARTESIAN_POINT('',(4.84999999999999,3.5,21.5));
#14118=CARTESIAN_POINT('',(5.65,9.,21.5));
#14119=CARTESIAN_POINT('Origin',(5.24999999999999,9.,21.9));
#14120=CARTESIAN_POINT('Origin',(4.85000000000001,1.,27.3));
#14121=CARTESIAN_POINT('',(5.65,3.5,27.3));
#14122=CARTESIAN_POINT('',(4.85000000000001,3.5,27.3));
#14123=CARTESIAN_POINT('',(5.65,3.5,27.3));
#14124=CARTESIAN_POINT('',(5.65,9.,27.3));
#14125=CARTESIAN_POINT('',(5.65,1.,27.3));
#14126=CARTESIAN_POINT('',(4.85000000000001,9.,27.3));
#14127=CARTESIAN_POINT('',(4.85000000000001,9.,27.3));
#14128=CARTESIAN_POINT('',(4.85000000000001,1.,27.3));
#14129=CARTESIAN_POINT('Origin',(5.65,1.,27.3));
#14130=CARTESIAN_POINT('',(5.65,3.5,26.5));
#14131=CARTESIAN_POINT('',(5.65,3.5,26.5));
#14132=CARTESIAN_POINT('',(5.65,9.,26.5));
#14133=CARTESIAN_POINT('',(5.65,1.,26.5));
#14134=CARTESIAN_POINT('',(5.65,9.,27.3));
#14135=CARTESIAN_POINT('Origin',(4.84999999999999,1.,26.5));
#14136=CARTESIAN_POINT('',(4.84999999999999,3.5,26.5));
#14137=CARTESIAN_POINT('',(4.85000000000001,3.5,27.3));
#14138=CARTESIAN_POINT('',(4.84999999999999,9.,26.5));
#14139=CARTESIAN_POINT('',(4.84999999999999,9.,26.5));
#14140=CARTESIAN_POINT('',(4.84999999999999,1.,26.5));
#14141=CARTESIAN_POINT('Origin',(5.65,1.,26.5));
#14142=CARTESIAN_POINT('',(4.84999999999999,3.5,26.5));
#14143=CARTESIAN_POINT('',(5.65,9.,26.5));
#14144=CARTESIAN_POINT('Origin',(5.24999999999999,9.,26.9));
#14145=CARTESIAN_POINT('Origin',(4.85000000000001,1.,32.3));
#14146=CARTESIAN_POINT('',(5.65,3.5,32.3));
#14147=CARTESIAN_POINT('',(4.85000000000001,3.5,32.3));
#14148=CARTESIAN_POINT('',(5.65,3.5,32.3));
#14149=CARTESIAN_POINT('',(5.65,9.,32.3));
#14150=CARTESIAN_POINT('',(5.65,1.,32.3));
#14151=CARTESIAN_POINT('',(4.85000000000001,9.,32.3));
#14152=CARTESIAN_POINT('',(4.85000000000001,9.,32.3));
#14153=CARTESIAN_POINT('',(4.85000000000001,1.,32.3));
#14154=CARTESIAN_POINT('Origin',(5.65,1.,32.3));
#14155=CARTESIAN_POINT('',(5.65,3.5,31.5));
#14156=CARTESIAN_POINT('',(5.65,3.5,31.5));
#14157=CARTESIAN_POINT('',(5.65,9.,31.5));
#14158=CARTESIAN_POINT('',(5.65,1.,31.5));
#14159=CARTESIAN_POINT('',(5.65,9.,32.3));
#14160=CARTESIAN_POINT('Origin',(4.84999999999999,1.,31.5));
#14161=CARTESIAN_POINT('',(4.84999999999999,3.5,31.5));
#14162=CARTESIAN_POINT('',(4.85000000000001,3.5,32.3));
#14163=CARTESIAN_POINT('',(4.84999999999999,9.,31.5));
#14164=CARTESIAN_POINT('',(4.84999999999999,9.,31.5));
#14165=CARTESIAN_POINT('',(4.84999999999999,1.,31.5));
#14166=CARTESIAN_POINT('Origin',(5.65,1.,31.5));
#14167=CARTESIAN_POINT('',(4.84999999999999,3.5,31.5));
#14168=CARTESIAN_POINT('',(5.65,9.,31.5));
#14169=CARTESIAN_POINT('Origin',(5.24999999999999,9.,31.9));
#14170=CARTESIAN_POINT('Origin',(4.85000000000002,1.,37.3));
#14171=CARTESIAN_POINT('',(5.65,3.5,37.3));
#14172=CARTESIAN_POINT('',(4.85000000000002,3.5,37.3));
#14173=CARTESIAN_POINT('',(5.65,3.5,37.3));
#14174=CARTESIAN_POINT('',(5.65,9.,37.3));
#14175=CARTESIAN_POINT('',(5.65,1.,37.3));
#14176=CARTESIAN_POINT('',(4.85000000000002,9.,37.3));
#14177=CARTESIAN_POINT('',(4.85000000000002,9.,37.3));
#14178=CARTESIAN_POINT('',(4.85000000000002,1.,37.3));
#14179=CARTESIAN_POINT('Origin',(5.65,1.,37.3));
#14180=CARTESIAN_POINT('',(5.65,3.5,36.5));
#14181=CARTESIAN_POINT('',(5.65,3.5,36.5));
#14182=CARTESIAN_POINT('',(5.65,9.,36.5));
#14183=CARTESIAN_POINT('',(5.65,1.,36.5));
#14184=CARTESIAN_POINT('',(5.65,9.,37.3));
#14185=CARTESIAN_POINT('Origin',(4.84999999999999,1.,36.5));
#14186=CARTESIAN_POINT('',(4.84999999999999,3.5,36.5));
#14187=CARTESIAN_POINT('',(4.85000000000002,3.5,37.3));
#14188=CARTESIAN_POINT('',(4.84999999999999,9.,36.5));
#14189=CARTESIAN_POINT('',(4.84999999999999,9.,36.5));
#14190=CARTESIAN_POINT('',(4.84999999999999,1.,36.5));
#14191=CARTESIAN_POINT('Origin',(5.65,1.,36.5));
#14192=CARTESIAN_POINT('',(4.84999999999999,3.5,36.5));
#14193=CARTESIAN_POINT('',(5.65,9.,36.5));
#14194=CARTESIAN_POINT('Origin',(5.24999999999999,9.,36.9));
#14195=CARTESIAN_POINT('Origin',(10.45,1.,18.65));
#14196=CARTESIAN_POINT('',(10.45,3.5,17.85));
#14197=CARTESIAN_POINT('',(10.45,3.5,18.65));
#14198=CARTESIAN_POINT('',(10.45,3.5,17.85));
#14199=CARTESIAN_POINT('',(10.45,9.,17.85));
#14200=CARTESIAN_POINT('',(10.45,1.,17.85));
#14201=CARTESIAN_POINT('',(10.45,9.,18.65));
#14202=CARTESIAN_POINT('',(10.45,9.,18.65));
#14203=CARTESIAN_POINT('',(10.45,1.,18.65));
#14204=CARTESIAN_POINT('Origin',(10.45,1.,17.85));
#14205=CARTESIAN_POINT('',(9.65,3.5,17.85));
#14206=CARTESIAN_POINT('',(9.65,3.5,17.85));
#14207=CARTESIAN_POINT('',(9.65,9.,17.85));
#14208=CARTESIAN_POINT('',(9.65,1.,17.85));
#14209=CARTESIAN_POINT('',(10.45,9.,17.85));
#14210=CARTESIAN_POINT('Origin',(9.65,1.,18.65));
#14211=CARTESIAN_POINT('',(9.65,3.5,18.65));
#14212=CARTESIAN_POINT('',(10.45,3.5,18.65));
#14213=CARTESIAN_POINT('',(9.65,9.,18.65));
#14214=CARTESIAN_POINT('',(9.65,9.,18.65));
#14215=CARTESIAN_POINT('',(9.65,1.,18.65));
#14216=CARTESIAN_POINT('Origin',(9.65,1.,17.85));
#14217=CARTESIAN_POINT('',(9.65,3.5,18.65));
#14218=CARTESIAN_POINT('',(9.65,9.,17.85));
#14219=CARTESIAN_POINT('Origin',(10.05,9.,18.25));
#14220=CARTESIAN_POINT('Origin',(10.45,1.,28.65));
#14221=CARTESIAN_POINT('',(10.45,3.5,27.85));
#14222=CARTESIAN_POINT('',(10.45,3.5,28.65));
#14223=CARTESIAN_POINT('',(10.45,3.5,27.85));
#14224=CARTESIAN_POINT('',(10.45,9.,27.85));
#14225=CARTESIAN_POINT('',(10.45,1.,27.85));
#14226=CARTESIAN_POINT('',(10.45,9.,28.65));
#14227=CARTESIAN_POINT('',(10.45,9.,28.65));
#14228=CARTESIAN_POINT('',(10.45,1.,28.65));
#14229=CARTESIAN_POINT('Origin',(10.45,1.,27.85));
#14230=CARTESIAN_POINT('',(9.65,3.5,27.85));
#14231=CARTESIAN_POINT('',(9.65,3.5,27.85));
#14232=CARTESIAN_POINT('',(9.65,9.,27.85));
#14233=CARTESIAN_POINT('',(9.65,1.,27.85));
#14234=CARTESIAN_POINT('',(10.45,9.,27.85));
#14235=CARTESIAN_POINT('Origin',(9.65,1.,28.65));
#14236=CARTESIAN_POINT('',(9.65,3.5,28.65));
#14237=CARTESIAN_POINT('',(10.45,3.5,28.65));
#14238=CARTESIAN_POINT('',(9.65,9.,28.65));
#14239=CARTESIAN_POINT('',(9.65,9.,28.65));
#14240=CARTESIAN_POINT('',(9.65,1.,28.65));
#14241=CARTESIAN_POINT('Origin',(9.65,1.,27.85));
#14242=CARTESIAN_POINT('',(9.65,3.5,28.65));
#14243=CARTESIAN_POINT('',(9.65,9.,27.85));
#14244=CARTESIAN_POINT('Origin',(10.05,9.,28.25));
#14245=CARTESIAN_POINT('Origin',(10.45,1.,31.15));
#14246=CARTESIAN_POINT('',(10.45,3.5,30.35));
#14247=CARTESIAN_POINT('',(10.45,3.5,31.15));
#14248=CARTESIAN_POINT('',(10.45,3.5,30.35));
#14249=CARTESIAN_POINT('',(10.45,9.,30.35));
#14250=CARTESIAN_POINT('',(10.45,1.,30.35));
#14251=CARTESIAN_POINT('',(10.45,9.,31.15));
#14252=CARTESIAN_POINT('',(10.45,9.,31.15));
#14253=CARTESIAN_POINT('',(10.45,1.,31.15));
#14254=CARTESIAN_POINT('Origin',(10.45,1.,30.35));
#14255=CARTESIAN_POINT('',(9.65,3.5,30.35));
#14256=CARTESIAN_POINT('',(9.65,3.5,30.35));
#14257=CARTESIAN_POINT('',(9.65,9.,30.35));
#14258=CARTESIAN_POINT('',(9.65,1.,30.35));
#14259=CARTESIAN_POINT('',(10.45,9.,30.35));
#14260=CARTESIAN_POINT('Origin',(9.65,1.,31.15));
#14261=CARTESIAN_POINT('',(9.65,3.5,31.15));
#14262=CARTESIAN_POINT('',(10.45,3.5,31.15));
#14263=CARTESIAN_POINT('',(9.65,9.,31.15));
#14264=CARTESIAN_POINT('',(9.65,9.,31.15));
#14265=CARTESIAN_POINT('',(9.65,1.,31.15));
#14266=CARTESIAN_POINT('Origin',(9.65,1.,30.35));
#14267=CARTESIAN_POINT('',(9.65,3.5,31.15));
#14268=CARTESIAN_POINT('',(9.65,9.,30.35));
#14269=CARTESIAN_POINT('Origin',(10.05,9.,30.75));
#14270=CARTESIAN_POINT('Origin',(10.45,1.,21.15));
#14271=CARTESIAN_POINT('',(10.45,3.5,20.35));
#14272=CARTESIAN_POINT('',(10.45,3.5,21.15));
#14273=CARTESIAN_POINT('',(10.45,3.5,20.35));
#14274=CARTESIAN_POINT('',(10.45,9.,20.35));
#14275=CARTESIAN_POINT('',(10.45,1.,20.35));
#14276=CARTESIAN_POINT('',(10.45,9.,21.15));
#14277=CARTESIAN_POINT('',(10.45,9.,21.15));
#14278=CARTESIAN_POINT('',(10.45,1.,21.15));
#14279=CARTESIAN_POINT('Origin',(10.45,1.,20.35));
#14280=CARTESIAN_POINT('',(9.65,3.5,20.35));
#14281=CARTESIAN_POINT('',(9.65,3.5,20.35));
#14282=CARTESIAN_POINT('',(9.65,9.,20.35));
#14283=CARTESIAN_POINT('',(9.65,1.,20.35));
#14284=CARTESIAN_POINT('',(10.45,9.,20.35));
#14285=CARTESIAN_POINT('Origin',(9.65,1.,21.15));
#14286=CARTESIAN_POINT('',(9.65,3.5,21.15));
#14287=CARTESIAN_POINT('',(10.45,3.5,21.15));
#14288=CARTESIAN_POINT('',(9.65,9.,21.15));
#14289=CARTESIAN_POINT('',(9.65,9.,21.15));
#14290=CARTESIAN_POINT('',(9.65,1.,21.15));
#14291=CARTESIAN_POINT('Origin',(9.65,1.,20.35));
#14292=CARTESIAN_POINT('',(9.65,3.5,21.15));
#14293=CARTESIAN_POINT('',(9.65,9.,20.35));
#14294=CARTESIAN_POINT('Origin',(10.05,9.,20.75));
#14295=CARTESIAN_POINT('Origin',(2.35,1.,39.));
#14296=CARTESIAN_POINT('',(2.35,3.5,39.8));
#14297=CARTESIAN_POINT('',(2.35,3.5,39.));
#14298=CARTESIAN_POINT('',(2.35,3.5,39.8));
#14299=CARTESIAN_POINT('',(2.35,9.,39.8));
#14300=CARTESIAN_POINT('',(2.35,1.,39.8));
#14301=CARTESIAN_POINT('',(2.35,9.,39.));
#14302=CARTESIAN_POINT('',(2.35,9.,39.));
#14303=CARTESIAN_POINT('',(2.35,1.,39.));
#14304=CARTESIAN_POINT('Origin',(2.35,1.,39.8));
#14305=CARTESIAN_POINT('',(3.15,3.5,39.8));
#14306=CARTESIAN_POINT('',(3.15,3.5,39.8));
#14307=CARTESIAN_POINT('',(3.15,9.,39.8));
#14308=CARTESIAN_POINT('',(3.15,1.,39.8));
#14309=CARTESIAN_POINT('',(2.35,9.,39.8));
#14310=CARTESIAN_POINT('Origin',(3.15,1.,39.));
#14311=CARTESIAN_POINT('',(3.15,3.5,39.));
#14312=CARTESIAN_POINT('',(2.35,3.5,39.));
#14313=CARTESIAN_POINT('',(3.15,9.,39.));
#14314=CARTESIAN_POINT('',(3.15,9.,39.));
#14315=CARTESIAN_POINT('',(3.15,1.,39.));
#14316=CARTESIAN_POINT('Origin',(3.15,1.,39.8));
#14317=CARTESIAN_POINT('',(3.15,3.5,39.));
#14318=CARTESIAN_POINT('',(3.15,9.,39.8));
#14319=CARTESIAN_POINT('Origin',(2.75,9.,39.4));
#14320=CARTESIAN_POINT('Origin',(2.35,1.,34.));
#14321=CARTESIAN_POINT('',(2.35,3.5,34.8));
#14322=CARTESIAN_POINT('',(2.35,3.5,34.));
#14323=CARTESIAN_POINT('',(2.35,3.5,34.8));
#14324=CARTESIAN_POINT('',(2.35,9.,34.8));
#14325=CARTESIAN_POINT('',(2.35,1.,34.8));
#14326=CARTESIAN_POINT('',(2.35,9.,34.));
#14327=CARTESIAN_POINT('',(2.35,9.,34.));
#14328=CARTESIAN_POINT('',(2.35,1.,34.));
#14329=CARTESIAN_POINT('Origin',(2.35,1.,34.8));
#14330=CARTESIAN_POINT('',(3.15,3.5,34.8));
#14331=CARTESIAN_POINT('',(3.15,3.5,34.8));
#14332=CARTESIAN_POINT('',(3.15,9.,34.8));
#14333=CARTESIAN_POINT('',(3.15,1.,34.8));
#14334=CARTESIAN_POINT('',(2.35,9.,34.8));
#14335=CARTESIAN_POINT('Origin',(3.15,1.,34.));
#14336=CARTESIAN_POINT('',(3.15,3.5,34.));
#14337=CARTESIAN_POINT('',(2.35,3.5,34.));
#14338=CARTESIAN_POINT('',(3.15,9.,34.));
#14339=CARTESIAN_POINT('',(3.15,9.,34.));
#14340=CARTESIAN_POINT('',(3.15,1.,34.));
#14341=CARTESIAN_POINT('Origin',(3.15,1.,34.8));
#14342=CARTESIAN_POINT('',(3.15,3.5,34.));
#14343=CARTESIAN_POINT('',(3.15,9.,34.8));
#14344=CARTESIAN_POINT('Origin',(2.75,9.,34.4));
#14345=CARTESIAN_POINT('Origin',(2.35,1.,29.));
#14346=CARTESIAN_POINT('',(2.35,3.5,29.8));
#14347=CARTESIAN_POINT('',(2.35,3.5,29.));
#14348=CARTESIAN_POINT('',(2.35,3.5,29.8));
#14349=CARTESIAN_POINT('',(2.35,9.,29.8));
#14350=CARTESIAN_POINT('',(2.35,1.,29.8));
#14351=CARTESIAN_POINT('',(2.35,9.,29.));
#14352=CARTESIAN_POINT('',(2.35,9.,29.));
#14353=CARTESIAN_POINT('',(2.35,1.,29.));
#14354=CARTESIAN_POINT('Origin',(2.35,1.,29.8));
#14355=CARTESIAN_POINT('',(3.15,3.5,29.8));
#14356=CARTESIAN_POINT('',(3.15,3.5,29.8));
#14357=CARTESIAN_POINT('',(3.15,9.,29.8));
#14358=CARTESIAN_POINT('',(3.15,1.,29.8));
#14359=CARTESIAN_POINT('',(2.35,9.,29.8));
#14360=CARTESIAN_POINT('Origin',(3.15,1.,29.));
#14361=CARTESIAN_POINT('',(3.15,3.5,29.));
#14362=CARTESIAN_POINT('',(2.35,3.5,29.));
#14363=CARTESIAN_POINT('',(3.15,9.,29.));
#14364=CARTESIAN_POINT('',(3.15,9.,29.));
#14365=CARTESIAN_POINT('',(3.15,1.,29.));
#14366=CARTESIAN_POINT('Origin',(3.15,1.,29.8));
#14367=CARTESIAN_POINT('',(3.15,3.5,29.));
#14368=CARTESIAN_POINT('',(3.15,9.,29.8));
#14369=CARTESIAN_POINT('Origin',(2.75,9.,29.4));
#14370=CARTESIAN_POINT('Origin',(2.35,1.,24.));
#14371=CARTESIAN_POINT('',(2.35,3.5,24.8));
#14372=CARTESIAN_POINT('',(2.35,3.5,24.));
#14373=CARTESIAN_POINT('',(2.35,3.5,24.8));
#14374=CARTESIAN_POINT('',(2.35,9.,24.8));
#14375=CARTESIAN_POINT('',(2.35,1.,24.8));
#14376=CARTESIAN_POINT('',(2.35,9.,24.));
#14377=CARTESIAN_POINT('',(2.35,9.,24.));
#14378=CARTESIAN_POINT('',(2.35,1.,24.));
#14379=CARTESIAN_POINT('Origin',(2.35,1.,24.8));
#14380=CARTESIAN_POINT('',(3.15,3.5,24.8));
#14381=CARTESIAN_POINT('',(3.15,3.5,24.8));
#14382=CARTESIAN_POINT('',(3.15,9.,24.8));
#14383=CARTESIAN_POINT('',(3.15,1.,24.8));
#14384=CARTESIAN_POINT('',(2.35,9.,24.8));
#14385=CARTESIAN_POINT('Origin',(3.15,1.,24.));
#14386=CARTESIAN_POINT('',(3.15,3.5,24.));
#14387=CARTESIAN_POINT('',(2.35,3.5,24.));
#14388=CARTESIAN_POINT('',(3.15,9.,24.));
#14389=CARTESIAN_POINT('',(3.15,9.,24.));
#14390=CARTESIAN_POINT('',(3.15,1.,24.));
#14391=CARTESIAN_POINT('Origin',(3.15,1.,24.8));
#14392=CARTESIAN_POINT('',(3.15,3.5,24.));
#14393=CARTESIAN_POINT('',(3.15,9.,24.8));
#14394=CARTESIAN_POINT('Origin',(2.75,9.,24.4));
#14395=CARTESIAN_POINT('Origin',(2.35,1.,19.));
#14396=CARTESIAN_POINT('',(2.35,3.5,19.8));
#14397=CARTESIAN_POINT('',(2.35,3.5,19.));
#14398=CARTESIAN_POINT('',(2.35,3.5,19.8));
#14399=CARTESIAN_POINT('',(2.35,9.,19.8));
#14400=CARTESIAN_POINT('',(2.35,1.,19.8));
#14401=CARTESIAN_POINT('',(2.35,9.,19.));
#14402=CARTESIAN_POINT('',(2.35,9.,19.));
#14403=CARTESIAN_POINT('',(2.35,1.,19.));
#14404=CARTESIAN_POINT('Origin',(2.35,1.,19.8));
#14405=CARTESIAN_POINT('',(3.15,3.5,19.8));
#14406=CARTESIAN_POINT('',(3.15,3.5,19.8));
#14407=CARTESIAN_POINT('',(3.15,9.,19.8));
#14408=CARTESIAN_POINT('',(3.15,1.,19.8));
#14409=CARTESIAN_POINT('',(2.35,9.,19.8));
#14410=CARTESIAN_POINT('Origin',(3.15,1.,19.));
#14411=CARTESIAN_POINT('',(3.15,3.5,19.));
#14412=CARTESIAN_POINT('',(2.35,3.5,19.));
#14413=CARTESIAN_POINT('',(3.15,9.,19.));
#14414=CARTESIAN_POINT('',(3.15,9.,19.));
#14415=CARTESIAN_POINT('',(3.15,1.,19.));
#14416=CARTESIAN_POINT('Origin',(3.15,1.,19.8));
#14417=CARTESIAN_POINT('',(3.15,3.5,19.));
#14418=CARTESIAN_POINT('',(3.15,9.,19.8));
#14419=CARTESIAN_POINT('Origin',(2.75,9.,19.4));
#14420=CARTESIAN_POINT('Origin',(2.35,1.,14.));
#14421=CARTESIAN_POINT('',(2.34999999999999,3.5,14.8));
#14422=CARTESIAN_POINT('',(2.35,3.5,14.));
#14423=CARTESIAN_POINT('',(2.34999999999999,3.5,14.8));
#14424=CARTESIAN_POINT('',(2.34999999999999,9.,14.8));
#14425=CARTESIAN_POINT('',(2.34999999999999,1.,14.8));
#14426=CARTESIAN_POINT('',(2.35,9.,14.));
#14427=CARTESIAN_POINT('',(2.35,9.,14.));
#14428=CARTESIAN_POINT('',(2.35,1.,14.));
#14429=CARTESIAN_POINT('Origin',(2.34999999999999,1.,14.8));
#14430=CARTESIAN_POINT('',(3.15,3.5,14.8));
#14431=CARTESIAN_POINT('',(3.15,3.5,14.8));
#14432=CARTESIAN_POINT('',(3.15,9.,14.8));
#14433=CARTESIAN_POINT('',(3.15,1.,14.8));
#14434=CARTESIAN_POINT('',(2.34999999999999,9.,14.8));
#14435=CARTESIAN_POINT('Origin',(3.15,1.,14.));
#14436=CARTESIAN_POINT('',(3.15,3.5,14.));
#14437=CARTESIAN_POINT('',(2.35,3.5,14.));
#14438=CARTESIAN_POINT('',(3.15,9.,14.));
#14439=CARTESIAN_POINT('',(3.15,9.,14.));
#14440=CARTESIAN_POINT('',(3.15,1.,14.));
#14441=CARTESIAN_POINT('Origin',(3.15,1.,14.8));
#14442=CARTESIAN_POINT('',(3.15,3.5,14.));
#14443=CARTESIAN_POINT('',(3.15,9.,14.8));
#14444=CARTESIAN_POINT('Origin',(2.75,9.,14.4));
#14445=CARTESIAN_POINT('Origin',(2.35,1.,9.00000000000001));
#14446=CARTESIAN_POINT('',(2.34999999999999,3.5,9.80000000000001));
#14447=CARTESIAN_POINT('',(2.35,3.5,9.00000000000001));
#14448=CARTESIAN_POINT('',(2.34999999999999,3.5,9.80000000000001));
#14449=CARTESIAN_POINT('',(2.34999999999999,9.,9.80000000000001));
#14450=CARTESIAN_POINT('',(2.34999999999999,1.,9.80000000000001));
#14451=CARTESIAN_POINT('',(2.35,9.,9.00000000000001));
#14452=CARTESIAN_POINT('',(2.35,9.,9.00000000000001));
#14453=CARTESIAN_POINT('',(2.35,1.,9.00000000000001));
#14454=CARTESIAN_POINT('Origin',(2.34999999999999,1.,9.80000000000001));
#14455=CARTESIAN_POINT('',(3.15,3.5,9.80000000000001));
#14456=CARTESIAN_POINT('',(3.15,3.5,9.80000000000001));
#14457=CARTESIAN_POINT('',(3.15,9.,9.80000000000001));
#14458=CARTESIAN_POINT('',(3.15,1.,9.80000000000001));
#14459=CARTESIAN_POINT('',(2.34999999999999,9.,9.80000000000001));
#14460=CARTESIAN_POINT('Origin',(3.15,1.,9.00000000000001));
#14461=CARTESIAN_POINT('',(3.15,3.5,9.00000000000001));
#14462=CARTESIAN_POINT('',(2.35,3.5,9.00000000000001));
#14463=CARTESIAN_POINT('',(3.15,9.,9.00000000000001));
#14464=CARTESIAN_POINT('',(3.15,9.,9.00000000000001));
#14465=CARTESIAN_POINT('',(3.15,1.,9.00000000000001));
#14466=CARTESIAN_POINT('Origin',(3.15,1.,9.80000000000001));
#14467=CARTESIAN_POINT('',(3.15,3.5,9.00000000000001));
#14468=CARTESIAN_POINT('',(3.15,9.,9.80000000000001));
#14469=CARTESIAN_POINT('Origin',(2.75,9.,9.40000000000001));
#14470=CARTESIAN_POINT('Origin',(17.55,1.,43.2));
#14471=CARTESIAN_POINT('',(17.15,0.,43.2));
#14472=CARTESIAN_POINT('',(17.15,1.,43.2));
#14473=CARTESIAN_POINT('Origin',(17.55,0.,43.2));
#14474=CARTESIAN_POINT('Origin',(27.55,1.,43.2));
#14475=CARTESIAN_POINT('',(27.15,0.,43.2));
#14476=CARTESIAN_POINT('',(27.15,1.,43.2));
#14477=CARTESIAN_POINT('Origin',(27.55,0.,43.2));
#14478=CARTESIAN_POINT('Origin',(37.55,1.,43.2));
#14479=CARTESIAN_POINT('',(37.15,0.,43.2));
#14480=CARTESIAN_POINT('',(37.15,1.,43.2));
#14481=CARTESIAN_POINT('Origin',(37.55,0.,43.2));
#14482=CARTESIAN_POINT('Origin',(35.05,1.,43.2));
#14483=CARTESIAN_POINT('',(34.65,0.,43.2));
#14484=CARTESIAN_POINT('',(34.65,1.,43.2));
#14485=CARTESIAN_POINT('Origin',(35.05,0.,43.2));
#14486=CARTESIAN_POINT('Origin',(25.05,1.,43.2));
#14487=CARTESIAN_POINT('',(24.65,0.,43.2));
#14488=CARTESIAN_POINT('',(24.65,1.,43.2));
#14489=CARTESIAN_POINT('Origin',(25.05,0.,43.2));
#14490=CARTESIAN_POINT('Origin',(15.05,1.,43.2));
#14491=CARTESIAN_POINT('',(14.65,0.,43.2));
#14492=CARTESIAN_POINT('',(14.65,1.,43.2));
#14493=CARTESIAN_POINT('Origin',(15.05,0.,43.2));
#14494=CARTESIAN_POINT('Origin',(20.05,1.,43.2));
#14495=CARTESIAN_POINT('',(19.65,0.,43.2));
#14496=CARTESIAN_POINT('',(19.65,1.,43.2));
#14497=CARTESIAN_POINT('Origin',(20.05,0.,43.2));
#14498=CARTESIAN_POINT('Origin',(30.05,1.,43.2));
#14499=CARTESIAN_POINT('',(29.65,0.,43.2));
#14500=CARTESIAN_POINT('',(29.65,1.,43.2));
#14501=CARTESIAN_POINT('Origin',(30.05,0.,43.2));
#14502=CARTESIAN_POINT('Origin',(40.05,1.,43.2));
#14503=CARTESIAN_POINT('',(39.65,0.,43.2));
#14504=CARTESIAN_POINT('',(39.65,1.,43.2));
#14505=CARTESIAN_POINT('Origin',(40.05,0.,43.2));
#14506=CARTESIAN_POINT('Origin',(32.55,1.,43.2));
#14507=CARTESIAN_POINT('',(32.15,0.,43.2));
#14508=CARTESIAN_POINT('',(32.15,1.,43.2));
#14509=CARTESIAN_POINT('Origin',(32.55,0.,43.2));
#14510=CARTESIAN_POINT('Origin',(22.55,1.,43.2));
#14511=CARTESIAN_POINT('',(22.15,0.,43.2));
#14512=CARTESIAN_POINT('',(22.15,1.,43.2));
#14513=CARTESIAN_POINT('Origin',(22.55,0.,43.2));
#14514=CARTESIAN_POINT('Origin',(12.55,1.,43.2));
#14515=CARTESIAN_POINT('',(12.15,0.,43.2));
#14516=CARTESIAN_POINT('',(12.15,1.,43.2));
#14517=CARTESIAN_POINT('Origin',(12.55,0.,43.2));
#14518=CARTESIAN_POINT('Origin',(8.79999999999999,1.,14.5));
#14519=CARTESIAN_POINT('',(8.8,3.5,34.5));
#14520=CARTESIAN_POINT('',(8.8,1.,34.5));
#14521=CARTESIAN_POINT('',(8.79999999999999,3.5,14.5));
#14522=CARTESIAN_POINT('',(8.79999999999999,3.5,14.5));
#14523=CARTESIAN_POINT('',(8.79999999999999,1.,14.5));
#14524=CARTESIAN_POINT('Origin',(11.3,1.,14.5));
#14525=CARTESIAN_POINT('',(11.3,3.5,14.5));
#14526=CARTESIAN_POINT('',(11.3,3.5,14.5));
#14527=CARTESIAN_POINT('',(11.3,1.,14.5));
#14528=CARTESIAN_POINT('Origin',(11.3,1.,34.5));
#14529=CARTESIAN_POINT('',(11.3,3.5,34.5));
#14530=CARTESIAN_POINT('',(11.3,3.5,34.5));
#14531=CARTESIAN_POINT('',(11.3,1.,34.5));
#14532=CARTESIAN_POINT('Origin',(8.8,1.,34.5));
#14533=CARTESIAN_POINT('',(8.8,3.5,34.5));
#14534=CARTESIAN_POINT('Origin',(10.05,3.5,24.5));
#14535=CARTESIAN_POINT('Origin',(1.49999999999998,1.,8.15000000000001));
#14536=CARTESIAN_POINT('',(1.5,3.5,40.85));
#14537=CARTESIAN_POINT('',(1.5,1.,40.85));
#14538=CARTESIAN_POINT('',(1.49999999999998,3.5,8.15000000000001));
#14539=CARTESIAN_POINT('',(1.49999999999998,3.5,8.15000000000001));
#14540=CARTESIAN_POINT('',(1.49999999999998,1.,8.15000000000001));
#14541=CARTESIAN_POINT('Origin',(6.5,1.,8.15000000000001));
#14542=CARTESIAN_POINT('',(6.5,3.5,8.15000000000001));
#14543=CARTESIAN_POINT('',(6.5,3.5,8.15000000000001));
#14544=CARTESIAN_POINT('',(6.5,1.,8.15000000000001));
#14545=CARTESIAN_POINT('Origin',(6.5,1.,40.85));
#14546=CARTESIAN_POINT('',(6.5,3.5,40.85));
#14547=CARTESIAN_POINT('',(6.5,3.5,40.85));
#14548=CARTESIAN_POINT('',(6.5,1.,40.85));
#14549=CARTESIAN_POINT('Origin',(1.5,1.,40.85));
#14550=CARTESIAN_POINT('',(1.5,3.5,40.85));
#14551=CARTESIAN_POINT('Origin',(3.99999999999999,3.5,24.5));
#14552=CARTESIAN_POINT('Origin',(39.5,1.,24.5));
#14553=CARTESIAN_POINT('Origin',(21.8,1.,3.03641288762659));
#14554=CARTESIAN_POINT('',(28.8,2.5,3.03641288762659));
#14555=CARTESIAN_POINT('',(28.8,1.,3.03641288762659));
#14556=CARTESIAN_POINT('',(21.8,2.5,3.03641288762659));
#14557=CARTESIAN_POINT('',(21.8,2.5,3.03641288762659));
#14558=CARTESIAN_POINT('',(21.8,1.,3.03641288762659));
#14559=CARTESIAN_POINT('Origin',(21.8,1.,1.66533453693773E-15));
#14560=CARTESIAN_POINT('',(21.8,2.5,1.66533453693773E-15));
#14561=CARTESIAN_POINT('',(21.8,2.5,1.66533453693773E-15));
#14562=CARTESIAN_POINT('',(21.8,1.,1.66533453693773E-15));
#14563=CARTESIAN_POINT('Origin',(28.8,1.,3.03641288762659));
#14564=CARTESIAN_POINT('',(28.8,2.5,-5.55111512312578E-16));
#14565=CARTESIAN_POINT('',(28.8,1.,-5.55111512312578E-16));
#14566=CARTESIAN_POINT('',(28.8,2.5,3.03641288762659));
#14567=CARTESIAN_POINT('Origin',(25.3,2.5,1.51820644381329));
#14568=CARTESIAN_POINT('',(79.,2.5,0.));
#14569=CARTESIAN_POINT('Origin',(12.,1.,0.138587112373411));
#14570=CARTESIAN_POINT('',(12.,2.5,3.03641288762659));
#14571=CARTESIAN_POINT('',(12.,1.,3.03641288762659));
#14572=CARTESIAN_POINT('',(12.,2.5,0.138587112373411));
#14573=CARTESIAN_POINT('',(12.,2.5,0.138587112373411));
#14574=CARTESIAN_POINT('',(12.,1.,0.138587112373411));
#14575=CARTESIAN_POINT('Origin',(19.,1.,0.138587112373407));
#14576=CARTESIAN_POINT('',(19.,2.5,0.138587112373407));
#14577=CARTESIAN_POINT('',(19.,2.5,0.138587112373407));
#14578=CARTESIAN_POINT('',(19.,1.,0.138587112373407));
#14579=CARTESIAN_POINT('Origin',(19.,1.,3.03641288762659));
#14580=CARTESIAN_POINT('',(19.,2.5,3.03641288762659));
#14581=CARTESIAN_POINT('',(19.,2.5,3.03641288762659));
#14582=CARTESIAN_POINT('',(19.,1.,3.03641288762659));
#14583=CARTESIAN_POINT('Origin',(12.,1.,3.03641288762659));
#14584=CARTESIAN_POINT('',(12.,2.5,3.03641288762659));
#14585=CARTESIAN_POINT('Origin',(15.5,2.5,1.5875));
#14586=CARTESIAN_POINT('Origin',(17.95,1.,21.15));
#14587=CARTESIAN_POINT('',(17.95,1.5,26.5));
#14588=CARTESIAN_POINT('',(17.95,1.,26.5));
#14589=CARTESIAN_POINT('',(17.95,1.5,21.15));
#14590=CARTESIAN_POINT('',(17.95,1.5,21.15));
#14591=CARTESIAN_POINT('',(17.95,1.,21.15));
#14592=CARTESIAN_POINT('Origin',(23.7053639395962,1.,21.15));
#14593=CARTESIAN_POINT('',(23.7053639395962,1.5,21.15));
#14594=CARTESIAN_POINT('',(23.7053639395962,1.5,21.15));
#14595=CARTESIAN_POINT('',(23.7053639395962,1.,21.15));
#14596=CARTESIAN_POINT('Origin',(23.7053639395962,1.,26.5));
#14597=CARTESIAN_POINT('',(23.7053639395962,1.5,26.5));
#14598=CARTESIAN_POINT('',(23.7053639395962,1.5,26.5));
#14599=CARTESIAN_POINT('',(23.7053639395962,1.,26.5));
#14600=CARTESIAN_POINT('Origin',(17.95,1.,26.5));
#14601=CARTESIAN_POINT('',(17.95,1.5,26.5));
#14602=CARTESIAN_POINT('Origin',(20.8276819697981,1.5,23.825));
#14603=CARTESIAN_POINT('Origin',(24.4349878243905,1.,11.));
#14604=CARTESIAN_POINT('',(24.4349878243905,1.,11.));
#14605=CARTESIAN_POINT('Origin',(24.4349878243905,1.,13.));
#14606=CARTESIAN_POINT('',(26.4349878243905,1.,13.));
#14607=CARTESIAN_POINT('Origin',(26.4349878243905,1.,13.5));
#14608=CARTESIAN_POINT('',(26.4349878243905,1.,13.5));
#14609=CARTESIAN_POINT('Origin',(24.4349878243905,1.,13.5));
#14610=CARTESIAN_POINT('Origin',(75.3,0.,3.7));
#14611=CARTESIAN_POINT('',(73.8,0.,3.7));
#14612=CARTESIAN_POINT('',(73.8,0.,3.7));
#14613=CARTESIAN_POINT('Origin',(75.3,0.,3.7));
#14614=CARTESIAN_POINT('Origin',(75.3,0.,45.3));
#14615=CARTESIAN_POINT('',(73.8,0.,45.3));
#14616=CARTESIAN_POINT('',(73.8,0.,45.3));
#14617=CARTESIAN_POINT('Origin',(75.3,0.,45.3));
#14618=CARTESIAN_POINT('Origin',(3.70000000000003,0.,45.3));
#14619=CARTESIAN_POINT('',(2.20000000000003,0.,45.3));
#14620=CARTESIAN_POINT('',(2.20000000000003,0.,45.3));
#14621=CARTESIAN_POINT('Origin',(3.70000000000003,0.,45.3));
#14622=CARTESIAN_POINT('Origin',(3.7,0.,3.7));
#14623=CARTESIAN_POINT('',(2.2,0.,3.7));
#14624=CARTESIAN_POINT('',(2.2,0.,3.7));
#14625=CARTESIAN_POINT('Origin',(3.7,0.,3.7));
#14626=CARTESIAN_POINT('Origin',(0.,0.,0.));
#14627=CARTESIAN_POINT('',(0.,0.,0.));
#14628=CARTESIAN_POINT('',(1.7359923303411E-30,0.,49.));
#14629=CARTESIAN_POINT('',(0.,0.,0.));
#14630=CARTESIAN_POINT('',(1.7359923303411E-30,0.,49.));
#14631=CARTESIAN_POINT('',(0.,0.,0.));
#14632=CARTESIAN_POINT('Origin',(79.,0.,0.));
#14633=CARTESIAN_POINT('',(79.,0.,0.));
#14634=CARTESIAN_POINT('',(79.,0.,0.));
#14635=CARTESIAN_POINT('',(79.,0.,0.));
#14636=CARTESIAN_POINT('Origin',(79.,0.,49.));
#14637=CARTESIAN_POINT('',(79.,0.,49.));
#14638=CARTESIAN_POINT('',(79.,0.,49.));
#14639=CARTESIAN_POINT('',(79.,0.,49.));
#14640=CARTESIAN_POINT('Origin',(1.7359923303411E-30,0.,49.));
#14641=CARTESIAN_POINT('',(0.,0.,49.));
#14642=CARTESIAN_POINT('Origin',(39.5,0.,24.5));
#14643=CARTESIAN_POINT('',(0.,1.001,0.));
#14644=UNCERTAINTY_MEASURE_WITH_UNIT(LENGTH_MEASURE(0.01),#14648,
'DISTANCE_ACCURACY_VALUE',
'Maximum model space distance between geometric entities at asserted c
onnectivities');
#14645=UNCERTAINTY_MEASURE_WITH_UNIT(LENGTH_MEASURE(0.01),#14648,
'DISTANCE_ACCURACY_VALUE',
'Maximum model space distance between geometric entities at asserted c
onnectivities');
#14646=(
GEOMETRIC_REPRESENTATION_CONTEXT(3)
GLOBAL_UNCERTAINTY_ASSIGNED_CONTEXT((#14644))
GLOBAL_UNIT_ASSIGNED_CONTEXT((#14648,#14650,#14651))
REPRESENTATION_CONTEXT('','3D')
);
#14647=(
GEOMETRIC_REPRESENTATION_CONTEXT(3)
GLOBAL_UNCERTAINTY_ASSIGNED_CONTEXT((#14645))
GLOBAL_UNIT_ASSIGNED_CONTEXT((#14648,#14650,#14651))
REPRESENTATION_CONTEXT('','3D')
);
#14648=(
LENGTH_UNIT()
NAMED_UNIT(*)
SI_UNIT(.MILLI.,.METRE.)
);
#14649=(
LENGTH_UNIT()
NAMED_UNIT(*)
SI_UNIT(.CENTI.,.METRE.)
);
#14650=(
NAMED_UNIT(*)
PLANE_ANGLE_UNIT()
SI_UNIT($,.RADIAN.)
);
#14651=(
NAMED_UNIT(*)
SI_UNIT($,.STERADIAN.)
SOLID_ANGLE_UNIT()
);
#14652=SHAPE_DEFINITION_REPRESENTATION(#14653,#14654);
#14653=PRODUCT_DEFINITION_SHAPE('',$,#14656);
#14654=SHAPE_REPRESENTATION('',(#8655),#14646);
#14655=PRODUCT_DEFINITION_CONTEXT('part definition',#14660,'design');
#14656=PRODUCT_DEFINITION('NFC PN532','NFC PN532',#14657,#14655);
#14657=PRODUCT_DEFINITION_FORMATION('',$,#14662);
#14658=PRODUCT_RELATED_PRODUCT_CATEGORY('NFC PN532','NFC PN532',(#14662));
#14659=APPLICATION_PROTOCOL_DEFINITION('international standard',
'automotive_design',2009,#14660);
#14660=APPLICATION_CONTEXT(
'Core Data for Automotive Mechanical Design Process');
#14661=PRODUCT_CONTEXT('part definition',#14660,'mechanical');
#14662=PRODUCT('NFC PN532','NFC PN532',$,(#14661));
#14663=PRESENTATION_STYLE_ASSIGNMENT((#14670));
#14664=PRESENTATION_STYLE_ASSIGNMENT((#14671));
#14665=PRESENTATION_STYLE_ASSIGNMENT((#14672));
#14666=PRESENTATION_STYLE_ASSIGNMENT((#14673));
#14667=PRESENTATION_STYLE_ASSIGNMENT((#14674));
#14668=PRESENTATION_STYLE_ASSIGNMENT((#14675));
#14669=PRESENTATION_STYLE_ASSIGNMENT((#14676));
#14670=SURFACE_STYLE_USAGE(.BOTH.,#14689);
#14671=SURFACE_STYLE_USAGE(.BOTH.,#14690);
#14672=SURFACE_STYLE_USAGE(.BOTH.,#14691);
#14673=SURFACE_STYLE_USAGE(.BOTH.,#14692);
#14674=SURFACE_STYLE_USAGE(.BOTH.,#14693);
#14675=SURFACE_STYLE_USAGE(.BOTH.,#14694);
#14676=SURFACE_STYLE_USAGE(.BOTH.,#14695);
#14677=SURFACE_STYLE_RENDERING_WITH_PROPERTIES($,#14717,(#14683));
#14678=SURFACE_STYLE_RENDERING_WITH_PROPERTIES($,#14718,(#14684));
#14679=SURFACE_STYLE_RENDERING_WITH_PROPERTIES($,#14719,(#14685));
#14680=SURFACE_STYLE_RENDERING_WITH_PROPERTIES($,#14720,(#14686));
#14681=SURFACE_STYLE_RENDERING_WITH_PROPERTIES($,#14721,(#14687));
#14682=SURFACE_STYLE_RENDERING_WITH_PROPERTIES($,#14722,(#14688));
#14683=SURFACE_STYLE_TRANSPARENT(0.);
#14684=SURFACE_STYLE_TRANSPARENT(0.);
#14685=SURFACE_STYLE_TRANSPARENT(0.);
#14686=SURFACE_STYLE_TRANSPARENT(0.);
#14687=SURFACE_STYLE_TRANSPARENT(0.);
#14688=SURFACE_STYLE_TRANSPARENT(0.);
#14689=SURFACE_SIDE_STYLE('',(#14696,#14677));
#14690=SURFACE_SIDE_STYLE('',(#14697,#14678));
#14691=SURFACE_SIDE_STYLE('',(#14698,#14679));
#14692=SURFACE_SIDE_STYLE('',(#14699,#14680));
#14693=SURFACE_SIDE_STYLE('',(#14700,#14681));
#14694=SURFACE_SIDE_STYLE('',(#14701,#14682));
#14695=SURFACE_SIDE_STYLE('',(#14702));
#14696=SURFACE_STYLE_FILL_AREA(#14703);
#14697=SURFACE_STYLE_FILL_AREA(#14704);
#14698=SURFACE_STYLE_FILL_AREA(#14705);
#14699=SURFACE_STYLE_FILL_AREA(#14706);
#14700=SURFACE_STYLE_FILL_AREA(#14707);
#14701=SURFACE_STYLE_FILL_AREA(#14708);
#14702=SURFACE_STYLE_FILL_AREA(#14709);
#14703=FILL_AREA_STYLE('',(#14710));
#14704=FILL_AREA_STYLE('',(#14711));
#14705=FILL_AREA_STYLE('',(#14712));
#14706=FILL_AREA_STYLE('',(#14713));
#14707=FILL_AREA_STYLE('',(#14714));
#14708=FILL_AREA_STYLE('',(#14715));
#14709=FILL_AREA_STYLE('',(#14716));
#14710=FILL_AREA_STYLE_COLOUR('',#14717);
#14711=FILL_AREA_STYLE_COLOUR('',#14718);
#14712=FILL_AREA_STYLE_COLOUR('',#14719);
#14713=FILL_AREA_STYLE_COLOUR('',#14720);
#14714=FILL_AREA_STYLE_COLOUR('',#14721);
#14715=FILL_AREA_STYLE_COLOUR('',#14722);
#14716=FILL_AREA_STYLE_COLOUR('',#14723);
#14717=COLOUR_RGB('',0.749019607843137,0.749019607843137,0.749019607843137);
#14718=COLOUR_RGB('',1.,1.,1.);
#14719=COLOUR_RGB('',0.109803921568627,0.0588235294117647,0.654901960784314);
#14720=COLOUR_RGB('',0.23921568627451,0.23921568627451,0.23921568627451);
#14721=COLOUR_RGB('',0.219607843137255,0.219607843137255,0.219607843137255);
#14722=COLOUR_RGB('',0.329411764705882,0.188235294117647,0.188235294117647);
#14723=COLOUR_RGB('',1.,1.,0.);
ENDSEC;
END-ISO-10303-21;
